Channel 1,Channel 2,Channel 3,Channel 4,Class,Row Number,Session,Subject
35.64453125,29.296875,4.39453125,24.4140625,0,0,6,Shawn
51.7578125,26.3671875,-5.37109375,27.34375,0,1,6,Shawn
29.296875,15.625,-8.7890625,59.5703125,0,2,6,Shawn
5.859375,4.8828125,-3.90625,69.82421875,0,3,6,Shawn
31.73828125,16.11328125,-14.16015625,33.203125,0,4,6,Shawn
57.6171875,26.85546875,-35.15625,15.625,0,5,6,Shawn
31.73828125,19.04296875,-26.3671875,38.57421875,0,6,6,Shawn
-4.39453125,15.625,-7.8125,56.15234375,0,7,6,Shawn
4.8828125,19.53125,5.859375,27.34375,0,8,6,Shawn
37.109375,18.06640625,29.296875,-7.8125,0,9,6,Shawn
27.83203125,14.6484375,33.69140625,18.06640625,0,10,6,Shawn
-12.20703125,19.53125,22.4609375,46.38671875,0,11,6,Shawn
-9.27734375,28.80859375,13.671875,32.71484375,0,12,6,Shawn
25.87890625,29.78515625,3.90625,5.37109375,0,13,6,Shawn
24.4140625,20.99609375,-1.46484375,1.46484375,0,14,6,Shawn
-5.37109375,12.20703125,-5.859375,38.57421875,0,15,6,Shawn
-16.11328125,15.625,3.90625,59.08203125,0,16,6,Shawn
8.7890625,19.04296875,20.01953125,16.6015625,0,17,6,Shawn
36.62109375,24.4140625,23.92578125,-6.34765625,0,18,6,Shawn
20.99609375,28.80859375,19.53125,35.15625,0,19,6,Shawn
-6.34765625,19.04296875,19.04296875,54.19921875,0,20,6,Shawn
3.41796875,13.18359375,10.25390625,25.390625,0,21,6,Shawn
34.66796875,18.06640625,3.90625,5.859375,0,22,6,Shawn
21.97265625,21.484375,4.8828125,32.71484375,0,23,6,Shawn
-12.20703125,8.30078125,9.27734375,54.6875,0,24,6,Shawn
-8.30078125,2.9296875,20.5078125,25.390625,0,25,6,Shawn
20.99609375,20.01953125,25.390625,4.8828125,0,26,6,Shawn
28.3203125,26.85546875,12.6953125,27.34375,0,27,6,Shawn
8.30078125,18.06640625,3.90625,73.73046875,0,28,6,Shawn
-0.48828125,14.16015625,13.671875,58.10546875,0,29,6,Shawn
30.2734375,19.53125,1.46484375,14.16015625,0,30,6,Shawn
54.6875,23.92578125,-22.4609375,28.80859375,0,31,6,Shawn
25.87890625,19.04296875,-17.578125,66.89453125,0,32,6,Shawn
1.46484375,11.71875,4.8828125,64.94140625,0,33,6,Shawn
21.97265625,14.6484375,24.4140625,21.484375,0,34,6,Shawn
43.45703125,10.7421875,24.90234375,10.25390625,0,35,6,Shawn
21.484375,7.8125,13.18359375,44.921875,0,36,6,Shawn
-7.8125,10.25390625,7.8125,65.4296875,0,37,6,Shawn
-0.48828125,-4.39453125,9.765625,32.2265625,0,38,6,Shawn
31.25,-11.23046875,11.23046875,3.90625,0,39,6,Shawn
26.85546875,-1.46484375,8.7890625,26.3671875,0,40,6,Shawn
-5.859375,11.23046875,0.9765625,65.4296875,0,41,6,Shawn
-8.30078125,9.765625,2.44140625,42.48046875,0,42,6,Shawn
24.4140625,7.8125,-5.37109375,2.9296875,0,43,6,Shawn
33.203125,13.18359375,-11.71875,16.11328125,0,44,6,Shawn
0.48828125,9.27734375,-9.27734375,46.38671875,0,45,6,Shawn
-6.34765625,20.5078125,-10.25390625,52.24609375,0,46,6,Shawn
24.4140625,23.92578125,-2.44140625,24.90234375,0,47,6,Shawn
36.1328125,6.34765625,4.8828125,14.16015625,0,48,6,Shawn
2.9296875,-6.34765625,15.625,31.73828125,0,49,6,Shawn
-27.34375,-6.8359375,22.94921875,31.73828125,0,50,6,Shawn
-0.48828125,-1.46484375,14.6484375,13.671875,0,51,6,Shawn
35.64453125,1.953125,8.30078125,11.23046875,0,52,6,Shawn
19.53125,4.39453125,15.13671875,39.55078125,0,53,6,Shawn
-7.32421875,3.41796875,14.6484375,55.6640625,0,54,6,Shawn
6.34765625,6.8359375,6.8359375,32.2265625,0,55,6,Shawn
38.57421875,6.34765625,15.625,10.25390625,0,56,6,Shawn
31.25,8.30078125,4.8828125,29.296875,0,57,6,Shawn
2.44140625,19.53125,-11.23046875,65.91796875,0,58,6,Shawn
0.9765625,16.6015625,-0.48828125,55.17578125,0,59,6,Shawn
28.80859375,5.37109375,13.671875,14.6484375,0,60,6,Shawn
37.109375,5.37109375,26.3671875,18.5546875,0,61,6,Shawn
10.7421875,5.37109375,24.90234375,55.6640625,0,62,6,Shawn
-4.39453125,-0.9765625,-8.7890625,53.7109375,0,63,6,Shawn
11.71875,1.46484375,-26.3671875,13.671875,0,64,6,Shawn
20.99609375,3.41796875,10.25390625,0.9765625,0,65,6,Shawn
-0.48828125,-3.90625,36.1328125,38.57421875,0,66,6,Shawn
-18.06640625,-18.5546875,32.2265625,55.17578125,0,67,6,Shawn
-3.90625,-16.6015625,17.08984375,12.6953125,0,68,6,Shawn
35.64453125,0.0,6.34765625,-0.9765625,0,69,6,Shawn
26.85546875,0.0,16.6015625,35.15625,0,70,6,Shawn
-29.296875,-5.859375,12.6953125,49.31640625,0,71,6,Shawn
-29.78515625,-3.41796875,-0.48828125,20.99609375,0,72,6,Shawn
8.30078125,-5.37109375,8.7890625,3.41796875,0,73,6,Shawn
20.01953125,2.44140625,19.53125,22.94921875,0,74,6,Shawn
-6.34765625,3.41796875,16.6015625,55.6640625,0,75,6,Shawn
-11.71875,-10.25390625,12.6953125,51.7578125,0,76,6,Shawn
27.34375,-13.671875,14.16015625,17.578125,0,77,6,Shawn
42.48046875,-4.8828125,7.32421875,20.01953125,0,78,6,Shawn
22.4609375,0.48828125,4.39453125,53.7109375,0,79,6,Shawn
9.765625,-3.90625,2.44140625,58.59375,0,80,6,Shawn
27.34375,-11.71875,0.0,34.66796875,0,81,6,Shawn
43.9453125,-16.11328125,1.953125,27.34375,0,82,6,Shawn
27.34375,-9.27734375,0.9765625,54.19921875,0,83,6,Shawn
5.859375,-6.34765625,-2.9296875,70.3125,0,84,6,Shawn
22.4609375,-13.18359375,4.8828125,58.10546875,0,85,6,Shawn
51.26953125,-14.16015625,11.23046875,32.2265625,0,86,6,Shawn
37.109375,-12.6953125,15.625,41.50390625,0,87,6,Shawn
5.859375,-1.46484375,23.92578125,69.3359375,0,88,6,Shawn
1.953125,0.9765625,24.4140625,52.24609375,0,89,6,Shawn
23.92578125,-10.25390625,22.4609375,11.71875,0,90,6,Shawn
28.80859375,-3.41796875,15.625,20.01953125,0,91,6,Shawn
3.90625,15.13671875,4.39453125,54.19921875,0,92,6,Shawn
-4.39453125,6.8359375,-0.9765625,35.64453125,0,93,6,Shawn
22.4609375,-5.37109375,0.48828125,0.9765625,0,94,6,Shawn
30.76171875,-1.46484375,11.23046875,3.90625,0,95,6,Shawn
-4.39453125,-8.30078125,18.06640625,41.9921875,0,96,6,Shawn
-20.99609375,-20.99609375,13.671875,46.875,0,97,6,Shawn
7.8125,-22.94921875,4.8828125,11.23046875,0,98,6,Shawn
31.73828125,-17.578125,7.32421875,2.44140625,0,99,6,Shawn
16.6015625,-12.6953125,6.8359375,31.25,0,100,6,Shawn
3.41796875,-0.48828125,-4.8828125,64.453125,0,101,6,Shawn
19.04296875,10.7421875,-6.34765625,35.64453125,0,102,6,Shawn
40.0390625,-9.27734375,6.8359375,-6.8359375,0,103,6,Shawn
33.203125,-16.6015625,19.53125,20.01953125,0,104,6,Shawn
6.34765625,-1.953125,18.06640625,62.5,0,105,6,Shawn
-0.48828125,-0.9765625,16.6015625,45.8984375,0,106,6,Shawn
23.92578125,2.44140625,19.04296875,10.25390625,0,107,6,Shawn
33.69140625,7.32421875,21.484375,26.85546875,0,108,6,Shawn
1.46484375,4.8828125,24.4140625,61.5234375,0,109,6,Shawn
-13.671875,1.46484375,16.6015625,55.17578125,0,110,6,Shawn
14.6484375,-5.859375,7.8125,21.484375,0,111,6,Shawn
38.57421875,-5.859375,9.765625,22.94921875,0,112,6,Shawn
16.6015625,-4.39453125,18.06640625,57.6171875,0,113,6,Shawn
-14.6484375,-3.41796875,15.625,62.5,0,114,6,Shawn
5.37109375,2.44140625,4.8828125,24.90234375,0,115,6,Shawn
35.15625,0.48828125,9.27734375,9.765625,0,116,6,Shawn
11.23046875,-7.32421875,6.8359375,27.34375,0,117,6,Shawn
-20.01953125,-3.41796875,10.7421875,46.38671875,0,118,6,Shawn
-6.8359375,0.0,6.8359375,27.34375,0,119,6,Shawn
26.3671875,-3.90625,-10.7421875,-2.9296875,0,120,6,Shawn
25.87890625,-12.20703125,-5.859375,18.5546875,0,121,6,Shawn
-9.27734375,-16.6015625,13.18359375,41.9921875,0,122,6,Shawn
-17.578125,-12.20703125,21.484375,28.3203125,0,123,6,Shawn
23.4375,-7.32421875,15.13671875,12.20703125,0,124,6,Shawn
43.45703125,-8.30078125,3.90625,18.5546875,0,125,6,Shawn
8.7890625,-14.6484375,6.8359375,51.7578125,0,126,6,Shawn
-10.7421875,-7.32421875,5.859375,56.15234375,0,127,6,Shawn
17.08984375,3.41796875,-3.41796875,19.53125,0,128,6,Shawn
33.69140625,3.90625,-0.48828125,5.859375,0,129,6,Shawn
7.32421875,1.953125,8.30078125,27.83203125,0,130,6,Shawn
-16.6015625,3.90625,21.484375,52.734375,0,131,6,Shawn
3.41796875,1.953125,15.625,28.3203125,0,132,6,Shawn
38.57421875,-5.37109375,8.7890625,8.30078125,0,133,6,Shawn
21.484375,-11.23046875,18.5546875,34.66796875,0,134,6,Shawn
-17.578125,-20.01953125,21.484375,50.78125,0,135,6,Shawn
-10.7421875,-23.92578125,16.6015625,30.76171875,0,136,6,Shawn
18.5546875,-18.5546875,16.6015625,5.37109375,0,137,6,Shawn
26.3671875,-9.27734375,15.13671875,23.92578125,0,138,6,Shawn
7.8125,-3.41796875,2.9296875,67.87109375,0,139,6,Shawn
5.37109375,-5.859375,1.46484375,58.10546875,0,140,6,Shawn
22.94921875,-10.7421875,12.6953125,9.765625,0,141,6,Shawn
28.80859375,-15.13671875,20.01953125,19.04296875,0,142,6,Shawn
3.41796875,-11.71875,23.4375,67.87109375,0,143,6,Shawn
-4.39453125,1.953125,11.71875,77.63671875,0,144,6,Shawn
23.4375,3.41796875,4.8828125,44.43359375,0,145,6,Shawn
44.921875,1.46484375,15.625,33.203125,0,146,6,Shawn
26.85546875,3.90625,18.5546875,63.4765625,0,147,6,Shawn
3.41796875,0.48828125,18.5546875,80.078125,0,148,6,Shawn
20.99609375,-9.765625,12.6953125,51.26953125,0,149,6,Shawn
45.8984375,-15.13671875,6.8359375,20.01953125,0,150,6,Shawn
38.57421875,-5.859375,20.99609375,35.64453125,0,151,6,Shawn
9.27734375,5.37109375,20.5078125,63.96484375,0,152,6,Shawn
3.90625,13.18359375,1.46484375,37.59765625,0,153,6,Shawn
35.15625,14.16015625,0.9765625,-0.9765625,0,154,6,Shawn
45.41015625,2.44140625,17.578125,13.18359375,0,155,6,Shawn
10.25390625,-9.765625,23.4375,50.29296875,0,156,6,Shawn
-4.39453125,-10.25390625,15.13671875,47.36328125,0,157,6,Shawn
29.78515625,-3.90625,12.6953125,14.16015625,0,158,6,Shawn
50.29296875,7.8125,18.06640625,17.578125,0,159,6,Shawn
23.92578125,17.578125,9.765625,49.31640625,0,160,6,Shawn
3.90625,12.6953125,14.16015625,59.08203125,0,161,6,Shawn
20.99609375,8.7890625,29.78515625,36.1328125,0,162,6,Shawn
45.8984375,2.44140625,27.83203125,27.34375,0,163,6,Shawn
32.71484375,-1.953125,29.78515625,52.24609375,0,164,6,Shawn
-3.41796875,1.46484375,34.66796875,66.89453125,0,165,6,Shawn
10.25390625,1.46484375,30.2734375,47.36328125,0,166,6,Shawn
43.45703125,-0.9765625,24.90234375,21.484375,0,167,6,Shawn
36.1328125,0.9765625,20.99609375,40.52734375,0,168,6,Shawn
1.953125,0.48828125,18.5546875,74.70703125,0,169,6,Shawn
-1.46484375,-2.44140625,20.5078125,50.78125,0,170,6,Shawn
30.2734375,1.953125,14.6484375,19.04296875,0,171,6,Shawn
34.66796875,-1.46484375,12.6953125,40.52734375,0,172,6,Shawn
9.27734375,-3.90625,9.765625,72.75390625,0,173,6,Shawn
6.8359375,-2.9296875,-0.48828125,75.1953125,0,174,6,Shawn
36.1328125,-3.41796875,1.46484375,31.73828125,0,175,6,Shawn
49.31640625,2.44140625,0.0,12.20703125,0,176,6,Shawn
18.06640625,5.37109375,2.44140625,46.875,0,177,6,Shawn
-4.39453125,4.8828125,11.71875,53.22265625,0,178,6,Shawn
11.23046875,2.44140625,13.18359375,15.625,0,179,6,Shawn
37.59765625,1.953125,11.23046875,-4.8828125,0,180,6,Shawn
31.25,7.32421875,6.34765625,22.94921875,0,181,6,Shawn
0.48828125,2.9296875,7.8125,47.8515625,0,182,6,Shawn
12.20703125,-6.8359375,13.671875,28.80859375,0,183,6,Shawn
44.43359375,1.953125,16.6015625,10.7421875,0,184,6,Shawn
41.9921875,7.32421875,21.484375,30.2734375,0,185,6,Shawn
7.8125,1.46484375,21.97265625,53.7109375,0,186,6,Shawn
-1.46484375,0.0,17.08984375,38.0859375,0,187,6,Shawn
27.34375,-0.9765625,3.41796875,8.30078125,0,188,6,Shawn
38.57421875,-0.48828125,7.32421875,26.85546875,0,189,6,Shawn
9.765625,1.953125,11.71875,63.4765625,0,190,6,Shawn
-8.7890625,1.953125,5.859375,65.91796875,0,191,6,Shawn
22.4609375,1.953125,-7.32421875,40.0390625,0,192,6,Shawn
48.828125,9.27734375,-22.94921875,21.484375,0,193,6,Shawn
25.87890625,9.765625,-5.37109375,50.29296875,0,194,6,Shawn
-7.8125,2.44140625,20.99609375,60.546875,0,195,6,Shawn
2.44140625,0.0,31.73828125,24.90234375,0,196,6,Shawn
32.2265625,1.953125,17.578125,12.6953125,0,197,6,Shawn
25.390625,1.953125,2.44140625,33.69140625,0,198,6,Shawn
0.48828125,5.37109375,14.6484375,54.6875,0,199,6,Shawn
5.37109375,-1.46484375,27.34375,34.1796875,0,200,6,Shawn
37.59765625,-11.71875,30.2734375,5.859375,0,201,6,Shawn
37.109375,0.48828125,31.73828125,27.83203125,0,202,6,Shawn
1.953125,10.7421875,19.53125,62.5,0,203,6,Shawn
-9.27734375,12.6953125,13.18359375,58.59375,0,204,6,Shawn
8.30078125,1.46484375,13.671875,24.4140625,0,205,6,Shawn
19.53125,-6.8359375,15.625,19.53125,0,206,6,Shawn
4.39453125,4.39453125,7.8125,53.7109375,0,207,6,Shawn
-10.7421875,9.765625,-9.27734375,55.6640625,0,208,6,Shawn
16.11328125,1.953125,-5.859375,30.2734375,0,209,6,Shawn
42.96875,-0.48828125,-4.39453125,11.71875,0,210,6,Shawn
38.0859375,7.8125,-6.34765625,37.59765625,0,211,6,Shawn
12.20703125,4.39453125,16.6015625,61.03515625,0,212,6,Shawn
-21.97265625,-4.8828125,22.94921875,5.37109375,0,213,6,Shawn
-11.71875,-1.953125,24.90234375,-25.390625,0,214,6,Shawn
-20.01953125,0.0,28.80859375,-2.9296875,0,215,6,Shawn
-62.5,-4.39453125,26.3671875,6.8359375,0,216,6,Shawn
-62.98828125,-9.27734375,43.9453125,-17.08984375,0,217,6,Shawn
-62.98828125,-33.203125,50.78125,-72.265625,0,218,6,Shawn
-84.9609375,-41.50390625,34.66796875,-85.9375,0,219,6,Shawn
-122.0703125,-27.83203125,10.7421875,-58.59375,0,220,6,Shawn
-148.4375,-26.3671875,-8.30078125,-70.80078125,0,221,6,Shawn
-138.18359375,-28.80859375,-10.7421875,-111.81640625,0,222,6,Shawn
-139.6484375,-28.80859375,10.25390625,-133.30078125,0,223,6,Shawn
-170.41015625,-32.2265625,35.15625,-110.3515625,0,224,6,Shawn
-199.21875,-54.6875,25.87890625,-113.76953125,0,225,6,Shawn
-182.6171875,-71.2890625,19.04296875,-153.80859375,0,226,6,Shawn
-151.85546875,-65.91796875,55.17578125,-148.92578125,0,227,6,Shawn
-158.69140625,-56.640625,67.3828125,-109.86328125,0,228,6,Shawn
-188.4765625,-50.29296875,44.43359375,-91.30859375,0,229,6,Shawn
-181.640625,-57.12890625,49.31640625,-121.58203125,0,230,6,Shawn
-132.32421875,-63.96484375,78.61328125,-135.7421875,0,231,6,Shawn
-111.81640625,-48.828125,68.359375,-90.33203125,0,232,6,Shawn
-119.62890625,-32.2265625,44.43359375,-28.3203125,0,233,6,Shawn
-113.76953125,-32.71484375,25.87890625,-32.71484375,0,234,6,Shawn
-64.453125,-33.69140625,20.01953125,-52.734375,0,235,6,Shawn
-41.50390625,-44.43359375,58.10546875,-44.43359375,0,236,6,Shawn
-66.40625,-56.640625,65.4296875,-19.53125,0,237,6,Shawn
-60.05859375,-50.78125,43.45703125,6.34765625,0,238,6,Shawn
-27.83203125,-52.734375,49.8046875,-15.13671875,0,239,6,Shawn
-14.16015625,-69.3359375,54.19921875,-18.06640625,0,240,6,Shawn
-20.5078125,-70.3125,48.33984375,27.83203125,0,241,6,Shawn
-32.2265625,-59.08203125,39.55078125,46.38671875,0,242,6,Shawn
-6.34765625,-51.26953125,13.671875,37.109375,0,243,6,Shawn
30.2734375,-45.41015625,-3.41796875,32.71484375,0,244,6,Shawn
22.94921875,-50.78125,14.6484375,52.734375,0,245,6,Shawn
-4.8828125,-57.12890625,16.6015625,76.66015625,0,246,6,Shawn
3.90625,-55.17578125,2.9296875,60.546875,0,247,6,Shawn
35.15625,-51.7578125,0.9765625,27.83203125,0,248,6,Shawn
26.85546875,-51.26953125,-4.8828125,30.2734375,0,249,6,Shawn
-2.44140625,-53.7109375,-13.18359375,64.453125,0,250,6,Shawn
2.9296875,-57.12890625,16.6015625,58.10546875,0,251,6,Shawn
32.71484375,-61.5234375,33.203125,30.76171875,0,252,6,Shawn
40.52734375,-61.03515625,20.01953125,34.1796875,0,253,6,Shawn
22.94921875,-56.15234375,28.80859375,65.91796875,0,254,6,Shawn
22.4609375,-45.8984375,9.27734375,82.03125,0,255,6,Shawn
40.0390625,-53.22265625,-32.2265625,53.7109375,0,256,6,Shawn
49.31640625,-60.546875,-22.4609375,47.36328125,0,257,6,Shawn
32.71484375,-59.5703125,-0.9765625,77.63671875,0,258,6,Shawn
12.6953125,-64.94140625,-13.671875,91.30859375,0,259,6,Shawn
22.4609375,-62.01171875,-24.4140625,56.640625,0,260,6,Shawn
48.828125,-57.6171875,1.953125,29.296875,0,261,6,Shawn
48.828125,-50.78125,17.578125,57.6171875,0,262,6,Shawn
25.390625,-39.55078125,4.39453125,89.35546875,0,263,6,Shawn
23.4375,-42.96875,-5.859375,74.70703125,0,264,6,Shawn
48.33984375,-62.01171875,-4.39453125,46.875,0,265,6,Shawn
60.546875,-58.10546875,-9.27734375,69.3359375,0,266,6,Shawn
34.1796875,-45.8984375,-28.80859375,99.609375,0,267,6,Shawn
16.6015625,-62.98828125,-32.2265625,81.54296875,0,268,6,Shawn
41.50390625,-80.56640625,-11.23046875,50.78125,0,269,6,Shawn
57.12890625,-67.3828125,-9.765625,49.31640625,0,270,6,Shawn
38.57421875,-58.59375,-21.97265625,62.01171875,0,271,6,Shawn
8.30078125,-76.66015625,-0.48828125,45.8984375,0,272,6,Shawn
19.04296875,-72.75390625,22.94921875,24.4140625,0,273,6,Shawn
47.8515625,-57.6171875,22.94921875,33.203125,0,274,6,Shawn
36.1328125,-50.78125,12.6953125,55.17578125,0,275,6,Shawn
6.34765625,-48.33984375,-8.7890625,56.15234375,0,276,6,Shawn
14.6484375,-50.29296875,-35.64453125,41.015625,0,277,6,Shawn
47.36328125,-46.875,-30.76171875,34.1796875,0,278,6,Shawn
45.41015625,-46.875,-24.4140625,52.734375,0,279,6,Shawn
22.4609375,-50.78125,-29.78515625,69.82421875,0,280,6,Shawn
24.90234375,-52.24609375,-38.0859375,55.17578125,0,281,6,Shawn
57.12890625,-52.734375,-32.71484375,34.1796875,0,282,6,Shawn
57.6171875,-53.7109375,-13.671875,42.48046875,0,283,6,Shawn
17.578125,-43.45703125,0.9765625,64.94140625,0,284,6,Shawn
3.90625,-32.71484375,3.90625,59.08203125,0,285,6,Shawn
28.3203125,-45.8984375,-0.9765625,26.3671875,0,286,6,Shawn
54.19921875,-49.31640625,-3.41796875,25.87890625,0,287,6,Shawn
33.69140625,-47.36328125,-15.13671875,56.15234375,0,288,6,Shawn
1.953125,-50.78125,-26.3671875,59.08203125,0,289,6,Shawn
19.53125,-57.6171875,-15.625,34.1796875,0,290,6,Shawn
42.96875,-51.26953125,-6.34765625,21.484375,0,291,6,Shawn
34.66796875,-33.69140625,6.8359375,38.0859375,0,292,6,Shawn
15.13671875,-30.76171875,4.39453125,56.640625,0,293,6,Shawn
24.90234375,-35.15625,7.32421875,43.45703125,0,294,6,Shawn
56.15234375,-32.2265625,11.71875,23.92578125,0,295,6,Shawn
50.78125,-24.90234375,-11.23046875,40.52734375,0,296,6,Shawn
8.7890625,-29.78515625,-26.85546875,58.59375,0,297,6,Shawn
-6.34765625,-41.9921875,-8.7890625,39.0625,0,298,6,Shawn
23.92578125,-49.8046875,16.6015625,16.11328125,0,299,6,Shawn
30.2734375,-50.78125,12.6953125,32.2265625,0,300,6,Shawn
4.39453125,-43.9453125,-5.37109375,54.6875,0,301,6,Shawn
-7.32421875,-32.71484375,2.9296875,46.875,0,302,6,Shawn
16.11328125,-34.66796875,10.25390625,23.92578125,0,303,6,Shawn
47.36328125,-40.0390625,4.39453125,26.85546875,0,304,6,Shawn
39.55078125,-35.64453125,3.41796875,60.05859375,0,305,6,Shawn
-4.8828125,-42.96875,4.8828125,35.64453125,0,306,6,Shawn
-5.37109375,-37.109375,14.16015625,-4.8828125,0,307,6,Shawn
23.92578125,-29.296875,13.671875,2.9296875,0,308,6,Shawn
19.53125,-32.2265625,14.16015625,25.87890625,0,309,6,Shawn
-0.9765625,-23.4375,2.44140625,42.48046875,0,310,6,Shawn
8.7890625,-17.578125,-31.25,33.203125,0,311,6,Shawn
37.109375,-27.83203125,-8.7890625,18.5546875,0,312,6,Shawn
37.109375,-41.015625,25.87890625,33.69140625,0,313,6,Shawn
20.5078125,-33.69140625,13.18359375,66.89453125,0,314,6,Shawn
19.04296875,-21.97265625,-4.8828125,62.5,0,315,6,Shawn
50.29296875,-24.4140625,11.23046875,38.0859375,0,316,6,Shawn
86.42578125,-17.08984375,31.73828125,67.87109375,0,317,6,Shawn
54.19921875,-6.34765625,17.08984375,88.37890625,0,318,6,Shawn
-2.9296875,-20.99609375,7.32421875,45.41015625,0,319,6,Shawn
5.37109375,-31.25,21.484375,10.25390625,0,320,6,Shawn
32.2265625,-21.484375,16.6015625,10.7421875,0,321,6,Shawn
15.625,-15.625,13.18359375,30.2734375,0,322,6,Shawn
-23.92578125,-12.20703125,6.34765625,33.203125,0,323,6,Shawn
-3.90625,-6.34765625,1.46484375,6.8359375,0,324,6,Shawn
34.1796875,-10.25390625,3.90625,1.953125,0,325,6,Shawn
28.3203125,-18.06640625,-3.90625,20.99609375,0,326,6,Shawn
-0.9765625,-5.859375,-11.71875,26.85546875,0,327,6,Shawn
1.953125,-2.9296875,-28.80859375,21.484375,0,328,6,Shawn
33.69140625,-5.37109375,-40.52734375,11.23046875,0,329,6,Shawn
31.25,-6.34765625,-31.73828125,11.71875,0,330,6,Shawn
3.41796875,-10.7421875,-5.37109375,21.484375,0,331,6,Shawn
-1.953125,-15.13671875,17.578125,13.671875,0,332,6,Shawn
25.87890625,-14.16015625,16.6015625,-12.6953125,0,333,6,Shawn
47.36328125,-11.71875,-1.953125,7.32421875,0,334,6,Shawn
26.85546875,-18.5546875,-2.9296875,46.875,0,335,6,Shawn
5.859375,-17.578125,11.23046875,43.9453125,0,336,6,Shawn
18.5546875,-9.27734375,12.20703125,16.11328125,0,337,6,Shawn
38.57421875,-7.8125,-12.20703125,13.18359375,0,338,6,Shawn
32.71484375,-10.7421875,-4.8828125,34.66796875,0,339,6,Shawn
15.13671875,-1.46484375,28.3203125,48.33984375,0,340,6,Shawn
26.85546875,3.90625,41.015625,41.50390625,0,341,6,Shawn
49.8046875,1.46484375,29.296875,19.04296875,0,342,6,Shawn
37.109375,0.48828125,17.08984375,31.25,0,343,6,Shawn
4.39453125,-1.46484375,25.87890625,50.78125,0,344,6,Shawn
4.8828125,-2.44140625,15.625,38.57421875,0,345,6,Shawn
48.828125,6.34765625,13.671875,34.1796875,0,346,6,Shawn
66.40625,8.30078125,27.34375,54.19921875,0,347,6,Shawn
24.90234375,-2.44140625,31.73828125,70.3125,0,348,6,Shawn
-9.27734375,-11.71875,12.6953125,51.7578125,0,349,6,Shawn
17.578125,-23.92578125,8.7890625,31.73828125,0,350,6,Shawn
43.9453125,-26.85546875,29.78515625,32.71484375,0,351,6,Shawn
13.671875,-20.01953125,41.9921875,43.9453125,0,352,6,Shawn
-9.765625,-14.16015625,36.62109375,54.6875,0,353,6,Shawn
10.25390625,-3.41796875,8.30078125,34.66796875,0,354,6,Shawn
40.52734375,-0.48828125,10.7421875,24.90234375,0,355,6,Shawn
25.390625,0.9765625,22.94921875,27.34375,0,356,6,Shawn
-5.859375,5.859375,30.2734375,33.69140625,0,357,6,Shawn
6.34765625,5.37109375,41.015625,33.69140625,0,358,6,Shawn
37.109375,-1.953125,32.2265625,10.25390625,0,359,6,Shawn
36.1328125,-8.7890625,24.90234375,10.7421875,0,360,6,Shawn
4.39453125,-11.71875,21.484375,29.78515625,0,361,6,Shawn
4.8828125,-7.8125,17.578125,26.85546875,0,362,6,Shawn
42.48046875,-1.46484375,32.71484375,16.11328125,0,363,6,Shawn
54.19921875,1.953125,37.59765625,26.3671875,0,364,6,Shawn
24.90234375,-10.25390625,17.578125,49.8046875,0,365,6,Shawn
6.34765625,-14.16015625,22.4609375,49.8046875,0,366,6,Shawn
37.59765625,-6.34765625,41.50390625,23.4375,0,367,6,Shawn
61.03515625,-1.46484375,42.96875,10.25390625,0,368,6,Shawn
43.45703125,7.32421875,22.4609375,38.57421875,0,369,6,Shawn
18.5546875,1.953125,27.83203125,58.10546875,0,370,6,Shawn
21.484375,-0.48828125,42.48046875,34.66796875,0,371,6,Shawn
38.57421875,-0.48828125,16.11328125,18.5546875,0,372,6,Shawn
31.73828125,-1.953125,3.41796875,40.52734375,0,373,6,Shawn
11.71875,-2.44140625,9.765625,71.2890625,0,374,6,Shawn
13.18359375,-9.765625,22.94921875,52.734375,0,375,6,Shawn
43.9453125,-2.9296875,43.9453125,24.4140625,0,376,6,Shawn
50.78125,13.671875,42.96875,48.828125,0,377,6,Shawn
14.16015625,3.90625,38.57421875,68.359375,0,378,6,Shawn
3.90625,-5.859375,40.0390625,48.33984375,0,379,6,Shawn
38.0859375,7.32421875,34.66796875,30.2734375,0,380,6,Shawn
59.5703125,9.765625,26.3671875,39.0625,0,381,6,Shawn
34.66796875,0.48828125,23.92578125,56.15234375,0,382,6,Shawn
10.25390625,-5.859375,28.80859375,59.5703125,0,383,6,Shawn
28.80859375,0.9765625,3.90625,31.25,0,384,6,Shawn
43.9453125,-14.16015625,-4.39453125,12.20703125,0,385,6,Shawn
31.25,-28.3203125,30.76171875,40.0390625,0,386,6,Shawn
17.08984375,-13.671875,50.29296875,72.265625,0,387,6,Shawn
16.6015625,5.859375,57.12890625,30.76171875,0,388,6,Shawn
34.1796875,6.8359375,56.640625,-8.30078125,0,389,6,Shawn
41.50390625,-10.25390625,54.19921875,17.578125,0,390,6,Shawn
15.13671875,-6.8359375,41.015625,41.9921875,0,391,6,Shawn
10.25390625,4.39453125,20.5078125,22.4609375,0,392,6,Shawn
40.52734375,0.48828125,19.53125,3.41796875,0,393,6,Shawn
51.7578125,-6.34765625,10.7421875,26.85546875,0,394,6,Shawn
20.99609375,-6.34765625,-0.48828125,46.38671875,0,395,6,Shawn
10.7421875,0.0,12.20703125,48.33984375,0,396,6,Shawn
46.875,0.0,-0.9765625,36.1328125,0,397,6,Shawn
64.453125,-5.859375,-9.765625,38.57421875,0,398,6,Shawn
38.57421875,-3.90625,11.71875,60.546875,0,399,6,Shawn
14.16015625,-12.6953125,27.34375,58.59375,0,400,6,Shawn
17.08984375,-23.4375,41.50390625,29.296875,0,401,6,Shawn
39.55078125,-27.34375,41.015625,11.23046875,0,402,6,Shawn
39.55078125,-26.85546875,26.85546875,39.55078125,0,403,6,Shawn
14.16015625,-26.3671875,20.5078125,65.4296875,0,404,6,Shawn
17.578125,-37.109375,16.6015625,42.96875,0,405,6,Shawn
40.0390625,-31.25,21.97265625,15.625,0,406,6,Shawn
45.8984375,-24.4140625,24.90234375,21.484375,0,407,6,Shawn
27.34375,-30.76171875,20.01953125,51.7578125,0,408,6,Shawn
4.39453125,-37.59765625,10.25390625,44.921875,0,409,6,Shawn
26.85546875,-43.9453125,3.90625,33.203125,0,410,6,Shawn
51.26953125,-37.109375,11.71875,49.31640625,0,411,6,Shawn
36.62109375,-37.109375,25.390625,67.3828125,0,412,6,Shawn
18.06640625,-53.22265625,30.76171875,72.75390625,0,413,6,Shawn
37.59765625,-61.5234375,22.94921875,41.50390625,0,414,6,Shawn
55.17578125,-61.5234375,14.16015625,36.62109375,0,415,6,Shawn
40.52734375,-69.82421875,11.23046875,74.70703125,0,416,6,Shawn
30.76171875,-83.0078125,17.578125,77.1484375,0,417,6,Shawn
46.38671875,-84.47265625,17.578125,44.43359375,0,418,6,Shawn
69.82421875,-81.0546875,22.4609375,32.71484375,0,419,6,Shawn
58.59375,-89.35546875,48.33984375,53.22265625,0,420,6,Shawn
25.390625,-100.09765625,60.546875,77.1484375,0,421,6,Shawn
35.15625,-103.02734375,36.62109375,62.01171875,0,422,6,Shawn
73.2421875,-105.95703125,21.484375,43.45703125,0,423,6,Shawn
76.171875,-105.46875,33.203125,60.546875,0,424,6,Shawn
42.48046875,-110.83984375,30.2734375,83.984375,0,425,6,Shawn
24.90234375,-115.234375,16.6015625,78.125,0,426,6,Shawn
56.640625,-115.234375,17.578125,45.41015625,0,427,6,Shawn
76.171875,-118.1640625,21.97265625,41.50390625,0,428,6,Shawn
38.0859375,-123.53515625,18.5546875,56.15234375,0,429,6,Shawn
10.25390625,-131.8359375,18.06640625,47.8515625,0,430,6,Shawn
30.2734375,-136.71875,26.3671875,25.390625,0,431,6,Shawn
53.7109375,-144.04296875,23.92578125,20.99609375,0,432,6,Shawn
33.69140625,-152.34375,32.71484375,41.50390625,0,433,6,Shawn
1.953125,-149.90234375,35.64453125,57.12890625,0,434,6,Shawn
16.6015625,-147.4609375,20.01953125,36.1328125,0,435,6,Shawn
46.875,-151.3671875,14.6484375,18.5546875,0,436,6,Shawn
39.55078125,-156.25,6.8359375,30.2734375,0,437,6,Shawn
11.23046875,-156.25,9.765625,46.875,0,438,6,Shawn
18.5546875,-168.45703125,28.3203125,39.0625,0,439,6,Shawn
46.875,-175.29296875,44.921875,13.18359375,0,440,6,Shawn
41.015625,-155.2734375,58.10546875,16.6015625,0,441,6,Shawn
17.578125,-144.53125,56.640625,42.48046875,0,442,6,Shawn
8.30078125,-150.390625,26.3671875,39.55078125,0,443,6,Shawn
28.80859375,-148.4375,-8.30078125,16.11328125,0,444,6,Shawn
49.31640625,-142.08984375,7.32421875,27.83203125,0,445,6,Shawn
28.80859375,-134.27734375,33.203125,54.6875,0,446,6,Shawn
0.0,-133.7890625,28.3203125,43.45703125,0,447,6,Shawn
19.04296875,-136.71875,24.4140625,22.4609375,0,448,6,Shawn
44.921875,-142.578125,25.390625,18.06640625,0,449,6,Shawn
18.06640625,-153.80859375,22.4609375,26.85546875,0,450,6,Shawn
-7.8125,-159.66796875,33.203125,49.8046875,0,451,6,Shawn
21.484375,-142.578125,46.38671875,48.33984375,0,452,6,Shawn
52.24609375,-113.28125,33.69140625,27.34375,0,453,6,Shawn
27.83203125,-103.515625,24.90234375,19.04296875,0,454,6,Shawn
-28.80859375,-104.4921875,30.76171875,20.5078125,0,455,6,Shawn
-32.2265625,-92.28515625,35.15625,15.13671875,0,456,6,Shawn
6.34765625,-84.9609375,28.3203125,-8.30078125,0,457,6,Shawn
11.23046875,-83.984375,24.90234375,0.0,0,458,6,Shawn
-6.34765625,-74.21875,21.484375,37.59765625,0,459,6,Shawn
-20.01953125,-73.73046875,8.30078125,27.83203125,0,460,6,Shawn
16.11328125,-69.82421875,3.41796875,1.46484375,0,461,6,Shawn
57.6171875,-57.6171875,4.39453125,13.18359375,0,462,6,Shawn
28.3203125,-57.12890625,-0.9765625,44.921875,0,463,6,Shawn
-10.25390625,-61.03515625,-25.87890625,42.48046875,0,464,6,Shawn
15.13671875,-60.05859375,-22.4609375,7.8125,0,465,6,Shawn
52.734375,-46.38671875,0.0,5.859375,0,466,6,Shawn
35.15625,-42.48046875,15.13671875,26.3671875,0,467,6,Shawn
1.953125,-50.78125,47.36328125,34.1796875,0,468,6,Shawn
11.23046875,-46.38671875,43.45703125,19.04296875,0,469,6,Shawn
37.109375,-33.203125,21.97265625,2.44140625,0,470,6,Shawn
45.41015625,-28.80859375,23.4375,27.83203125,0,471,6,Shawn
17.578125,-38.0859375,29.78515625,49.31640625,0,472,6,Shawn
3.90625,-41.50390625,29.78515625,38.0859375,0,473,6,Shawn
37.109375,-40.0390625,24.4140625,19.53125,0,474,6,Shawn
51.26953125,-31.73828125,27.34375,15.625,0,475,6,Shawn
28.80859375,-9.765625,29.296875,55.17578125,0,476,6,Shawn
13.671875,-14.16015625,23.4375,59.5703125,0,477,6,Shawn
26.3671875,-25.87890625,15.625,20.5078125,0,478,6,Shawn
44.921875,-20.5078125,10.7421875,27.34375,0,479,6,Shawn
30.2734375,-10.7421875,12.6953125,54.6875,0,480,6,Shawn
7.8125,-10.25390625,19.53125,62.01171875,0,481,6,Shawn
20.99609375,-19.53125,25.87890625,45.8984375,0,482,6,Shawn
49.31640625,-23.4375,30.2734375,32.71484375,0,483,6,Shawn
46.38671875,-17.08984375,24.90234375,54.19921875,0,484,6,Shawn
11.71875,-10.7421875,29.296875,77.63671875,0,485,6,Shawn
15.13671875,-5.37109375,36.1328125,61.03515625,0,486,6,Shawn
54.19921875,-2.44140625,27.34375,31.73828125,0,487,6,Shawn
42.96875,-12.6953125,16.11328125,37.59765625,0,488,6,Shawn
0.48828125,-25.87890625,20.5078125,62.5,0,489,6,Shawn
-3.41796875,-20.5078125,19.53125,58.10546875,0,490,6,Shawn
29.296875,-5.37109375,10.25390625,29.78515625,0,491,6,Shawn
50.29296875,0.9765625,17.08984375,27.34375,0,492,6,Shawn
34.1796875,6.8359375,24.4140625,53.7109375,0,493,6,Shawn
16.6015625,8.30078125,22.94921875,61.03515625,0,494,6,Shawn
28.3203125,-0.48828125,15.13671875,37.59765625,0,495,6,Shawn
57.6171875,4.8828125,15.625,38.0859375,0,496,6,Shawn
47.8515625,17.578125,22.4609375,57.12890625,0,497,6,Shawn
2.44140625,6.34765625,26.85546875,45.41015625,0,498,6,Shawn
-0.9765625,3.41796875,29.78515625,21.484375,0,499,6,Shawn
36.1328125,6.34765625,35.64453125,19.04296875,0,500,6,Shawn
32.71484375,-1.953125,36.1328125,38.57421875,0,501,6,Shawn
-4.39453125,-7.32421875,21.97265625,52.734375,0,502,6,Shawn
-1.953125,-9.765625,16.6015625,36.62109375,0,503,6,Shawn
29.78515625,-3.41796875,14.16015625,16.11328125,0,504,6,Shawn
34.1796875,5.859375,8.7890625,21.484375,0,505,6,Shawn
1.46484375,9.27734375,20.99609375,43.45703125,0,506,6,Shawn
-2.9296875,10.25390625,34.66796875,53.7109375,0,507,6,Shawn
28.80859375,8.30078125,40.52734375,29.296875,0,508,6,Shawn
43.9453125,11.23046875,24.4140625,20.5078125,0,509,6,Shawn
19.04296875,3.90625,3.90625,44.43359375,0,510,6,Shawn
-14.6484375,-3.41796875,13.18359375,56.640625,0,511,6,Shawn
11.23046875,2.9296875,23.4375,41.50390625,0,512,6,Shawn
41.9921875,5.859375,27.83203125,20.5078125,0,513,6,Shawn
16.6015625,11.71875,18.5546875,28.80859375,0,514,6,Shawn
-13.18359375,14.16015625,17.08984375,52.24609375,0,515,6,Shawn
-0.48828125,1.953125,22.94921875,28.3203125,0,516,6,Shawn
33.203125,0.0,26.3671875,1.953125,0,517,6,Shawn
43.45703125,23.92578125,33.69140625,22.4609375,0,518,6,Shawn
12.20703125,33.69140625,25.87890625,41.50390625,0,519,6,Shawn
-2.44140625,15.625,22.94921875,38.0859375,0,520,6,Shawn
40.52734375,0.9765625,18.5546875,29.296875,0,521,6,Shawn
68.359375,7.8125,-1.46484375,44.43359375,0,522,6,Shawn
38.57421875,17.578125,5.859375,72.75390625,0,523,6,Shawn
-2.9296875,10.25390625,23.4375,50.78125,0,524,6,Shawn
6.8359375,4.8828125,26.3671875,0.9765625,0,525,6,Shawn
45.8984375,10.7421875,31.25,16.11328125,0,526,6,Shawn
33.203125,12.20703125,35.64453125,69.3359375,0,527,6,Shawn
-2.44140625,11.71875,38.57421875,66.89453125,0,528,6,Shawn
15.13671875,8.7890625,32.2265625,42.48046875,0,529,6,Shawn
45.41015625,6.8359375,18.06640625,47.8515625,0,530,6,Shawn
30.2734375,3.90625,15.625,55.6640625,0,531,6,Shawn
14.6484375,6.34765625,26.3671875,74.21875,0,532,6,Shawn
30.2734375,12.20703125,27.83203125,67.87109375,0,533,6,Shawn
55.6640625,10.7421875,20.5078125,46.38671875,0,534,6,Shawn
62.5,15.13671875,22.4609375,69.3359375,0,535,6,Shawn
28.3203125,15.13671875,19.04296875,86.9140625,0,536,6,Shawn
8.7890625,5.859375,17.578125,74.70703125,0,537,6,Shawn
39.55078125,2.44140625,20.01953125,51.7578125,0,538,6,Shawn
55.17578125,1.46484375,11.23046875,50.29296875,0,539,6,Shawn
26.85546875,11.23046875,12.6953125,77.63671875,0,540,6,Shawn
11.71875,11.71875,17.578125,67.3828125,0,541,6,Shawn
33.69140625,2.9296875,17.578125,28.80859375,0,542,6,Shawn
55.17578125,8.30078125,15.13671875,25.87890625,0,543,6,Shawn
43.9453125,19.53125,18.5546875,62.01171875,0,544,6,Shawn
21.97265625,19.53125,26.3671875,78.125,0,545,6,Shawn
27.83203125,8.7890625,9.765625,52.24609375,0,546,6,Shawn
58.59375,6.34765625,2.9296875,40.0390625,0,547,6,Shawn
60.546875,17.08984375,9.27734375,54.6875,0,548,6,Shawn
27.34375,17.08984375,11.23046875,60.546875,0,549,6,Shawn
16.11328125,11.23046875,24.90234375,32.2265625,0,550,6,Shawn
50.29296875,18.06640625,38.57421875,21.97265625,0,551,6,Shawn
58.10546875,9.765625,30.76171875,44.43359375,0,552,6,Shawn
16.6015625,-0.9765625,3.41796875,55.6640625,0,553,6,Shawn
6.8359375,3.41796875,4.39453125,52.24609375,0,554,6,Shawn
38.0859375,14.16015625,25.87890625,37.109375,0,555,6,Shawn
58.10546875,23.4375,28.3203125,43.9453125,0,556,6,Shawn
30.2734375,20.99609375,15.625,69.3359375,0,557,6,Shawn
0.0,9.765625,18.5546875,70.3125,0,558,6,Shawn
12.20703125,1.953125,20.01953125,41.015625,0,559,6,Shawn
36.62109375,9.765625,8.7890625,22.94921875,0,560,6,Shawn
30.2734375,16.11328125,21.97265625,48.33984375,0,561,6,Shawn
6.8359375,15.13671875,40.52734375,66.40625,0,562,6,Shawn
-2.44140625,13.18359375,32.2265625,29.78515625,0,563,6,Shawn
26.3671875,16.11328125,19.53125,9.27734375,0,564,6,Shawn
32.71484375,11.23046875,7.32421875,31.73828125,0,565,6,Shawn
-2.44140625,9.27734375,-1.953125,43.9453125,0,566,6,Shawn
-5.37109375,16.11328125,7.32421875,33.69140625,0,567,6,Shawn
23.4375,14.16015625,14.16015625,5.859375,0,568,6,Shawn
41.015625,6.34765625,9.765625,21.484375,0,569,6,Shawn
20.01953125,-3.90625,-2.44140625,63.4765625,0,570,6,Shawn
-6.34765625,-1.953125,-9.765625,42.48046875,0,571,6,Shawn
19.53125,15.625,11.71875,10.25390625,0,572,6,Shawn
50.78125,21.484375,31.73828125,20.5078125,0,573,6,Shawn
17.08984375,16.6015625,23.4375,35.64453125,0,574,6,Shawn
-8.7890625,6.8359375,20.01953125,48.33984375,0,575,6,Shawn
9.765625,3.41796875,14.16015625,25.390625,0,576,6,Shawn
35.15625,13.671875,17.578125,9.27734375,0,577,6,Shawn
25.390625,14.16015625,17.08984375,31.73828125,0,578,6,Shawn
-11.71875,1.953125,3.90625,42.96875,0,579,6,Shawn
-9.765625,-4.39453125,10.7421875,25.390625,0,580,6,Shawn
19.53125,-2.44140625,15.625,10.25390625,0,581,6,Shawn
32.71484375,-2.44140625,-5.859375,33.203125,0,582,6,Shawn
14.6484375,6.8359375,-10.7421875,44.921875,0,583,6,Shawn
4.8828125,9.27734375,8.7890625,38.57421875,0,584,6,Shawn
36.1328125,1.953125,20.5078125,31.73828125,0,585,6,Shawn
40.52734375,5.859375,12.6953125,34.1796875,0,586,6,Shawn
4.39453125,14.6484375,16.6015625,51.26953125,0,587,6,Shawn
-15.13671875,12.6953125,28.80859375,41.9921875,0,588,6,Shawn
4.39453125,8.30078125,20.01953125,17.08984375,0,589,6,Shawn
25.390625,8.7890625,18.5546875,21.484375,0,590,6,Shawn
8.7890625,6.34765625,26.85546875,48.33984375,0,591,6,Shawn
-13.671875,8.30078125,13.18359375,60.05859375,0,592,6,Shawn
1.953125,4.8828125,3.90625,31.25,0,593,6,Shawn
37.109375,4.39453125,9.27734375,9.27734375,0,594,6,Shawn
22.4609375,14.16015625,15.13671875,23.92578125,0,595,6,Shawn
-6.8359375,13.671875,24.90234375,52.24609375,0,596,6,Shawn
28.80859375,13.671875,33.203125,72.265625,0,597,6,Shawn
59.5703125,14.16015625,25.87890625,40.0390625,0,598,6,Shawn
6.34765625,2.44140625,13.671875,-12.20703125,0,599,6,Shawn
-41.015625,-1.953125,23.92578125,-1.46484375,0,600,6,Shawn
-34.1796875,9.27734375,27.34375,13.18359375,0,601,6,Shawn
-15.13671875,16.11328125,2.9296875,-18.06640625,0,602,6,Shawn
-8.7890625,17.08984375,-11.23046875,-25.87890625,0,603,6,Shawn
-28.80859375,12.20703125,-5.859375,-9.27734375,0,604,6,Shawn
-59.08203125,0.9765625,2.44140625,-18.5546875,0,605,6,Shawn
-33.69140625,-6.8359375,6.8359375,-33.203125,0,606,6,Shawn
-14.6484375,12.6953125,-9.27734375,-45.8984375,0,607,6,Shawn
-30.2734375,20.99609375,-1.46484375,-27.34375,0,608,6,Shawn
-41.50390625,10.25390625,13.18359375,-7.32421875,0,609,6,Shawn
-34.66796875,9.765625,-6.8359375,-34.1796875,0,610,6,Shawn
-2.44140625,9.765625,-7.8125,-37.109375,0,611,6,Shawn
-10.25390625,7.8125,7.8125,-1.46484375,0,612,6,Shawn
-41.9921875,9.27734375,12.6953125,25.390625,0,613,6,Shawn
-33.69140625,12.6953125,17.08984375,13.18359375,0,614,6,Shawn
5.37109375,17.578125,18.5546875,-4.39453125,0,615,6,Shawn
20.01953125,14.6484375,18.06640625,14.6484375,0,616,6,Shawn
-7.32421875,11.23046875,21.97265625,44.43359375,0,617,6,Shawn
-20.5078125,5.859375,16.11328125,43.45703125,0,618,6,Shawn
15.625,8.30078125,8.30078125,23.92578125,0,619,6,Shawn
56.640625,29.78515625,11.71875,32.71484375,0,620,6,Shawn
41.015625,24.4140625,11.71875,55.6640625,0,621,6,Shawn
0.48828125,7.8125,7.8125,50.78125,0,622,6,Shawn
17.578125,-0.48828125,10.25390625,29.78515625,0,623,6,Shawn
46.875,1.46484375,2.44140625,26.3671875,0,624,6,Shawn
35.64453125,5.37109375,-5.37109375,52.734375,0,625,6,Shawn
12.6953125,7.8125,6.34765625,65.91796875,0,626,6,Shawn
19.04296875,16.6015625,24.4140625,44.43359375,0,627,6,Shawn
50.29296875,14.6484375,21.97265625,27.34375,0,628,6,Shawn
50.29296875,10.7421875,14.6484375,40.52734375,0,629,6,Shawn
17.578125,7.8125,9.765625,56.640625,0,630,6,Shawn
9.765625,10.7421875,9.27734375,47.8515625,0,631,6,Shawn
30.76171875,2.9296875,13.671875,23.4375,0,632,6,Shawn
34.66796875,-1.953125,12.20703125,24.90234375,0,633,6,Shawn
14.16015625,9.27734375,13.671875,55.17578125,0,634,6,Shawn
2.44140625,11.71875,14.16015625,51.7578125,0,635,6,Shawn
21.484375,13.18359375,15.13671875,23.4375,0,636,6,Shawn
41.015625,21.97265625,12.6953125,25.390625,0,637,6,Shawn
23.92578125,17.578125,12.20703125,47.36328125,0,638,6,Shawn
-0.48828125,15.13671875,25.87890625,50.78125,0,639,6,Shawn
17.578125,14.16015625,30.76171875,36.1328125,0,640,6,Shawn
46.38671875,11.23046875,17.578125,29.78515625,0,641,6,Shawn
30.76171875,7.32421875,-5.859375,42.48046875,0,642,6,Shawn
0.48828125,9.27734375,-3.90625,53.22265625,0,643,6,Shawn
9.765625,13.671875,14.16015625,33.203125,0,644,6,Shawn
40.0390625,6.34765625,14.6484375,13.18359375,0,645,6,Shawn
41.50390625,8.7890625,13.18359375,28.80859375,0,646,6,Shawn
7.32421875,9.765625,18.5546875,52.24609375,0,647,6,Shawn
1.953125,7.8125,29.78515625,47.36328125,0,648,6,Shawn
26.3671875,13.671875,21.97265625,19.04296875,0,649,6,Shawn
42.48046875,8.30078125,12.20703125,28.3203125,0,650,6,Shawn
27.34375,5.859375,16.11328125,57.12890625,0,651,6,Shawn
2.44140625,5.37109375,8.7890625,54.19921875,0,652,6,Shawn
19.04296875,0.9765625,-2.44140625,29.296875,0,653,6,Shawn
33.203125,0.0,-7.8125,18.06640625,0,654,6,Shawn
15.625,2.9296875,2.9296875,41.50390625,0,655,6,Shawn
-6.8359375,13.18359375,24.90234375,52.24609375,0,656,6,Shawn
3.90625,14.6484375,23.92578125,25.390625,0,657,6,Shawn
36.62109375,-3.41796875,16.11328125,17.578125,0,658,6,Shawn
29.296875,-11.71875,21.484375,47.8515625,0,659,6,Shawn
12.6953125,3.41796875,28.3203125,80.56640625,0,660,6,Shawn
20.99609375,19.53125,23.4375,63.96484375,0,661,6,Shawn
25.390625,12.20703125,12.6953125,11.71875,0,662,6,Shawn
4.8828125,7.32421875,13.671875,7.32421875,0,663,6,Shawn
-27.83203125,11.71875,10.7421875,30.2734375,0,664,6,Shawn
-25.87890625,11.23046875,4.39453125,35.15625,0,665,6,Shawn
11.71875,10.7421875,13.18359375,15.625,0,666,6,Shawn
23.4375,20.99609375,6.8359375,-4.39453125,0,667,6,Shawn
4.39453125,30.76171875,-14.16015625,27.34375,0,668,6,Shawn
-3.90625,28.80859375,-15.625,47.8515625,0,669,6,Shawn
18.06640625,21.484375,-16.6015625,13.18359375,0,670,6,Shawn
45.41015625,23.92578125,-6.34765625,20.01953125,0,671,6,Shawn
36.1328125,23.4375,2.9296875,53.22265625,0,672,6,Shawn
2.44140625,10.25390625,-18.5546875,57.12890625,0,673,6,Shawn
4.8828125,6.34765625,-24.90234375,29.78515625,0,674,6,Shawn
36.1328125,12.20703125,-11.71875,12.6953125,0,675,6,Shawn
37.109375,19.53125,8.30078125,30.2734375,0,676,6,Shawn
11.23046875,15.625,26.85546875,48.828125,0,677,6,Shawn
7.32421875,4.39453125,21.97265625,31.25,0,678,6,Shawn
32.2265625,18.5546875,11.71875,-3.41796875,0,679,6,Shawn
38.57421875,33.69140625,14.16015625,6.8359375,0,680,6,Shawn
18.5546875,25.87890625,11.71875,49.8046875,0,681,6,Shawn
8.7890625,18.06640625,2.9296875,46.38671875,0,682,6,Shawn
27.83203125,17.08984375,-3.41796875,11.71875,0,683,6,Shawn
54.6875,20.99609375,-3.90625,18.5546875,0,684,6,Shawn
33.203125,20.01953125,9.765625,38.57421875,0,685,6,Shawn
-6.34765625,7.8125,19.53125,40.0390625,0,686,6,Shawn
2.44140625,8.7890625,8.7890625,15.13671875,0,687,6,Shawn
36.1328125,19.53125,11.71875,9.765625,0,688,6,Shawn
37.59765625,9.765625,17.578125,41.50390625,0,689,6,Shawn
5.37109375,4.8828125,2.9296875,55.6640625,0,690,6,Shawn
2.9296875,19.53125,-17.578125,29.78515625,0,691,6,Shawn
39.0625,26.85546875,-7.32421875,16.11328125,0,692,6,Shawn
38.0859375,21.97265625,17.578125,44.43359375,0,693,6,Shawn
0.48828125,6.8359375,21.97265625,63.96484375,0,694,6,Shawn
-0.48828125,-2.9296875,25.390625,48.828125,0,695,6,Shawn
33.69140625,10.7421875,32.71484375,33.69140625,0,696,6,Shawn
44.921875,21.97265625,26.3671875,39.0625,0,697,6,Shawn
13.18359375,19.53125,21.97265625,62.01171875,0,698,6,Shawn
-2.44140625,15.625,20.01953125,65.91796875,0,699,6,Shawn
24.90234375,8.30078125,0.0,38.57421875,0,700,6,Shawn
41.50390625,1.953125,-6.8359375,32.2265625,0,701,6,Shawn
20.5078125,-3.90625,13.18359375,50.29296875,0,702,6,Shawn
2.44140625,-14.16015625,15.625,59.08203125,0,703,6,Shawn
16.11328125,-18.06640625,9.765625,35.64453125,0,704,6,Shawn
48.33984375,4.8828125,20.99609375,13.18359375,0,705,6,Shawn
37.59765625,25.390625,24.90234375,33.69140625,0,706,6,Shawn
0.48828125,23.92578125,28.3203125,57.6171875,0,707,6,Shawn
2.9296875,10.25390625,32.71484375,43.45703125,0,708,6,Shawn
39.0625,12.20703125,27.83203125,23.92578125,0,709,6,Shawn
42.48046875,10.7421875,17.578125,33.203125,0,710,6,Shawn
7.8125,11.23046875,14.6484375,64.453125,0,711,6,Shawn
7.8125,20.01953125,15.13671875,71.77734375,0,712,6,Shawn
46.38671875,19.04296875,20.99609375,41.50390625,0,713,6,Shawn
49.31640625,13.18359375,16.6015625,21.97265625,0,714,6,Shawn
14.16015625,10.7421875,20.5078125,45.8984375,0,715,6,Shawn
1.953125,1.953125,25.87890625,65.91796875,0,716,6,Shawn
19.04296875,5.37109375,29.78515625,36.1328125,0,717,6,Shawn
33.203125,25.390625,35.64453125,20.5078125,0,718,6,Shawn
27.83203125,22.94921875,18.06640625,51.26953125,0,719,6,Shawn
12.20703125,20.99609375,1.953125,66.89453125,0,720,6,Shawn
31.73828125,24.90234375,13.671875,52.24609375,0,721,6,Shawn
60.05859375,15.625,27.83203125,40.52734375,0,722,6,Shawn
38.57421875,-3.90625,34.1796875,54.6875,0,723,6,Shawn
-0.48828125,-14.6484375,38.57421875,72.265625,0,724,6,Shawn
0.48828125,-3.90625,25.390625,45.8984375,0,725,6,Shawn
30.2734375,19.53125,16.6015625,16.6015625,0,726,6,Shawn
41.50390625,24.90234375,34.66796875,32.2265625,0,727,6,Shawn
14.16015625,15.625,41.9921875,55.6640625,0,728,6,Shawn
-7.8125,9.27734375,29.296875,34.66796875,0,729,6,Shawn
18.5546875,19.04296875,15.625,4.8828125,0,730,6,Shawn
49.31640625,26.85546875,5.37109375,19.04296875,0,731,6,Shawn
22.4609375,19.04296875,18.5546875,50.29296875,0,732,6,Shawn
-12.20703125,17.08984375,37.59765625,60.05859375,0,733,6,Shawn
10.7421875,3.90625,22.94921875,37.59765625,0,734,6,Shawn
42.96875,-3.90625,13.18359375,16.6015625,0,735,6,Shawn
32.2265625,17.578125,26.85546875,42.96875,0,736,6,Shawn
7.32421875,24.90234375,37.59765625,68.84765625,0,737,6,Shawn
19.04296875,17.08984375,29.296875,46.38671875,0,738,6,Shawn
44.43359375,19.04296875,13.671875,18.5546875,0,739,6,Shawn
45.8984375,18.06640625,8.7890625,27.34375,0,740,6,Shawn
9.27734375,17.578125,4.8828125,52.734375,0,741,6,Shawn
4.8828125,27.34375,3.90625,45.8984375,0,742,6,Shawn
42.48046875,27.83203125,18.06640625,20.99609375,0,743,6,Shawn
47.36328125,16.11328125,36.62109375,26.3671875,0,744,6,Shawn
18.5546875,9.765625,40.0390625,50.78125,0,745,6,Shawn
8.30078125,19.04296875,34.1796875,63.4765625,0,746,6,Shawn
28.80859375,29.296875,28.3203125,42.48046875,0,747,6,Shawn
40.52734375,23.92578125,20.5078125,36.1328125,0,748,6,Shawn
22.94921875,8.7890625,20.01953125,63.4765625,0,749,6,Shawn
-7.32421875,12.20703125,9.27734375,64.453125,0,750,6,Shawn
8.7890625,21.97265625,4.39453125,31.25,0,751,6,Shawn
42.48046875,19.53125,2.9296875,8.30078125,0,752,6,Shawn
27.34375,5.859375,8.7890625,30.2734375,0,753,6,Shawn
-8.30078125,2.9296875,27.34375,50.78125,0,754,6,Shawn
-2.44140625,7.32421875,28.80859375,24.90234375,0,755,6,Shawn
22.94921875,13.18359375,27.83203125,-4.39453125,0,756,6,Shawn
26.85546875,14.16015625,29.296875,22.4609375,0,757,6,Shawn
3.90625,13.671875,28.80859375,57.6171875,0,758,6,Shawn
-9.27734375,7.8125,6.8359375,44.921875,0,759,6,Shawn
16.11328125,2.9296875,0.0,20.01953125,0,760,6,Shawn
37.59765625,9.765625,24.90234375,28.80859375,0,761,6,Shawn
18.06640625,20.5078125,32.71484375,55.17578125,0,762,6,Shawn
-15.625,9.27734375,21.484375,42.48046875,0,763,6,Shawn
-2.9296875,8.30078125,3.41796875,8.7890625,0,764,6,Shawn
31.73828125,16.6015625,1.953125,7.32421875,0,765,6,Shawn
11.71875,8.30078125,21.484375,28.80859375,0,766,6,Shawn
-17.578125,13.671875,23.92578125,44.921875,0,767,6,Shawn
0.9765625,20.5078125,12.20703125,27.83203125,0,768,6,Shawn
31.73828125,16.11328125,13.671875,11.23046875,0,769,6,Shawn
28.3203125,9.765625,17.578125,34.1796875,0,770,6,Shawn
-6.34765625,2.44140625,11.23046875,59.08203125,0,771,6,Shawn
-4.8828125,-2.44140625,17.08984375,42.48046875,0,772,6,Shawn
32.2265625,5.37109375,25.87890625,25.87890625,0,773,6,Shawn
37.59765625,13.18359375,15.13671875,37.109375,0,774,6,Shawn
-0.9765625,10.7421875,20.01953125,47.36328125,0,775,6,Shawn
-19.04296875,13.18359375,28.3203125,39.0625,0,776,6,Shawn
10.25390625,6.8359375,22.94921875,14.6484375,0,777,6,Shawn
27.83203125,10.25390625,19.53125,21.484375,0,778,6,Shawn
5.859375,16.11328125,4.8828125,50.78125,0,779,6,Shawn
-1.46484375,10.7421875,-2.9296875,60.05859375,0,780,6,Shawn
18.5546875,4.8828125,9.27734375,36.1328125,0,781,6,Shawn
18.5546875,4.39453125,18.5546875,11.23046875,0,782,6,Shawn
-2.44140625,5.37109375,34.66796875,33.69140625,0,783,6,Shawn
-28.3203125,-1.953125,35.64453125,51.7578125,0,784,6,Shawn
-20.5078125,-0.9765625,21.484375,23.4375,0,785,6,Shawn
17.578125,-0.48828125,17.08984375,-3.41796875,0,786,6,Shawn
24.4140625,-3.41796875,17.578125,20.5078125,0,787,6,Shawn
2.44140625,-1.46484375,13.671875,62.01171875,0,788,6,Shawn
-1.953125,0.9765625,13.671875,53.22265625,0,789,6,Shawn
23.92578125,-1.46484375,17.08984375,20.5078125,0,790,6,Shawn
40.0390625,5.859375,15.625,28.3203125,0,791,6,Shawn
14.6484375,19.04296875,20.01953125,62.5,0,792,6,Shawn
1.953125,22.4609375,24.90234375,69.3359375,0,793,6,Shawn
20.01953125,13.18359375,16.11328125,31.73828125,0,794,6,Shawn
35.64453125,1.953125,14.16015625,27.83203125,0,795,6,Shawn
25.87890625,0.48828125,11.23046875,60.05859375,0,796,6,Shawn
5.37109375,5.37109375,19.53125,63.4765625,0,797,6,Shawn
12.6953125,5.37109375,26.85546875,33.69140625,0,798,6,Shawn
33.203125,8.30078125,13.671875,16.6015625,0,799,6,Shawn
37.109375,20.01953125,14.6484375,42.48046875,0,800,6,Shawn
17.08984375,5.859375,21.484375,70.3125,0,801,6,Shawn
5.859375,0.0,12.6953125,50.78125,0,802,6,Shawn
23.4375,8.7890625,12.20703125,19.53125,0,803,6,Shawn
28.3203125,10.25390625,21.484375,29.78515625,0,804,6,Shawn
1.46484375,18.5546875,13.671875,53.7109375,0,805,6,Shawn
0.9765625,23.92578125,13.671875,48.828125,0,806,6,Shawn
31.25,20.01953125,22.4609375,29.296875,0,807,6,Shawn
32.71484375,7.32421875,23.4375,33.69140625,0,808,6,Shawn
4.39453125,11.23046875,42.48046875,58.10546875,0,809,6,Shawn
-7.32421875,17.08984375,35.64453125,60.546875,0,810,6,Shawn
16.6015625,6.34765625,-3.41796875,30.2734375,0,811,6,Shawn
33.69140625,0.0,-1.953125,14.16015625,0,812,6,Shawn
11.23046875,4.39453125,18.06640625,29.78515625,0,813,6,Shawn
-11.71875,14.16015625,16.6015625,48.33984375,0,814,6,Shawn
9.27734375,19.04296875,11.71875,33.203125,0,815,6,Shawn
40.0390625,19.53125,9.765625,15.13671875,0,816,6,Shawn
37.59765625,23.92578125,22.94921875,37.59765625,0,817,6,Shawn
16.11328125,26.85546875,24.90234375,68.84765625,0,818,6,Shawn
10.7421875,15.625,20.5078125,54.6875,0,819,6,Shawn
33.203125,8.30078125,24.4140625,15.13671875,0,820,6,Shawn
39.0625,4.39453125,20.01953125,16.11328125,0,821,6,Shawn
6.8359375,8.7890625,18.5546875,57.6171875,0,822,6,Shawn
-3.90625,14.16015625,12.20703125,65.4296875,0,823,6,Shawn
20.99609375,3.90625,6.8359375,28.80859375,0,824,6,Shawn
32.2265625,7.32421875,7.32421875,18.06640625,0,825,6,Shawn
11.71875,15.13671875,20.99609375,51.26953125,0,826,6,Shawn
-12.6953125,13.18359375,25.87890625,62.01171875,0,827,6,Shawn
-1.46484375,16.11328125,13.18359375,28.80859375,0,828,6,Shawn
25.390625,21.97265625,14.6484375,11.23046875,0,829,6,Shawn
20.01953125,14.16015625,29.296875,37.59765625,0,830,6,Shawn
-1.46484375,10.7421875,34.1796875,60.05859375,0,831,6,Shawn
-0.9765625,20.99609375,26.85546875,31.25,0,832,6,Shawn
20.99609375,22.94921875,14.16015625,0.9765625,0,833,6,Shawn
18.5546875,16.6015625,7.8125,24.4140625,0,834,6,Shawn
-0.9765625,12.6953125,14.16015625,53.7109375,0,835,6,Shawn
0.0,9.27734375,14.6484375,22.4609375,0,836,6,Shawn
22.94921875,10.7421875,9.765625,-2.9296875,0,837,6,Shawn
35.15625,10.7421875,10.25390625,28.3203125,0,838,6,Shawn
7.32421875,9.765625,10.25390625,60.546875,0,839,6,Shawn
-11.23046875,16.11328125,4.39453125,53.7109375,0,840,6,Shawn
8.7890625,19.04296875,2.9296875,20.5078125,0,841,6,Shawn
22.94921875,16.11328125,12.20703125,18.06640625,0,842,6,Shawn
17.08984375,20.5078125,24.90234375,55.6640625,0,843,6,Shawn
-6.34765625,15.13671875,12.6953125,66.40625,0,844,6,Shawn
2.9296875,11.23046875,12.6953125,29.296875,0,845,6,Shawn
46.875,30.76171875,31.73828125,22.94921875,0,846,6,Shawn
46.38671875,29.296875,35.64453125,47.8515625,0,847,6,Shawn
1.953125,6.34765625,18.5546875,51.26953125,0,848,6,Shawn
1.953125,13.671875,3.90625,35.64453125,0,849,6,Shawn
41.015625,17.08984375,17.578125,17.578125,0,850,6,Shawn
39.55078125,9.27734375,34.1796875,33.203125,0,851,6,Shawn
2.9296875,21.97265625,26.85546875,61.03515625,0,852,6,Shawn
-5.37109375,24.4140625,23.4375,46.38671875,0,853,6,Shawn
28.80859375,14.6484375,25.87890625,21.484375,0,854,6,Shawn
36.62109375,19.04296875,22.94921875,25.87890625,0,855,6,Shawn
6.8359375,17.578125,29.78515625,51.7578125,0,856,6,Shawn
-11.71875,5.859375,33.69140625,55.6640625,0,857,6,Shawn
16.6015625,13.18359375,25.390625,25.87890625,0,858,6,Shawn
43.9453125,9.765625,8.7890625,21.97265625,0,859,6,Shawn
12.20703125,9.27734375,-10.7421875,42.48046875,0,860,6,Shawn
-9.27734375,13.671875,-9.27734375,54.6875,0,861,6,Shawn
17.578125,4.8828125,12.6953125,43.9453125,0,862,6,Shawn
47.8515625,15.13671875,31.25,31.25,0,863,6,Shawn
37.109375,24.90234375,33.69140625,48.828125,0,864,6,Shawn
1.46484375,21.484375,21.97265625,63.4765625,0,865,6,Shawn
-0.48828125,24.90234375,22.4609375,37.59765625,0,866,6,Shawn
27.83203125,24.4140625,22.4609375,8.7890625,0,867,6,Shawn
28.3203125,23.92578125,23.4375,22.94921875,0,868,6,Shawn
-0.9765625,18.06640625,22.94921875,56.640625,0,869,6,Shawn
-18.5546875,10.7421875,7.8125,40.0390625,0,870,6,Shawn
9.27734375,2.9296875,5.859375,-4.39453125,0,871,6,Shawn
40.0390625,8.7890625,7.32421875,14.6484375,0,872,6,Shawn
20.01953125,24.4140625,22.94921875,54.6875,0,873,6,Shawn
-3.41796875,20.5078125,37.109375,58.59375,0,874,6,Shawn
23.92578125,24.4140625,35.64453125,29.78515625,0,875,6,Shawn
50.78125,35.64453125,32.71484375,21.484375,0,876,6,Shawn
22.94921875,32.2265625,21.97265625,52.24609375,0,877,6,Shawn
-17.578125,23.4375,10.25390625,65.4296875,0,878,6,Shawn
-4.8828125,16.6015625,-2.9296875,36.62109375,0,879,6,Shawn
35.15625,13.671875,-5.37109375,9.765625,0,880,6,Shawn
30.2734375,20.5078125,6.8359375,28.3203125,0,881,6,Shawn
-1.953125,26.85546875,21.484375,60.05859375,0,882,6,Shawn
-1.46484375,19.53125,20.01953125,41.50390625,0,883,6,Shawn
29.78515625,6.34765625,22.94921875,10.7421875,0,884,6,Shawn
40.0390625,5.859375,29.296875,25.87890625,0,885,6,Shawn
8.30078125,14.16015625,30.76171875,59.08203125,0,886,6,Shawn
-0.48828125,39.0625,37.59765625,61.03515625,0,887,6,Shawn
25.390625,45.8984375,35.15625,24.4140625,0,888,6,Shawn
37.109375,30.76171875,16.6015625,10.25390625,0,889,6,Shawn
14.16015625,21.97265625,5.859375,43.9453125,0,890,6,Shawn
-7.32421875,24.90234375,13.18359375,57.12890625,0,891,6,Shawn
15.625,25.390625,21.484375,25.87890625,0,892,6,Shawn
44.43359375,9.765625,25.87890625,9.27734375,0,893,6,Shawn
26.85546875,8.7890625,23.4375,30.2734375,0,894,6,Shawn
0.0,24.4140625,21.484375,52.734375,0,895,6,Shawn
13.18359375,37.109375,21.484375,31.73828125,0,896,6,Shawn
44.43359375,43.45703125,28.3203125,7.8125,0,897,6,Shawn
51.26953125,40.0390625,35.64453125,35.15625,0,898,6,Shawn
18.5546875,28.80859375,30.2734375,66.89453125,0,899,6,Shawn
3.41796875,21.484375,16.11328125,51.7578125,0,900,6,Shawn
33.69140625,25.390625,7.8125,14.16015625,0,901,6,Shawn
60.05859375,34.1796875,8.30078125,34.66796875,0,902,6,Shawn
36.62109375,34.1796875,16.6015625,83.984375,0,903,6,Shawn
2.9296875,21.97265625,20.5078125,75.1953125,0,904,6,Shawn
9.27734375,16.11328125,25.390625,26.3671875,0,905,6,Shawn
19.53125,14.16015625,24.4140625,11.71875,0,906,6,Shawn
0.48828125,14.16015625,23.4375,44.921875,0,907,6,Shawn
-19.04296875,7.8125,37.109375,62.98828125,0,908,6,Shawn
-2.44140625,-0.9765625,42.48046875,33.69140625,0,909,6,Shawn
26.3671875,8.30078125,39.0625,18.06640625,0,910,6,Shawn
17.578125,11.23046875,32.2265625,44.43359375,0,911,6,Shawn
-4.8828125,-4.39453125,23.92578125,61.03515625,0,912,6,Shawn
2.44140625,-3.90625,26.85546875,45.8984375,0,913,6,Shawn
28.80859375,6.34765625,24.4140625,23.92578125,0,914,6,Shawn
21.97265625,-0.48828125,16.6015625,33.203125,0,915,6,Shawn
-6.8359375,-2.9296875,11.71875,60.05859375,0,916,6,Shawn
-8.30078125,4.8828125,18.06640625,61.5234375,0,917,6,Shawn
9.27734375,5.37109375,27.83203125,23.4375,0,918,6,Shawn
20.5078125,10.7421875,22.4609375,22.4609375,0,919,6,Shawn
1.953125,9.765625,21.97265625,56.15234375,0,920,6,Shawn
-24.4140625,5.37109375,33.203125,46.38671875,0,921,6,Shawn
-1.46484375,9.765625,31.25,12.20703125,0,922,6,Shawn
38.57421875,6.34765625,12.6953125,15.625,0,923,6,Shawn
22.94921875,9.27734375,4.39453125,50.29296875,0,924,6,Shawn
3.41796875,12.6953125,16.11328125,74.70703125,0,925,6,Shawn
27.34375,8.7890625,28.3203125,53.7109375,0,926,6,Shawn
51.7578125,3.41796875,28.3203125,29.296875,0,927,6,Shawn
28.80859375,2.44140625,15.625,42.96875,0,928,6,Shawn
-10.25390625,3.41796875,20.99609375,62.98828125,0,929,6,Shawn
-2.44140625,12.6953125,33.69140625,52.24609375,0,930,6,Shawn
29.78515625,27.34375,37.109375,20.01953125,0,931,6,Shawn
24.90234375,24.4140625,33.203125,19.53125,0,932,6,Shawn
4.39453125,24.4140625,29.78515625,57.12890625,0,933,6,Shawn
7.8125,26.3671875,18.06640625,69.82421875,0,934,6,Shawn
37.59765625,26.3671875,9.27734375,37.109375,0,935,6,Shawn
51.26953125,19.53125,20.99609375,22.94921875,0,936,6,Shawn
18.5546875,14.16015625,27.83203125,51.7578125,0,937,6,Shawn
-8.7890625,14.16015625,27.34375,55.6640625,0,938,6,Shawn
10.7421875,19.04296875,25.390625,25.390625,0,939,6,Shawn
36.1328125,20.5078125,5.37109375,17.08984375,0,940,6,Shawn
22.94921875,13.671875,0.9765625,45.8984375,0,941,6,Shawn
-9.27734375,13.18359375,20.99609375,64.453125,0,942,6,Shawn
-2.9296875,9.27734375,23.4375,29.78515625,0,943,6,Shawn
33.203125,7.32421875,14.16015625,0.48828125,0,944,6,Shawn
35.64453125,25.87890625,17.08984375,27.34375,0,945,6,Shawn
8.7890625,32.71484375,25.87890625,54.19921875,0,946,6,Shawn
-3.41796875,34.1796875,25.390625,32.71484375,0,947,6,Shawn
19.53125,28.3203125,17.578125,-3.41796875,0,948,6,Shawn
30.76171875,11.23046875,12.6953125,4.8828125,0,949,6,Shawn
7.32421875,13.671875,14.16015625,42.48046875,0,950,6,Shawn
-10.25390625,24.4140625,16.11328125,38.0859375,0,951,6,Shawn
14.6484375,24.90234375,5.859375,12.6953125,0,952,6,Shawn
32.71484375,13.18359375,-15.13671875,13.18359375,0,953,6,Shawn
4.8828125,1.953125,-15.625,41.015625,0,954,6,Shawn
-14.6484375,6.34765625,-0.48828125,50.29296875,0,955,6,Shawn
4.8828125,22.94921875,2.44140625,16.11328125,0,956,6,Shawn
23.4375,24.90234375,23.92578125,-3.41796875,0,957,6,Shawn
6.8359375,5.859375,36.62109375,23.92578125,0,958,6,Shawn
-15.13671875,7.8125,32.71484375,51.7578125,0,959,6,Shawn
-7.32421875,25.390625,24.90234375,36.1328125,0,960,6,Shawn
25.390625,14.16015625,16.11328125,5.859375,0,961,6,Shawn
18.5546875,-2.9296875,8.7890625,11.71875,0,962,6,Shawn
-10.7421875,3.41796875,10.7421875,46.38671875,0,963,6,Shawn
-4.39453125,22.94921875,11.23046875,45.8984375,0,964,6,Shawn
35.15625,38.0859375,2.44140625,26.3671875,0,965,6,Shawn
59.5703125,28.80859375,9.27734375,36.1328125,0,966,6,Shawn
37.59765625,17.578125,42.48046875,63.96484375,0,967,6,Shawn
-2.44140625,20.5078125,50.29296875,57.6171875,0,968,6,Shawn
8.30078125,18.5546875,29.78515625,21.97265625,0,969,6,Shawn
35.64453125,14.6484375,24.4140625,17.578125,0,970,6,Shawn
17.578125,15.625,36.62109375,44.921875,0,971,6,Shawn
-1.46484375,19.53125,41.015625,59.5703125,0,972,6,Shawn
19.04296875,23.92578125,32.71484375,37.109375,0,973,6,Shawn
49.8046875,23.4375,8.30078125,22.4609375,0,974,6,Shawn
36.62109375,18.06640625,0.9765625,47.8515625,0,975,6,Shawn
4.39453125,22.4609375,17.578125,72.75390625,0,976,6,Shawn
8.30078125,18.5546875,26.3671875,56.15234375,0,977,6,Shawn
23.92578125,0.48828125,21.484375,15.13671875,0,978,6,Shawn
24.90234375,2.9296875,17.578125,18.5546875,0,979,6,Shawn
5.859375,16.6015625,18.5546875,60.546875,0,980,6,Shawn
-3.90625,27.34375,20.01953125,49.8046875,0,981,6,Shawn
25.390625,24.4140625,24.4140625,15.13671875,0,982,6,Shawn
46.875,19.04296875,13.18359375,24.4140625,0,983,6,Shawn
21.97265625,20.01953125,9.27734375,56.15234375,0,984,6,Shawn
7.8125,26.3671875,20.5078125,68.359375,0,985,6,Shawn
33.203125,29.296875,15.13671875,32.71484375,0,986,6,Shawn
44.43359375,17.578125,6.34765625,14.6484375,0,987,6,Shawn
14.16015625,6.8359375,15.625,47.8515625,0,988,6,Shawn
-11.71875,3.90625,25.87890625,65.91796875,0,989,6,Shawn
1.46484375,8.7890625,13.671875,46.875,0,990,6,Shawn
30.76171875,21.97265625,10.25390625,30.76171875,0,991,6,Shawn
27.83203125,22.94921875,16.11328125,48.828125,0,992,6,Shawn
-9.27734375,19.04296875,2.44140625,65.91796875,0,993,6,Shawn
-14.16015625,20.01953125,9.27734375,45.41015625,0,994,6,Shawn
25.390625,23.4375,23.92578125,23.92578125,0,995,6,Shawn
38.0859375,23.4375,19.53125,29.78515625,0,996,6,Shawn
2.9296875,20.5078125,15.13671875,45.8984375,0,997,6,Shawn
-5.859375,13.18359375,17.08984375,44.921875,0,998,6,Shawn
20.99609375,15.625,25.87890625,15.625,0,999,6,Shawn
41.9921875,26.3671875,29.78515625,23.4375,0,1000,6,Shawn
27.34375,29.78515625,4.39453125,65.4296875,0,1001,6,Shawn
2.9296875,17.578125,-6.8359375,61.5234375,0,1002,6,Shawn
9.27734375,12.20703125,7.32421875,28.80859375,0,1003,6,Shawn
34.66796875,32.2265625,5.859375,24.90234375,0,1004,6,Shawn
28.80859375,43.9453125,19.53125,57.6171875,0,1005,6,Shawn
-3.41796875,40.0390625,31.73828125,68.359375,0,1006,6,Shawn
4.8828125,22.4609375,26.85546875,41.9921875,0,1007,6,Shawn
34.1796875,10.25390625,15.625,22.4609375,0,1008,6,Shawn
28.80859375,19.04296875,17.578125,36.62109375,0,1009,6,Shawn
11.23046875,33.203125,34.66796875,77.1484375,0,1010,6,Shawn
17.08984375,36.1328125,19.53125,73.2421875,0,1011,6,Shawn
23.92578125,26.3671875,-1.953125,23.4375,0,1012,6,Shawn
25.390625,13.671875,13.18359375,25.390625,0,1013,6,Shawn
-2.44140625,13.18359375,28.80859375,52.734375,0,1014,6,Shawn
-16.11328125,25.390625,21.97265625,49.8046875,0,1015,6,Shawn
21.484375,21.484375,21.97265625,20.99609375,0,1016,6,Shawn
46.38671875,20.5078125,15.625,20.5078125,0,1017,6,Shawn
22.94921875,34.66796875,-5.859375,56.15234375,0,1018,6,Shawn
-4.8828125,30.76171875,-2.44140625,59.08203125,0,1019,6,Shawn
4.8828125,14.16015625,12.20703125,25.390625,0,1020,6,Shawn
31.73828125,9.27734375,21.484375,13.18359375,0,1021,6,Shawn
24.90234375,8.7890625,13.671875,40.0390625,0,1022,6,Shawn
-5.859375,7.32421875,7.8125,61.03515625,0,1023,6,Shawn
9.27734375,16.11328125,20.5078125,45.8984375,0,1024,6,Shawn
42.96875,21.484375,15.13671875,18.5546875,0,1025,6,Shawn
43.9453125,25.390625,2.9296875,32.71484375,0,1026,6,Shawn
18.06640625,24.90234375,24.90234375,63.96484375,0,1027,6,Shawn
4.8828125,11.71875,42.96875,46.875,0,1028,6,Shawn
24.90234375,8.7890625,29.78515625,16.11328125,0,1029,6,Shawn
42.48046875,24.90234375,4.8828125,27.34375,0,1030,6,Shawn
27.83203125,37.59765625,3.41796875,59.08203125,0,1031,6,Shawn
9.27734375,20.99609375,20.01953125,58.10546875,0,1032,6,Shawn
26.3671875,13.18359375,21.484375,28.3203125,0,1033,6,Shawn
50.29296875,27.34375,12.20703125,24.90234375,0,1034,6,Shawn
31.25,21.97265625,11.71875,42.96875,0,1035,6,Shawn
-3.41796875,6.34765625,24.90234375,50.29296875,0,1036,6,Shawn
4.8828125,4.8828125,30.2734375,26.85546875,0,1037,6,Shawn
44.43359375,24.4140625,34.1796875,16.11328125,0,1038,6,Shawn
34.66796875,26.3671875,30.76171875,32.71484375,0,1039,6,Shawn
-5.859375,16.6015625,2.44140625,45.8984375,0,1040,6,Shawn
4.8828125,24.4140625,-15.625,37.59765625,0,1041,6,Shawn
41.50390625,23.92578125,1.46484375,18.5546875,0,1042,6,Shawn
32.2265625,18.5546875,26.85546875,25.390625,0,1043,6,Shawn
-11.23046875,17.578125,19.04296875,34.66796875,0,1044,6,Shawn
-24.4140625,14.6484375,15.13671875,32.2265625,0,1045,6,Shawn
8.30078125,9.27734375,40.52734375,12.6953125,0,1046,6,Shawn
19.04296875,7.8125,45.41015625,4.39453125,0,1047,6,Shawn
1.46484375,13.18359375,28.80859375,31.73828125,0,1048,6,Shawn
-10.7421875,25.87890625,13.671875,47.36328125,0,1049,6,Shawn
7.32421875,29.296875,5.859375,20.99609375,0,1050,6,Shawn
44.921875,24.90234375,0.9765625,8.30078125,0,1051,6,Shawn
44.43359375,19.04296875,4.8828125,39.0625,0,1052,6,Shawn
18.06640625,13.18359375,15.625,60.05859375,0,1053,6,Shawn
12.6953125,20.5078125,23.4375,27.34375,0,1054,6,Shawn
34.1796875,25.390625,29.78515625,5.859375,0,1055,6,Shawn
34.1796875,28.80859375,31.73828125,23.4375,0,1056,6,Shawn
0.9765625,25.390625,16.11328125,45.41015625,0,1057,6,Shawn
-2.44140625,19.04296875,-0.9765625,44.921875,0,1058,6,Shawn
29.78515625,18.5546875,4.39453125,18.5546875,0,1059,6,Shawn
34.66796875,10.25390625,12.6953125,15.625,0,1060,6,Shawn
7.32421875,5.859375,16.6015625,46.38671875,0,1061,6,Shawn
-5.859375,10.7421875,17.578125,41.9921875,0,1062,6,Shawn
13.671875,12.6953125,3.90625,4.39453125,0,1063,6,Shawn
39.55078125,16.11328125,-6.34765625,10.25390625,0,1064,6,Shawn
24.90234375,27.34375,0.48828125,41.9921875,0,1065,6,Shawn
-1.46484375,42.96875,11.23046875,52.24609375,0,1066,6,Shawn
17.08984375,39.55078125,36.1328125,38.57421875,0,1067,6,Shawn
37.109375,27.34375,40.0390625,24.90234375,0,1068,6,Shawn
17.08984375,22.4609375,40.0390625,37.59765625,0,1069,6,Shawn
-13.671875,31.25,41.50390625,58.59375,0,1070,6,Shawn
-21.97265625,22.94921875,28.80859375,24.90234375,0,1071,6,Shawn
-5.859375,11.23046875,28.80859375,-16.11328125,0,1072,6,Shawn
3.90625,20.99609375,33.69140625,7.32421875,0,1073,6,Shawn
-22.94921875,25.390625,28.3203125,20.99609375,0,1074,6,Shawn
-53.7109375,27.34375,30.2734375,-8.30078125,0,1075,6,Shawn
-59.5703125,25.390625,29.78515625,-60.05859375,0,1076,6,Shawn
-63.96484375,23.92578125,12.6953125,-80.56640625,0,1077,6,Shawn
-114.2578125,29.296875,6.8359375,-69.3359375,0,1078,6,Shawn
-167.96875,16.11328125,33.203125,-93.26171875,0,1079,6,Shawn
-169.921875,-0.9765625,50.29296875,-143.5546875,0,1080,6,Shawn
-171.875,-0.9765625,43.45703125,-187.01171875,0,1081,6,Shawn
-204.58984375,-0.9765625,54.19921875,-182.6171875,0,1082,6,Shawn
-231.4453125,10.7421875,61.03515625,-164.0625,0,1083,6,Shawn
-218.75,25.390625,53.22265625,-185.05859375,0,1084,6,Shawn
-183.10546875,25.390625,21.97265625,-196.2890625,0,1085,6,Shawn
-179.6875,20.5078125,28.3203125,-168.9453125,0,1086,6,Shawn
-201.66015625,14.16015625,79.1015625,-135.7421875,0,1087,6,Shawn
-195.80078125,1.46484375,94.7265625,-145.99609375,0,1088,6,Shawn
-155.76171875,-0.9765625,84.9609375,-163.57421875,0,1089,6,Shawn
-133.7890625,12.20703125,69.3359375,-133.30078125,0,1090,6,Shawn
-141.11328125,16.6015625,60.05859375,-80.078125,0,1091,6,Shawn
-125.9765625,12.6953125,52.24609375,-62.98828125,0,1092,6,Shawn
-74.21875,7.8125,22.4609375,-73.2421875,0,1093,6,Shawn
-34.66796875,13.671875,8.7890625,-46.875,0,1094,6,Shawn
-43.45703125,27.34375,29.296875,0.48828125,0,1095,6,Shawn
-51.7578125,24.90234375,26.3671875,13.18359375,0,1096,6,Shawn
-23.4375,14.16015625,3.41796875,-15.13671875,0,1097,6,Shawn
14.6484375,10.7421875,3.90625,-14.16015625,0,1098,6,Shawn
18.06640625,16.11328125,21.97265625,31.25,0,1099,6,Shawn
-3.41796875,15.625,34.1796875,48.33984375,0,1100,6,Shawn
9.27734375,6.8359375,21.97265625,23.92578125,0,1101,6,Shawn
47.8515625,-1.46484375,0.0,15.13671875,0,1102,6,Shawn
50.29296875,4.39453125,-8.30078125,45.41015625,0,1103,6,Shawn
33.203125,12.6953125,-3.41796875,89.84375,0,1104,6,Shawn
38.57421875,11.71875,-3.90625,79.1015625,0,1105,6,Shawn
58.59375,3.41796875,-12.6953125,47.36328125,0,1106,6,Shawn
73.73046875,0.48828125,-10.25390625,62.01171875,0,1107,6,Shawn
50.29296875,0.9765625,6.8359375,91.796875,0,1108,6,Shawn
42.96875,-5.37109375,12.20703125,104.98046875,0,1109,6,Shawn
83.49609375,7.8125,-10.25390625,83.49609375,0,1110,6,Shawn
100.09765625,24.90234375,-22.94921875,71.2890625,0,1111,6,Shawn
79.58984375,19.53125,-3.90625,98.6328125,0,1112,6,Shawn
60.546875,24.4140625,29.296875,107.421875,0,1113,6,Shawn
70.80078125,24.90234375,26.3671875,85.9375,0,1114,6,Shawn
90.33203125,0.0,12.20703125,72.265625,0,1115,6,Shawn
77.63671875,-7.8125,17.08984375,88.37890625,0,1116,6,Shawn
54.6875,-8.30078125,5.37109375,114.2578125,0,1117,6,Shawn
59.5703125,-5.37109375,-9.765625,99.12109375,0,1118,6,Shawn
90.8203125,-1.46484375,-6.8359375,86.9140625,0,1119,6,Shawn
94.7265625,1.953125,-11.71875,106.93359375,0,1120,6,Shawn
68.84765625,16.6015625,-11.71875,126.953125,0,1121,6,Shawn
66.89453125,26.85546875,-0.9765625,115.234375,0,1122,6,Shawn
83.984375,14.16015625,8.7890625,80.078125,0,1123,6,Shawn
92.28515625,-8.30078125,9.765625,72.265625,0,1124,6,Shawn
64.94140625,-2.9296875,14.6484375,99.12109375,0,1125,6,Shawn
46.38671875,10.25390625,31.25,106.4453125,0,1126,6,Shawn
79.58984375,7.32421875,28.80859375,80.078125,0,1127,6,Shawn
100.5859375,0.48828125,10.25390625,76.171875,0,1128,6,Shawn
73.73046875,11.71875,-19.04296875,102.5390625,0,1129,6,Shawn
53.22265625,15.625,-8.30078125,113.28125,0,1130,6,Shawn
60.546875,-3.41796875,13.671875,77.63671875,0,1131,6,Shawn
80.078125,-7.32421875,10.7421875,51.26953125,0,1132,6,Shawn
73.2421875,4.39453125,7.8125,82.51953125,0,1133,6,Shawn
42.48046875,11.71875,-6.8359375,107.91015625,0,1134,6,Shawn
41.50390625,1.953125,-6.8359375,74.70703125,0,1135,6,Shawn
73.2421875,5.37109375,19.53125,48.33984375,0,1136,6,Shawn
81.54296875,24.90234375,33.203125,70.80078125,0,1137,6,Shawn
52.734375,13.671875,15.625,105.46875,0,1138,6,Shawn
47.8515625,7.8125,3.90625,104.98046875,0,1139,6,Shawn
66.40625,16.11328125,5.859375,62.01171875,0,1140,6,Shawn
65.91796875,5.37109375,6.8359375,47.8515625,0,1141,6,Shawn
41.50390625,5.37109375,13.671875,77.63671875,0,1142,6,Shawn
26.3671875,10.7421875,14.6484375,84.47265625,0,1143,6,Shawn
49.31640625,9.765625,14.6484375,58.59375,0,1144,6,Shawn
73.2421875,12.6953125,11.71875,51.7578125,0,1145,6,Shawn
55.17578125,11.23046875,8.7890625,80.078125,0,1146,6,Shawn
26.85546875,11.71875,9.27734375,89.35546875,0,1147,6,Shawn
32.71484375,15.625,5.859375,55.6640625,0,1148,6,Shawn
68.84765625,26.85546875,7.32421875,49.8046875,0,1149,6,Shawn
67.87109375,20.99609375,10.25390625,72.265625,0,1150,6,Shawn
25.390625,11.71875,-10.7421875,81.54296875,0,1151,6,Shawn
22.94921875,9.765625,-14.6484375,63.4765625,0,1152,6,Shawn
50.29296875,-2.44140625,-0.9765625,26.3671875,0,1153,6,Shawn
44.43359375,1.953125,11.23046875,30.76171875,0,1154,6,Shawn
11.71875,0.9765625,24.4140625,61.03515625,0,1155,6,Shawn
6.8359375,3.90625,5.859375,54.6875,0,1156,6,Shawn
38.57421875,10.25390625,2.9296875,26.3671875,0,1157,6,Shawn
61.5234375,11.71875,20.99609375,25.390625,0,1158,6,Shawn
32.2265625,8.30078125,12.6953125,53.22265625,0,1159,6,Shawn
-4.39453125,-10.25390625,0.9765625,52.24609375,0,1160,6,Shawn
18.06640625,-9.765625,-1.46484375,25.87890625,0,1161,6,Shawn
51.7578125,9.27734375,-8.30078125,26.85546875,0,1162,6,Shawn
36.62109375,12.20703125,-0.9765625,50.29296875,0,1163,6,Shawn
3.90625,7.8125,11.71875,59.08203125,0,1164,6,Shawn
17.578125,4.39453125,28.3203125,43.9453125,0,1165,6,Shawn
61.03515625,1.46484375,30.2734375,40.52734375,0,1166,6,Shawn
51.7578125,7.8125,8.30078125,51.26953125,0,1167,6,Shawn
14.6484375,7.8125,1.46484375,64.453125,0,1168,6,Shawn
18.06640625,0.48828125,11.23046875,57.6171875,0,1169,6,Shawn
41.9921875,-6.34765625,8.7890625,22.4609375,0,1170,6,Shawn
48.33984375,1.46484375,9.765625,27.83203125,0,1171,6,Shawn
21.484375,6.34765625,5.37109375,61.5234375,0,1172,6,Shawn
8.7890625,2.9296875,5.859375,59.08203125,0,1173,6,Shawn
40.0390625,1.46484375,23.4375,46.875,0,1174,6,Shawn
63.4765625,5.859375,29.296875,50.78125,0,1175,6,Shawn
29.78515625,13.671875,21.97265625,62.01171875,0,1176,6,Shawn
0.48828125,6.34765625,22.4609375,68.359375,0,1177,6,Shawn
17.08984375,6.34765625,28.3203125,41.015625,0,1178,6,Shawn
35.64453125,9.27734375,25.87890625,18.5546875,0,1179,6,Shawn
27.83203125,11.71875,16.11328125,49.8046875,0,1180,6,Shawn
6.8359375,15.625,0.0,67.3828125,0,1181,6,Shawn
9.27734375,15.625,-9.765625,35.64453125,0,1182,6,Shawn
34.66796875,9.27734375,-9.27734375,8.30078125,0,1183,6,Shawn
36.1328125,9.765625,-0.9765625,25.390625,0,1184,6,Shawn
13.671875,16.6015625,10.7421875,47.8515625,0,1185,6,Shawn
8.30078125,7.8125,18.5546875,32.71484375,0,1186,6,Shawn
40.52734375,11.71875,7.8125,17.08984375,0,1187,6,Shawn
70.3125,26.3671875,-0.9765625,36.62109375,0,1188,6,Shawn
37.59765625,15.13671875,18.5546875,60.546875,0,1189,6,Shawn
3.41796875,5.37109375,19.04296875,50.29296875,0,1190,6,Shawn
28.3203125,16.6015625,5.37109375,28.3203125,0,1191,6,Shawn
42.48046875,0.0,5.859375,17.08984375,0,1192,6,Shawn
17.08984375,-3.90625,-0.48828125,30.76171875,0,1193,6,Shawn
-4.39453125,16.6015625,-4.39453125,49.31640625,0,1194,6,Shawn
8.30078125,11.23046875,20.01953125,29.78515625,0,1195,6,Shawn
37.59765625,5.37109375,35.15625,13.18359375,0,1196,6,Shawn
36.62109375,6.8359375,29.296875,35.15625,0,1197,6,Shawn
15.13671875,6.8359375,11.23046875,62.98828125,0,1198,6,Shawn
10.7421875,7.8125,4.39453125,46.875,0,1199,6,Shawn
33.203125,9.765625,14.6484375,18.5546875,0,1200,6,Shawn
39.55078125,0.9765625,2.9296875,35.15625,0,1201,6,Shawn
8.30078125,-0.9765625,0.48828125,62.01171875,0,1202,6,Shawn
-1.46484375,5.859375,28.3203125,59.5703125,0,1203,6,Shawn
23.92578125,5.859375,38.0859375,35.15625,0,1204,6,Shawn
35.64453125,1.953125,21.484375,37.109375,0,1205,6,Shawn
18.06640625,1.46484375,18.06640625,65.4296875,0,1206,6,Shawn
1.46484375,5.37109375,33.69140625,72.265625,0,1207,6,Shawn
20.01953125,2.9296875,36.1328125,34.66796875,0,1208,6,Shawn
48.33984375,10.7421875,21.484375,24.4140625,0,1209,6,Shawn
30.76171875,22.94921875,14.16015625,61.5234375,0,1210,6,Shawn
-3.41796875,9.765625,1.953125,68.84765625,0,1211,6,Shawn
5.37109375,-2.9296875,-11.71875,42.96875,0,1212,6,Shawn
39.0625,-1.46484375,-2.44140625,22.4609375,0,1213,6,Shawn
40.0390625,0.0,16.6015625,39.0625,0,1214,6,Shawn
7.8125,2.44140625,22.4609375,71.77734375,0,1215,6,Shawn
7.32421875,5.37109375,22.94921875,57.6171875,0,1216,6,Shawn
37.59765625,3.90625,29.296875,29.296875,0,1217,6,Shawn
44.921875,5.37109375,31.73828125,44.921875,0,1218,6,Shawn
16.6015625,14.6484375,27.83203125,63.96484375,0,1219,6,Shawn
-2.44140625,12.6953125,12.20703125,41.015625,0,1220,6,Shawn
13.671875,3.41796875,-0.9765625,5.37109375,0,1221,6,Shawn
33.69140625,11.71875,-0.48828125,13.671875,0,1222,6,Shawn
12.20703125,12.20703125,10.25390625,41.9921875,0,1223,6,Shawn
-6.34765625,12.6953125,17.578125,52.24609375,0,1224,6,Shawn
29.296875,23.92578125,20.99609375,39.0625,0,1225,6,Shawn
59.08203125,13.18359375,31.73828125,24.4140625,0,1226,6,Shawn
32.2265625,5.859375,27.83203125,45.8984375,0,1227,6,Shawn
0.48828125,3.90625,32.2265625,61.5234375,0,1228,6,Shawn
16.11328125,0.48828125,41.50390625,41.9921875,0,1229,6,Shawn
45.41015625,11.23046875,14.6484375,29.78515625,0,1230,6,Shawn
44.43359375,11.71875,-4.8828125,40.0390625,0,1231,6,Shawn
13.671875,5.859375,0.9765625,55.6640625,0,1232,6,Shawn
-0.9765625,-1.953125,16.6015625,41.015625,0,1233,6,Shawn
27.34375,-12.6953125,34.1796875,20.01953125,0,1234,6,Shawn
39.55078125,5.859375,23.4375,23.4375,0,1235,6,Shawn
12.6953125,29.296875,12.20703125,46.38671875,0,1236,6,Shawn
-0.48828125,21.484375,22.4609375,48.33984375,0,1237,6,Shawn
30.76171875,5.859375,36.1328125,26.3671875,0,1238,6,Shawn
51.7578125,2.9296875,22.94921875,21.97265625,0,1239,6,Shawn
25.390625,8.30078125,10.7421875,45.41015625,0,1240,6,Shawn
1.953125,18.06640625,29.296875,58.10546875,0,1241,6,Shawn
18.5546875,20.5078125,44.921875,34.1796875,0,1242,6,Shawn
42.48046875,10.7421875,36.1328125,0.48828125,0,1243,6,Shawn
34.66796875,16.6015625,24.4140625,22.4609375,0,1244,6,Shawn
5.859375,17.578125,24.4140625,62.5,0,1245,6,Shawn
9.765625,9.27734375,11.23046875,41.50390625,0,1246,6,Shawn
41.9921875,14.6484375,-0.9765625,20.99609375,0,1247,6,Shawn
51.7578125,14.6484375,2.44140625,42.48046875,0,1248,6,Shawn
27.83203125,-2.44140625,1.953125,66.89453125,0,1249,6,Shawn
14.16015625,-1.953125,12.6953125,57.6171875,0,1250,6,Shawn
39.55078125,11.23046875,27.83203125,26.85546875,0,1251,6,Shawn
54.19921875,15.625,26.3671875,30.76171875,0,1252,6,Shawn
28.80859375,16.11328125,24.4140625,59.5703125,0,1253,6,Shawn
4.39453125,9.27734375,33.203125,50.78125,0,1254,6,Shawn
19.53125,6.34765625,35.64453125,20.01953125,0,1255,6,Shawn
42.48046875,14.6484375,27.34375,25.390625,0,1256,6,Shawn
34.1796875,23.92578125,16.11328125,62.98828125,0,1257,6,Shawn
22.94921875,27.83203125,18.5546875,74.21875,0,1258,6,Shawn
36.1328125,27.83203125,15.625,44.43359375,0,1259,6,Shawn
54.6875,16.11328125,-4.39453125,21.484375,0,1260,6,Shawn
41.50390625,-2.9296875,2.9296875,29.296875,0,1261,6,Shawn
5.37109375,0.48828125,21.484375,55.6640625,0,1262,6,Shawn
3.41796875,17.578125,28.80859375,35.64453125,0,1263,6,Shawn
32.71484375,21.97265625,34.1796875,5.37109375,0,1264,6,Shawn
46.38671875,10.7421875,28.3203125,28.3203125,0,1265,6,Shawn
20.99609375,3.41796875,25.87890625,54.19921875,0,1266,6,Shawn
3.90625,15.13671875,5.859375,40.52734375,0,1267,6,Shawn
32.71484375,15.13671875,-13.671875,15.625,0,1268,6,Shawn
43.45703125,13.18359375,4.8828125,15.13671875,0,1269,6,Shawn
18.06640625,15.625,23.92578125,37.59765625,0,1270,6,Shawn
0.48828125,9.27734375,24.4140625,43.9453125,0,1271,6,Shawn
18.5546875,5.37109375,14.16015625,26.85546875,0,1272,6,Shawn
42.48046875,5.859375,7.8125,18.5546875,0,1273,6,Shawn
31.25,12.6953125,17.08984375,35.15625,0,1274,6,Shawn
10.25390625,8.30078125,26.3671875,63.96484375,0,1275,6,Shawn
18.06640625,6.8359375,10.25390625,53.22265625,0,1276,6,Shawn
44.43359375,14.16015625,6.8359375,29.296875,0,1277,6,Shawn
37.109375,6.8359375,38.0859375,41.50390625,0,1278,6,Shawn
-7.8125,-0.9765625,44.43359375,52.734375,0,1279,6,Shawn
-14.6484375,4.39453125,29.78515625,41.50390625,0,1280,6,Shawn
23.4375,5.37109375,18.5546875,17.578125,0,1281,6,Shawn
35.15625,7.8125,14.16015625,25.390625,0,1282,6,Shawn
5.37109375,11.71875,16.6015625,53.7109375,0,1283,6,Shawn
-10.25390625,13.671875,22.4609375,50.78125,0,1284,6,Shawn
17.08984375,18.06640625,18.06640625,22.94921875,0,1285,6,Shawn
43.9453125,13.18359375,11.71875,16.6015625,0,1286,6,Shawn
20.5078125,0.9765625,11.23046875,44.43359375,0,1287,6,Shawn
2.44140625,-5.859375,12.20703125,64.453125,0,1288,6,Shawn
21.97265625,4.39453125,19.53125,36.62109375,0,1289,6,Shawn
36.1328125,9.27734375,24.90234375,15.625,0,1290,6,Shawn
27.83203125,18.06640625,21.97265625,41.9921875,0,1291,6,Shawn
6.34765625,26.3671875,18.06640625,61.03515625,0,1292,6,Shawn
13.671875,29.78515625,17.08984375,35.64453125,0,1293,6,Shawn
41.50390625,33.69140625,12.6953125,20.01953125,0,1294,6,Shawn
38.0859375,20.5078125,2.9296875,39.0625,0,1295,6,Shawn
0.48828125,4.8828125,4.39453125,56.15234375,0,1296,6,Shawn
0.0,-0.9765625,16.11328125,44.43359375,0,1297,6,Shawn
32.2265625,-6.34765625,26.85546875,15.625,0,1298,6,Shawn
41.015625,8.7890625,31.73828125,22.94921875,0,1299,6,Shawn
14.16015625,25.390625,23.4375,50.29296875,0,1300,6,Shawn
4.8828125,18.06640625,11.23046875,54.6875,0,1301,6,Shawn
25.87890625,5.37109375,3.90625,24.4140625,0,1302,6,Shawn
41.9921875,24.4140625,14.6484375,18.5546875,0,1303,6,Shawn
27.34375,32.2265625,26.85546875,47.8515625,0,1304,6,Shawn
2.44140625,17.08984375,10.25390625,55.17578125,0,1305,6,Shawn
18.06640625,7.8125,7.32421875,37.59765625,0,1306,6,Shawn
41.50390625,-3.90625,27.83203125,23.4375,0,1307,6,Shawn
29.296875,-10.7421875,19.53125,40.0390625,0,1308,6,Shawn
8.30078125,7.32421875,19.04296875,67.3828125,0,1309,6,Shawn
3.90625,15.625,26.3671875,44.921875,0,1310,6,Shawn
23.4375,1.953125,26.85546875,10.25390625,0,1311,6,Shawn
33.69140625,5.37109375,25.87890625,30.76171875,0,1312,6,Shawn
6.8359375,8.7890625,16.6015625,59.5703125,0,1313,6,Shawn
-1.46484375,-6.8359375,4.8828125,46.875,0,1314,6,Shawn
29.296875,-5.37109375,8.7890625,21.97265625,0,1315,6,Shawn
46.875,18.06640625,7.8125,29.78515625,0,1316,6,Shawn
20.5078125,28.3203125,4.8828125,50.29296875,0,1317,6,Shawn
-5.859375,17.578125,25.390625,50.29296875,0,1318,6,Shawn
15.13671875,3.90625,43.9453125,21.97265625,0,1319,6,Shawn
37.59765625,-1.953125,32.71484375,9.765625,0,1320,6,Shawn
21.484375,0.48828125,15.625,29.78515625,0,1321,6,Shawn
-0.48828125,11.71875,8.30078125,45.8984375,0,1322,6,Shawn
6.8359375,17.08984375,8.30078125,26.3671875,0,1323,6,Shawn
37.109375,17.578125,6.8359375,1.46484375,0,1324,6,Shawn
47.8515625,13.18359375,12.6953125,31.25,0,1325,6,Shawn
18.06640625,12.20703125,25.87890625,71.77734375,0,1326,6,Shawn
6.34765625,12.20703125,8.30078125,44.921875,0,1327,6,Shawn
29.78515625,5.859375,8.7890625,-1.46484375,0,1328,6,Shawn
29.78515625,3.41796875,35.15625,6.8359375,0,1329,6,Shawn
-1.46484375,11.23046875,45.8984375,37.59765625,0,1330,6,Shawn
-12.20703125,13.18359375,31.73828125,40.52734375,0,1331,6,Shawn
25.87890625,11.23046875,18.5546875,23.92578125,0,1332,6,Shawn
53.22265625,0.9765625,24.4140625,18.5546875,0,1333,6,Shawn
31.73828125,-3.90625,32.71484375,40.52734375,0,1334,6,Shawn
4.39453125,4.8828125,32.71484375,56.640625,0,1335,6,Shawn
16.11328125,6.34765625,20.01953125,37.109375,0,1336,6,Shawn
42.96875,9.27734375,0.9765625,26.3671875,0,1337,6,Shawn
32.71484375,5.859375,5.859375,53.7109375,0,1338,6,Shawn
-0.9765625,2.9296875,36.1328125,58.59375,0,1339,6,Shawn
-3.90625,-5.859375,29.296875,26.3671875,0,1340,6,Shawn
29.78515625,-9.27734375,12.6953125,10.25390625,0,1341,6,Shawn
37.59765625,8.30078125,26.85546875,31.73828125,0,1342,6,Shawn
0.48828125,14.6484375,26.85546875,47.8515625,0,1343,6,Shawn
-5.859375,3.41796875,10.7421875,26.3671875,0,1344,6,Shawn
30.2734375,-0.9765625,12.20703125,8.30078125,0,1345,6,Shawn
41.015625,5.37109375,18.06640625,20.99609375,0,1346,6,Shawn
12.6953125,12.6953125,17.08984375,50.78125,0,1347,6,Shawn
-3.90625,10.7421875,12.6953125,46.38671875,0,1348,6,Shawn
29.296875,1.953125,15.13671875,19.04296875,0,1349,6,Shawn
55.6640625,8.30078125,15.625,22.94921875,0,1350,6,Shawn
25.87890625,10.7421875,12.20703125,41.9921875,0,1351,6,Shawn
-10.7421875,1.46484375,21.484375,48.33984375,0,1352,6,Shawn
3.90625,3.41796875,34.1796875,28.80859375,0,1353,6,Shawn
41.9921875,7.32421875,35.15625,21.97265625,0,1354,6,Shawn
32.2265625,6.8359375,25.390625,43.45703125,0,1355,6,Shawn
14.16015625,11.71875,18.06640625,76.66015625,0,1356,6,Shawn
41.015625,20.99609375,22.4609375,77.1484375,0,1357,6,Shawn
45.41015625,13.18359375,28.3203125,47.36328125,0,1358,6,Shawn
7.8125,-6.34765625,25.87890625,25.87890625,0,1359,6,Shawn
-16.6015625,-6.34765625,16.11328125,38.0859375,0,1360,6,Shawn
-16.11328125,3.41796875,20.01953125,45.41015625,0,1361,6,Shawn
7.32421875,-2.9296875,28.3203125,15.13671875,0,1362,6,Shawn
23.4375,-6.34765625,31.73828125,18.5546875,0,1363,6,Shawn
3.41796875,0.9765625,33.203125,56.15234375,0,1364,6,Shawn
-0.48828125,1.953125,27.34375,69.3359375,0,1365,6,Shawn
30.2734375,8.7890625,31.73828125,46.875,0,1366,6,Shawn
50.78125,20.01953125,42.96875,44.43359375,0,1367,6,Shawn
32.2265625,9.27734375,36.1328125,65.91796875,0,1368,6,Shawn
-2.44140625,-11.23046875,34.1796875,65.4296875,0,1369,6,Shawn
3.90625,-7.32421875,22.94921875,40.52734375,0,1370,6,Shawn
42.48046875,6.8359375,5.859375,32.2265625,0,1371,6,Shawn
32.2265625,3.90625,15.625,50.78125,0,1372,6,Shawn
-2.9296875,-0.48828125,31.73828125,68.359375,0,1373,6,Shawn
9.765625,17.08984375,30.76171875,50.29296875,0,1374,6,Shawn
44.43359375,30.2734375,18.06640625,25.87890625,0,1375,6,Shawn
50.78125,23.92578125,17.578125,48.33984375,0,1376,6,Shawn
22.4609375,19.53125,19.53125,68.84765625,0,1377,6,Shawn
5.859375,13.671875,15.625,55.17578125,0,1378,6,Shawn
30.2734375,0.48828125,16.11328125,23.92578125,0,1379,6,Shawn
48.828125,-3.90625,23.92578125,23.92578125,0,1380,6,Shawn
25.390625,-4.8828125,31.73828125,59.5703125,0,1381,6,Shawn
-0.48828125,-9.27734375,26.85546875,68.84765625,0,1382,6,Shawn
28.3203125,3.90625,34.1796875,53.22265625,0,1383,6,Shawn
55.6640625,5.859375,38.57421875,34.1796875,0,1384,6,Shawn
29.78515625,5.37109375,25.87890625,45.41015625,0,1385,6,Shawn
3.41796875,14.6484375,4.39453125,61.03515625,0,1386,6,Shawn
11.23046875,15.625,-12.20703125,41.9921875,0,1387,6,Shawn
40.52734375,-1.953125,-14.6484375,28.3203125,0,1388,6,Shawn
35.15625,-15.625,0.0,30.2734375,0,1389,6,Shawn
2.44140625,2.44140625,27.83203125,47.8515625,0,1390,6,Shawn
6.34765625,11.71875,40.0390625,52.734375,0,1391,6,Shawn
37.109375,7.8125,41.015625,28.3203125,0,1392,6,Shawn
42.48046875,4.39453125,43.45703125,32.2265625,0,1393,6,Shawn
14.6484375,8.30078125,41.015625,51.7578125,0,1394,6,Shawn
3.41796875,7.32421875,33.203125,50.78125,0,1395,6,Shawn
23.4375,-4.8828125,20.5078125,26.3671875,0,1396,6,Shawn
43.45703125,2.44140625,10.25390625,27.83203125,0,1397,6,Shawn
21.97265625,9.765625,6.34765625,50.78125,0,1398,6,Shawn
-6.34765625,10.25390625,10.7421875,41.50390625,0,1399,6,Shawn
10.25390625,9.27734375,17.08984375,14.16015625,0,1400,6,Shawn
31.25,2.9296875,22.94921875,-1.953125,0,1401,6,Shawn
23.92578125,5.859375,17.08984375,24.4140625,0,1402,6,Shawn
4.8828125,16.11328125,9.765625,58.59375,0,1403,6,Shawn
14.6484375,14.6484375,10.25390625,41.50390625,0,1404,6,Shawn
44.43359375,7.32421875,6.34765625,15.625,0,1405,6,Shawn
40.52734375,9.765625,7.8125,33.69140625,0,1406,6,Shawn
14.6484375,13.18359375,20.5078125,66.40625,0,1407,6,Shawn
3.41796875,6.8359375,32.71484375,52.734375,0,1408,6,Shawn
16.6015625,-4.39453125,37.59765625,3.41796875,0,1409,6,Shawn
27.83203125,-8.7890625,31.25,0.9765625,0,1410,6,Shawn
9.27734375,-7.8125,15.13671875,35.64453125,0,1411,6,Shawn
-5.859375,2.9296875,12.6953125,41.9921875,0,1412,6,Shawn
9.765625,6.34765625,10.7421875,19.04296875,0,1413,6,Shawn
37.109375,8.30078125,9.765625,21.484375,0,1414,6,Shawn
32.2265625,23.92578125,13.671875,52.24609375,0,1415,6,Shawn
12.20703125,32.71484375,14.16015625,64.94140625,0,1416,6,Shawn
19.53125,20.99609375,16.11328125,38.0859375,0,1417,6,Shawn
42.48046875,3.90625,18.06640625,19.53125,0,1418,6,Shawn
35.64453125,0.0,26.3671875,36.62109375,0,1419,6,Shawn
2.44140625,-5.37109375,28.3203125,42.96875,0,1420,6,Shawn
7.32421875,-14.6484375,14.6484375,26.85546875,0,1421,6,Shawn
36.1328125,-6.34765625,7.8125,12.6953125,0,1422,6,Shawn
38.0859375,-0.9765625,21.484375,19.04296875,0,1423,6,Shawn
6.34765625,4.8828125,25.87890625,36.1328125,0,1424,6,Shawn
-9.765625,13.18359375,22.94921875,30.2734375,0,1425,6,Shawn
27.34375,14.16015625,21.484375,18.06640625,0,1426,6,Shawn
51.26953125,20.99609375,15.625,27.34375,0,1427,6,Shawn
24.90234375,21.484375,15.625,50.78125,0,1428,6,Shawn
-3.41796875,6.34765625,11.71875,55.6640625,0,1429,6,Shawn
12.6953125,-4.39453125,20.99609375,27.83203125,0,1430,6,Shawn
23.4375,3.41796875,29.78515625,5.859375,0,1431,6,Shawn
11.71875,13.18359375,25.390625,32.2265625,0,1432,6,Shawn
-9.27734375,7.8125,19.04296875,59.08203125,0,1433,6,Shawn
-4.39453125,0.48828125,24.90234375,29.78515625,0,1434,6,Shawn
26.3671875,2.44140625,27.34375,-3.41796875,0,1435,6,Shawn
23.4375,3.90625,25.390625,22.4609375,0,1436,6,Shawn
1.953125,0.48828125,25.87890625,63.4765625,0,1437,6,Shawn
6.8359375,10.25390625,14.16015625,53.7109375,0,1438,6,Shawn
31.25,17.578125,9.27734375,25.390625,0,1439,6,Shawn
39.55078125,15.625,14.16015625,28.80859375,0,1440,6,Shawn
10.25390625,16.11328125,9.765625,51.26953125,0,1441,6,Shawn
-5.859375,17.578125,10.25390625,46.875,0,1442,6,Shawn
20.99609375,16.11328125,6.34765625,17.578125,0,1443,6,Shawn
40.0390625,14.16015625,4.39453125,20.99609375,0,1444,6,Shawn
35.64453125,14.6484375,34.66796875,56.15234375,0,1445,6,Shawn
23.92578125,2.44140625,44.43359375,64.94140625,0,1446,6,Shawn
20.01953125,-4.39453125,34.1796875,22.94921875,0,1447,6,Shawn
37.109375,18.5546875,20.5078125,13.671875,0,1448,6,Shawn
29.296875,25.390625,18.5546875,40.0390625,0,1449,6,Shawn
2.9296875,13.18359375,14.16015625,43.9453125,0,1450,6,Shawn
8.7890625,12.20703125,-15.625,34.1796875,0,1451,6,Shawn
30.76171875,21.484375,-18.06640625,21.484375,0,1452,6,Shawn
42.48046875,23.4375,14.6484375,39.55078125,0,1453,6,Shawn
13.671875,-0.48828125,32.71484375,62.01171875,0,1454,6,Shawn
-3.90625,-8.30078125,33.69140625,36.1328125,0,1455,6,Shawn
24.90234375,14.6484375,28.80859375,11.23046875,0,1456,6,Shawn
37.59765625,18.06640625,28.3203125,24.4140625,0,1457,6,Shawn
7.8125,6.8359375,14.6484375,43.9453125,0,1458,6,Shawn
-15.13671875,-0.9765625,9.765625,33.203125,0,1459,6,Shawn
12.20703125,-4.39453125,27.34375,9.27734375,0,1460,6,Shawn
36.1328125,0.48828125,18.5546875,10.7421875,0,1461,6,Shawn
14.16015625,2.9296875,9.27734375,39.0625,0,1462,6,Shawn
-9.765625,4.39453125,3.90625,53.22265625,0,1463,6,Shawn
6.34765625,5.37109375,8.30078125,33.69140625,0,1464,6,Shawn
54.19921875,20.5078125,32.2265625,20.5078125,0,1465,6,Shawn
60.05859375,39.55078125,34.1796875,51.26953125,0,1466,6,Shawn
18.06640625,25.390625,9.765625,69.3359375,0,1467,6,Shawn
7.32421875,3.90625,-7.8125,40.0390625,0,1468,6,Shawn
31.73828125,0.0,-2.9296875,8.7890625,0,1469,6,Shawn
31.73828125,7.32421875,7.32421875,6.34765625,0,1470,6,Shawn
-0.48828125,-2.44140625,14.16015625,33.203125,0,1471,6,Shawn
0.9765625,-6.34765625,20.99609375,39.0625,0,1472,6,Shawn
33.69140625,6.34765625,27.83203125,16.11328125,0,1473,6,Shawn
41.9921875,15.625,18.5546875,21.97265625,0,1474,6,Shawn
23.4375,19.53125,7.8125,54.19921875,0,1475,6,Shawn
18.5546875,22.94921875,5.37109375,70.80078125,0,1476,6,Shawn
19.53125,17.578125,3.41796875,31.73828125,0,1477,6,Shawn
28.80859375,16.11328125,14.16015625,6.34765625,0,1478,6,Shawn
31.73828125,22.94921875,20.5078125,40.0390625,0,1479,6,Shawn
22.4609375,11.23046875,23.92578125,73.2421875,0,1480,6,Shawn
27.34375,1.46484375,31.25,53.7109375,0,1481,6,Shawn
19.04296875,0.9765625,23.92578125,10.7421875,0,1482,6,Shawn
-6.34765625,7.8125,20.01953125,12.6953125,0,1483,6,Shawn
-20.01953125,9.27734375,17.08984375,46.875,0,1484,6,Shawn
-7.32421875,2.44140625,26.85546875,33.69140625,0,1485,6,Shawn
19.04296875,-10.25390625,33.69140625,4.39453125,0,1486,6,Shawn
24.90234375,-15.13671875,21.484375,20.5078125,0,1487,6,Shawn
5.37109375,0.9765625,19.04296875,62.01171875,0,1488,6,Shawn
-15.13671875,-2.9296875,15.625,52.24609375,0,1489,6,Shawn
6.34765625,-3.90625,-1.46484375,10.7421875,0,1490,6,Shawn
26.3671875,0.0,3.41796875,21.484375,0,1491,6,Shawn
-1.953125,-3.41796875,32.71484375,51.7578125,0,1492,6,Shawn
-11.23046875,3.41796875,43.45703125,59.5703125,0,1493,6,Shawn
6.34765625,3.41796875,35.15625,35.64453125,0,1494,6,Shawn
31.73828125,7.32421875,22.4609375,29.78515625,0,1495,6,Shawn
30.76171875,18.06640625,13.671875,53.22265625,0,1496,6,Shawn
-6.8359375,2.9296875,19.04296875,50.78125,0,1497,6,Shawn
-0.48828125,-4.39453125,26.3671875,29.296875,0,1498,6,Shawn
30.76171875,7.8125,20.99609375,21.97265625,0,1499,6,Shawn
27.83203125,9.765625,21.484375,42.96875,0,1500,6,Shawn
-1.953125,6.34765625,10.25390625,57.12890625,0,1501,6,Shawn
-2.44140625,-2.9296875,1.46484375,47.8515625,0,1502,6,Shawn
39.55078125,-5.859375,8.30078125,23.92578125,0,1503,6,Shawn
59.08203125,0.9765625,12.6953125,33.203125,0,1504,6,Shawn
25.87890625,4.39453125,30.2734375,63.4765625,0,1505,6,Shawn
2.44140625,2.44140625,27.34375,50.78125,0,1506,6,Shawn
24.90234375,-5.37109375,24.4140625,18.06640625,0,1507,6,Shawn
39.55078125,0.9765625,27.34375,8.30078125,0,1508,6,Shawn
17.578125,14.16015625,21.97265625,36.62109375,0,1509,6,Shawn
2.9296875,8.7890625,19.53125,44.921875,0,1510,6,Shawn
23.92578125,13.18359375,17.578125,23.92578125,0,1511,6,Shawn
41.015625,14.6484375,15.13671875,17.578125,0,1512,6,Shawn
18.5546875,7.8125,11.71875,33.203125,0,1513,6,Shawn
-7.32421875,11.71875,19.53125,57.12890625,0,1514,6,Shawn
2.9296875,8.30078125,18.06640625,39.55078125,0,1515,6,Shawn
39.55078125,0.48828125,0.0,20.99609375,0,1516,6,Shawn
55.6640625,5.859375,13.671875,53.7109375,0,1517,6,Shawn
23.92578125,3.41796875,37.109375,77.1484375,0,1518,6,Shawn
12.6953125,-4.39453125,41.015625,47.36328125,0,1519,6,Shawn
45.41015625,10.7421875,15.13671875,16.11328125,0,1520,6,Shawn
54.19921875,19.04296875,-9.27734375,33.203125,0,1521,6,Shawn
19.04296875,15.13671875,-0.9765625,57.12890625,0,1522,6,Shawn
-6.34765625,7.32421875,23.92578125,44.921875,0,1523,6,Shawn
15.13671875,10.25390625,37.59765625,18.5546875,0,1524,6,Shawn
36.1328125,6.34765625,20.01953125,5.37109375,0,1525,6,Shawn
31.25,9.27734375,11.71875,32.71484375,0,1526,6,Shawn
6.34765625,18.06640625,10.25390625,54.19921875,0,1527,6,Shawn
15.13671875,9.27734375,1.46484375,31.73828125,0,1528,6,Shawn
45.8984375,11.23046875,0.9765625,24.4140625,0,1529,6,Shawn
25.390625,-8.30078125,14.6484375,27.34375,0,1530,6,Shawn
-16.11328125,-20.01953125,24.90234375,26.85546875,0,1531,6,Shawn
-20.01953125,7.32421875,12.6953125,14.6484375,0,1532,6,Shawn
16.11328125,19.53125,0.0,-1.953125,0,1533,6,Shawn
28.80859375,20.01953125,8.7890625,13.671875,0,1534,6,Shawn
-3.41796875,21.97265625,26.85546875,42.96875,0,1535,6,Shawn
-17.578125,11.71875,23.92578125,34.1796875,0,1536,6,Shawn
15.13671875,2.9296875,14.6484375,15.625,0,1537,6,Shawn
40.0390625,8.7890625,14.16015625,27.83203125,0,1538,6,Shawn
26.85546875,12.20703125,14.6484375,56.640625,0,1539,6,Shawn
6.8359375,9.765625,14.6484375,47.8515625,0,1540,6,Shawn
13.671875,8.7890625,19.53125,15.13671875,0,1541,6,Shawn
45.8984375,9.765625,20.5078125,13.671875,0,1542,6,Shawn
35.64453125,2.44140625,10.25390625,36.1328125,0,1543,6,Shawn
-2.44140625,0.9765625,12.6953125,51.7578125,0,1544,6,Shawn
18.06640625,-3.90625,29.78515625,41.9921875,0,1545,6,Shawn
54.6875,-5.859375,20.5078125,34.66796875,0,1546,6,Shawn
50.78125,8.30078125,16.11328125,54.6875,0,1547,6,Shawn
23.4375,15.13671875,33.203125,71.77734375,0,1548,6,Shawn
27.83203125,19.04296875,10.7421875,70.3125,0,1549,6,Shawn
72.265625,23.92578125,-7.8125,55.6640625,0,1550,6,Shawn
81.0546875,24.4140625,7.8125,56.15234375,0,1551,6,Shawn
37.59765625,17.578125,26.85546875,75.1953125,0,1552,6,Shawn
12.20703125,16.11328125,30.76171875,61.5234375,0,1553,6,Shawn
25.87890625,10.7421875,24.4140625,25.390625,0,1554,6,Shawn
33.69140625,7.32421875,27.83203125,28.80859375,0,1555,6,Shawn
16.6015625,7.8125,30.2734375,62.5,0,1556,6,Shawn
-5.37109375,1.953125,1.953125,65.91796875,0,1557,6,Shawn
-1.46484375,5.37109375,-6.8359375,26.3671875,0,1558,6,Shawn
26.3671875,8.7890625,18.06640625,9.27734375,0,1559,6,Shawn
25.390625,13.18359375,20.99609375,34.66796875,0,1560,6,Shawn
7.8125,25.390625,27.83203125,52.734375,0,1561,6,Shawn
15.13671875,28.80859375,31.73828125,20.5078125,0,1562,6,Shawn
32.2265625,16.11328125,17.578125,-21.97265625,0,1563,6,Shawn
28.3203125,5.859375,11.23046875,0.48828125,0,1564,6,Shawn
5.859375,-4.39453125,17.578125,30.76171875,0,1565,6,Shawn
12.20703125,1.46484375,13.671875,26.3671875,0,1566,6,Shawn
48.33984375,17.578125,-3.90625,20.5078125,0,1567,6,Shawn
60.05859375,17.08984375,-0.48828125,40.52734375,0,1568,6,Shawn
28.3203125,16.6015625,30.2734375,69.3359375,0,1569,6,Shawn
4.39453125,21.484375,41.50390625,66.40625,0,1570,6,Shawn
27.83203125,14.6484375,39.0625,40.52734375,0,1571,6,Shawn
41.9921875,-1.953125,38.57421875,39.55078125,0,1572,6,Shawn
16.6015625,-3.90625,33.69140625,65.4296875,0,1573,6,Shawn
-9.27734375,3.90625,23.92578125,74.21875,0,1574,6,Shawn
5.859375,9.27734375,25.390625,46.38671875,0,1575,6,Shawn
31.73828125,9.27734375,14.6484375,26.3671875,0,1576,6,Shawn
24.4140625,4.39453125,22.94921875,53.7109375,0,1577,6,Shawn
10.7421875,7.32421875,42.96875,99.609375,0,1578,6,Shawn
23.4375,20.99609375,36.62109375,81.54296875,0,1579,6,Shawn
30.76171875,21.484375,28.3203125,20.5078125,0,1580,6,Shawn
7.32421875,7.8125,25.87890625,8.7890625,0,1581,6,Shawn
-23.4375,18.5546875,20.99609375,33.203125,0,1582,6,Shawn
-20.99609375,18.5546875,15.625,34.66796875,0,1583,6,Shawn
2.44140625,11.23046875,11.71875,3.41796875,0,1584,6,Shawn
22.4609375,12.6953125,14.6484375,3.90625,0,1585,6,Shawn
13.671875,16.11328125,11.71875,33.69140625,0,1586,6,Shawn
3.90625,31.25,-9.27734375,41.9921875,0,1587,6,Shawn
31.73828125,34.1796875,-27.34375,14.16015625,0,1588,6,Shawn
66.40625,30.2734375,-20.5078125,5.37109375,0,1589,6,Shawn
61.5234375,25.390625,-16.6015625,36.1328125,0,1590,6,Shawn
41.50390625,22.4609375,-13.18359375,55.6640625,0,1591,6,Shawn
49.31640625,24.90234375,4.39453125,26.85546875,0,1592,6,Shawn
63.4765625,26.3671875,8.30078125,-12.20703125,0,1593,6,Shawn
58.10546875,27.83203125,16.11328125,12.20703125,0,1594,6,Shawn
37.109375,28.80859375,21.484375,52.24609375,0,1595,6,Shawn
28.3203125,22.94921875,12.6953125,32.2265625,0,1596,6,Shawn
53.7109375,11.23046875,6.8359375,5.859375,0,1597,6,Shawn
59.08203125,6.8359375,8.7890625,29.296875,0,1598,6,Shawn
20.01953125,7.8125,14.16015625,57.6171875,0,1599,6,Shawn
-0.9765625,-0.48828125,10.7421875,45.8984375,0,1600,6,Shawn
23.4375,3.41796875,4.8828125,21.484375,0,1601,6,Shawn
39.0625,10.7421875,11.71875,26.3671875,0,1602,6,Shawn
17.08984375,6.34765625,23.92578125,55.17578125,0,1603,6,Shawn
2.9296875,10.25390625,22.4609375,58.59375,0,1604,6,Shawn
17.578125,6.8359375,19.04296875,29.296875,0,1605,6,Shawn
38.57421875,1.46484375,31.73828125,23.92578125,0,1606,6,Shawn
24.90234375,11.23046875,34.1796875,52.24609375,0,1607,6,Shawn
-0.9765625,11.23046875,24.4140625,69.3359375,0,1608,6,Shawn
8.30078125,3.41796875,29.78515625,51.26953125,0,1609,6,Shawn
29.78515625,-0.48828125,25.87890625,41.50390625,0,1610,6,Shawn
26.85546875,5.859375,16.6015625,61.5234375,0,1611,6,Shawn
9.27734375,13.18359375,28.3203125,88.37890625,0,1612,6,Shawn
-1.953125,3.90625,31.25,71.77734375,0,1613,6,Shawn
14.16015625,4.39453125,33.203125,35.64453125,0,1614,6,Shawn
31.73828125,19.53125,31.25,42.96875,0,1615,6,Shawn
0.9765625,21.97265625,4.39453125,44.43359375,0,1616,6,Shawn
-23.92578125,18.5546875,-2.9296875,21.97265625,0,1617,6,Shawn
4.39453125,13.671875,7.32421875,-5.37109375,0,1618,6,Shawn
35.15625,21.484375,16.6015625,0.0,0,1619,6,Shawn
20.01953125,24.90234375,18.06640625,26.85546875,0,1620,6,Shawn
0.9765625,16.6015625,22.94921875,29.296875,0,1621,6,Shawn
20.99609375,19.04296875,19.53125,14.16015625,0,1622,6,Shawn
41.015625,14.16015625,9.27734375,-3.41796875,0,1623,6,Shawn
29.78515625,3.41796875,16.6015625,11.23046875,0,1624,6,Shawn
7.8125,12.6953125,15.625,28.80859375,0,1625,6,Shawn
21.484375,24.90234375,-3.90625,15.625,0,1626,6,Shawn
54.19921875,23.92578125,-2.44140625,0.9765625,0,1627,6,Shawn
49.31640625,6.8359375,18.5546875,12.6953125,0,1628,6,Shawn
6.8359375,0.9765625,21.484375,31.25,0,1629,6,Shawn
-2.44140625,14.6484375,6.8359375,25.390625,0,1630,6,Shawn
34.66796875,25.87890625,5.37109375,18.5546875,0,1631,6,Shawn
44.921875,24.4140625,21.484375,24.4140625,0,1632,6,Shawn
21.484375,17.578125,21.484375,56.15234375,0,1633,6,Shawn
3.90625,19.53125,8.7890625,58.10546875,0,1634,6,Shawn
23.92578125,20.01953125,27.34375,20.5078125,0,1635,6,Shawn
43.9453125,23.4375,40.0390625,9.27734375,0,1636,6,Shawn
15.13671875,20.01953125,22.4609375,37.109375,0,1637,6,Shawn
-10.25390625,16.11328125,17.08984375,47.8515625,0,1638,6,Shawn
3.90625,19.04296875,18.06640625,16.6015625,0,1639,6,Shawn
35.15625,9.765625,19.53125,14.6484375,0,1640,6,Shawn
28.80859375,0.9765625,22.4609375,41.015625,0,1641,6,Shawn
-7.32421875,2.9296875,13.671875,55.6640625,0,1642,6,Shawn
-16.6015625,2.9296875,16.6015625,32.71484375,0,1643,6,Shawn
15.13671875,0.0,23.92578125,13.18359375,0,1644,6,Shawn
26.85546875,-0.48828125,24.90234375,31.73828125,0,1645,6,Shawn
-3.90625,11.71875,28.80859375,55.6640625,0,1646,6,Shawn
-11.71875,5.37109375,28.3203125,43.45703125,0,1647,6,Shawn
11.71875,-0.48828125,20.99609375,16.6015625,0,1648,6,Shawn
31.25,18.06640625,16.11328125,27.34375,0,1649,6,Shawn
19.53125,11.71875,27.83203125,55.17578125,0,1650,6,Shawn
9.27734375,-0.9765625,37.109375,69.82421875,0,1651,6,Shawn
31.25,8.7890625,29.296875,43.45703125,0,1652,6,Shawn
37.109375,20.01953125,18.5546875,8.7890625,0,1653,6,Shawn
20.01953125,24.4140625,23.92578125,32.71484375,0,1654,6,Shawn
2.44140625,27.83203125,32.2265625,57.6171875,0,1655,6,Shawn
23.92578125,21.97265625,28.3203125,29.78515625,0,1656,6,Shawn
55.6640625,12.6953125,22.4609375,17.578125,0,1657,6,Shawn
44.43359375,27.34375,25.87890625,47.8515625,0,1658,6,Shawn
12.6953125,36.62109375,23.4375,70.80078125,0,1659,6,Shawn
4.39453125,27.34375,6.34765625,54.6875,0,1660,6,Shawn
27.83203125,2.9296875,0.9765625,14.6484375,0,1661,6,Shawn
38.57421875,-15.625,-2.44140625,15.625,0,1662,6,Shawn
13.671875,1.953125,-15.13671875,44.921875,0,1663,6,Shawn
2.9296875,24.4140625,-8.30078125,50.78125,0,1664,6,Shawn
31.73828125,22.94921875,11.23046875,37.59765625,0,1665,6,Shawn
49.31640625,20.01953125,17.08984375,24.4140625,0,1666,6,Shawn
23.92578125,7.32421875,13.18359375,39.0625,0,1667,6,Shawn
-4.8828125,-2.9296875,19.53125,53.22265625,0,1668,6,Shawn
10.7421875,10.7421875,29.78515625,25.87890625,0,1669,6,Shawn
40.52734375,18.5546875,27.83203125,8.30078125,0,1670,6,Shawn
30.2734375,19.04296875,25.390625,28.80859375,0,1671,6,Shawn
0.48828125,15.13671875,15.625,50.29296875,0,1672,6,Shawn
6.34765625,7.32421875,10.25390625,34.66796875,0,1673,6,Shawn
41.50390625,3.41796875,23.92578125,12.6953125,0,1674,6,Shawn
45.41015625,1.953125,14.16015625,35.64453125,0,1675,6,Shawn
7.8125,1.46484375,5.859375,58.10546875,0,1676,6,Shawn
-6.34765625,2.9296875,4.39453125,30.2734375,0,1677,6,Shawn
21.97265625,5.37109375,-4.8828125,12.20703125,0,1678,6,Shawn
34.1796875,13.18359375,2.44140625,21.97265625,0,1679,6,Shawn
17.578125,23.4375,13.671875,41.9921875,0,1680,6,Shawn
12.6953125,14.16015625,18.06640625,52.734375,0,1681,6,Shawn
38.57421875,2.9296875,19.04296875,27.34375,0,1682,6,Shawn
53.7109375,1.46484375,24.90234375,19.53125,0,1683,6,Shawn
29.296875,1.46484375,22.94921875,42.48046875,0,1684,6,Shawn
5.859375,6.8359375,5.859375,61.5234375,0,1685,6,Shawn
18.06640625,2.9296875,-8.7890625,29.78515625,0,1686,6,Shawn
44.43359375,3.90625,-2.44140625,10.25390625,0,1687,6,Shawn
32.2265625,12.6953125,6.8359375,35.15625,0,1688,6,Shawn
8.7890625,5.37109375,15.625,47.36328125,0,1689,6,Shawn
21.97265625,7.8125,18.5546875,51.7578125,0,1690,6,Shawn
53.22265625,17.08984375,10.7421875,36.1328125,0,1691,6,Shawn
52.734375,8.30078125,10.7421875,36.62109375,0,1692,6,Shawn
21.97265625,10.7421875,11.23046875,63.4765625,0,1693,6,Shawn
14.16015625,22.94921875,10.25390625,53.22265625,0,1694,6,Shawn
38.0859375,22.4609375,22.94921875,26.3671875,0,1695,6,Shawn
47.8515625,11.23046875,31.73828125,29.78515625,0,1696,6,Shawn
29.78515625,13.671875,33.69140625,56.640625,0,1697,6,Shawn
8.30078125,25.87890625,17.08984375,57.6171875,0,1698,6,Shawn
28.3203125,33.203125,6.8359375,29.296875,0,1699,6,Shawn
50.78125,14.6484375,18.5546875,14.16015625,0,1700,6,Shawn
22.4609375,7.32421875,17.578125,26.85546875,0,1701,6,Shawn
-9.765625,4.8828125,18.5546875,42.96875,0,1702,6,Shawn
6.34765625,1.46484375,25.87890625,21.97265625,0,1703,6,Shawn
46.38671875,19.53125,34.66796875,14.6484375,0,1704,6,Shawn
46.875,24.90234375,20.5078125,44.43359375,0,1705,6,Shawn
15.13671875,21.97265625,-5.859375,62.01171875,0,1706,6,Shawn
5.859375,14.6484375,1.953125,35.15625,0,1707,6,Shawn
28.80859375,4.8828125,16.11328125,14.6484375,0,1708,6,Shawn
33.203125,1.953125,20.01953125,29.78515625,0,1709,6,Shawn
9.27734375,5.859375,18.06640625,57.6171875,0,1710,6,Shawn
0.0,12.6953125,21.484375,58.10546875,0,1711,6,Shawn
22.4609375,16.11328125,23.4375,22.94921875,0,1712,6,Shawn
33.69140625,20.01953125,14.16015625,16.11328125,0,1713,6,Shawn
7.8125,-2.44140625,12.20703125,42.96875,0,1714,6,Shawn
-18.5546875,-14.16015625,10.25390625,44.921875,0,1715,6,Shawn
3.41796875,8.7890625,22.94921875,16.6015625,0,1716,6,Shawn
38.0859375,24.90234375,33.203125,11.23046875,0,1717,6,Shawn
20.99609375,21.97265625,29.78515625,39.55078125,0,1718,6,Shawn
-7.32421875,17.08984375,16.6015625,56.15234375,0,1719,6,Shawn
-1.46484375,3.90625,11.23046875,28.80859375,0,1720,6,Shawn
20.01953125,-7.32421875,23.92578125,11.23046875,0,1721,6,Shawn
20.01953125,2.9296875,15.13671875,29.296875,0,1722,6,Shawn
-15.625,6.34765625,-5.859375,34.1796875,0,1723,6,Shawn
-22.4609375,9.765625,-7.32421875,13.18359375,0,1724,6,Shawn
10.7421875,9.765625,9.27734375,-0.9765625,0,1725,6,Shawn
27.83203125,5.859375,13.18359375,20.99609375,0,1726,6,Shawn
5.859375,10.7421875,16.6015625,41.015625,0,1727,6,Shawn
-8.7890625,13.671875,29.78515625,44.43359375,0,1728,6,Shawn
24.4140625,14.6484375,23.92578125,32.2265625,0,1729,6,Shawn
42.96875,13.671875,9.27734375,32.71484375,0,1730,6,Shawn
20.99609375,19.04296875,11.71875,56.15234375,0,1731,6,Shawn
-1.46484375,15.13671875,27.83203125,59.08203125,0,1732,6,Shawn
10.7421875,-7.8125,9.27734375,25.87890625,0,1733,6,Shawn
48.33984375,-8.7890625,8.30078125,14.6484375,0,1734,6,Shawn
39.55078125,12.6953125,37.109375,39.55078125,0,1735,6,Shawn
-4.39453125,21.97265625,30.76171875,47.8515625,0,1736,6,Shawn
5.859375,25.390625,21.484375,34.66796875,0,1737,6,Shawn
37.109375,22.4609375,21.97265625,16.11328125,0,1738,6,Shawn
27.34375,3.41796875,13.671875,17.578125,0,1739,6,Shawn
6.34765625,10.25390625,-0.9765625,47.8515625,0,1740,6,Shawn
15.625,32.2265625,-4.39453125,53.22265625,0,1741,6,Shawn
54.6875,31.73828125,12.6953125,37.109375,0,1742,6,Shawn
53.22265625,13.18359375,31.25,38.57421875,0,1743,6,Shawn
7.32421875,1.953125,38.0859375,58.59375,0,1744,6,Shawn
-14.6484375,6.8359375,36.62109375,62.5,0,1745,6,Shawn
0.0,5.37109375,33.203125,24.4140625,0,1746,6,Shawn
18.06640625,0.48828125,34.66796875,2.9296875,0,1747,6,Shawn
-5.37109375,-0.48828125,37.109375,20.99609375,0,1748,6,Shawn
-33.203125,-8.30078125,32.71484375,35.15625,0,1749,6,Shawn
-15.13671875,-11.23046875,30.2734375,20.01953125,0,1750,6,Shawn
8.7890625,-9.27734375,39.55078125,11.71875,0,1751,6,Shawn
3.41796875,-17.08984375,42.96875,29.296875,0,1752,6,Shawn
-17.578125,-22.4609375,27.83203125,56.15234375,0,1753,6,Shawn
-18.5546875,-20.01953125,21.97265625,45.41015625,0,1754,6,Shawn
5.37109375,-26.85546875,29.78515625,14.6484375,0,1755,6,Shawn
13.18359375,-35.15625,39.55078125,24.90234375,0,1756,6,Shawn
-7.8125,-26.3671875,41.50390625,42.96875,0,1757,6,Shawn
-14.6484375,-10.7421875,35.15625,47.36328125,0,1758,6,Shawn
14.16015625,-2.44140625,20.01953125,32.71484375,0,1759,6,Shawn
33.203125,-12.6953125,17.578125,37.59765625,0,1760,6,Shawn
12.6953125,-14.6484375,30.76171875,66.40625,0,1761,6,Shawn
-6.8359375,-6.8359375,36.1328125,62.5,0,1762,6,Shawn
12.20703125,-5.37109375,35.64453125,38.57421875,0,1763,6,Shawn
37.59765625,-5.37109375,36.62109375,42.96875,0,1764,6,Shawn
24.4140625,-10.25390625,31.73828125,61.03515625,0,1765,6,Shawn
-2.44140625,-14.16015625,22.4609375,71.77734375,0,1766,6,Shawn
5.37109375,-12.20703125,19.04296875,48.33984375,0,1767,6,Shawn
34.66796875,-7.8125,30.2734375,27.83203125,0,1768,6,Shawn
37.59765625,-7.32421875,42.48046875,52.734375,0,1769,6,Shawn
15.13671875,-6.34765625,32.2265625,72.265625,0,1770,6,Shawn
21.484375,8.30078125,22.4609375,64.94140625,0,1771,6,Shawn
56.15234375,20.99609375,29.296875,40.52734375,0,1772,6,Shawn
53.7109375,12.6953125,23.92578125,32.2265625,0,1773,6,Shawn
13.671875,0.48828125,2.9296875,54.6875,0,1774,6,Shawn
1.953125,-3.41796875,1.953125,55.17578125,0,1775,6,Shawn
30.76171875,-1.46484375,18.5546875,34.66796875,0,1776,6,Shawn
57.12890625,11.71875,31.25,36.62109375,0,1777,6,Shawn
41.9921875,16.11328125,32.2265625,67.87109375,0,1778,6,Shawn
14.16015625,17.08984375,37.109375,80.078125,0,1779,6,Shawn
21.484375,16.6015625,37.59765625,45.41015625,0,1780,6,Shawn
36.1328125,11.71875,26.3671875,21.97265625,0,1781,6,Shawn
20.5078125,2.44140625,13.671875,40.0390625,0,1782,6,Shawn
-1.46484375,-1.46484375,16.11328125,59.5703125,0,1783,6,Shawn
4.39453125,8.30078125,21.484375,41.015625,0,1784,6,Shawn
27.34375,5.859375,13.18359375,13.18359375,0,1785,6,Shawn
20.99609375,8.30078125,5.37109375,30.2734375,0,1786,6,Shawn
-14.16015625,3.90625,-0.9765625,49.8046875,0,1787,6,Shawn
-6.34765625,2.44140625,22.94921875,49.31640625,0,1788,6,Shawn
31.73828125,15.625,42.48046875,33.69140625,0,1789,6,Shawn
38.0859375,9.27734375,31.25,29.296875,0,1790,6,Shawn
7.32421875,5.37109375,12.6953125,56.640625,0,1791,6,Shawn
-9.765625,12.20703125,0.0,48.828125,0,1792,6,Shawn
9.765625,16.6015625,10.7421875,9.765625,0,1793,6,Shawn
29.78515625,14.6484375,22.94921875,5.37109375,0,1794,6,Shawn
20.01953125,-1.953125,16.6015625,32.2265625,0,1795,6,Shawn
0.0,-4.8828125,14.16015625,46.875,0,1796,6,Shawn
3.41796875,10.7421875,0.9765625,18.06640625,0,1797,6,Shawn
33.203125,19.53125,-7.8125,9.27734375,0,1798,6,Shawn
30.76171875,5.37109375,20.01953125,43.45703125,0,1799,6,Shawn
4.8828125,-8.7890625,36.62109375,65.91796875,0,1800,6,Shawn
0.9765625,-4.8828125,21.97265625,37.59765625,0,1801,6,Shawn
29.78515625,2.9296875,8.7890625,13.18359375,0,1802,6,Shawn
46.875,7.32421875,13.671875,42.48046875,0,1803,6,Shawn
20.99609375,6.8359375,2.44140625,68.84765625,0,1804,6,Shawn
-10.25390625,11.71875,-5.859375,35.64453125,0,1805,6,Shawn
-1.46484375,14.16015625,13.18359375,-5.37109375,0,1806,6,Shawn
22.4609375,14.16015625,27.83203125,-0.48828125,0,1807,6,Shawn
15.625,8.30078125,23.4375,26.3671875,0,1808,6,Shawn
-5.37109375,0.9765625,6.8359375,43.45703125,0,1809,6,Shawn
12.20703125,5.37109375,-13.18359375,21.484375,0,1810,6,Shawn
36.1328125,16.6015625,-19.53125,11.71875,0,1811,6,Shawn
26.3671875,18.5546875,11.71875,36.1328125,0,1812,6,Shawn
16.11328125,12.6953125,39.0625,58.59375,0,1813,6,Shawn
27.83203125,9.765625,14.16015625,47.8515625,0,1814,6,Shawn
52.734375,20.99609375,1.953125,31.25,0,1815,6,Shawn
48.33984375,32.71484375,11.23046875,48.828125,0,1816,6,Shawn
21.97265625,22.94921875,15.625,71.77734375,0,1817,6,Shawn
20.01953125,8.7890625,30.76171875,50.29296875,0,1818,6,Shawn
46.875,17.08984375,28.80859375,23.4375,0,1819,6,Shawn
42.96875,29.78515625,16.11328125,33.69140625,0,1820,6,Shawn
3.90625,20.99609375,10.25390625,48.33984375,0,1821,6,Shawn
-5.859375,23.4375,-1.953125,39.55078125,0,1822,6,Shawn
23.92578125,21.97265625,-7.32421875,10.25390625,0,1823,6,Shawn
42.96875,10.25390625,5.859375,6.8359375,0,1824,6,Shawn
25.390625,16.11328125,33.203125,40.52734375,0,1825,6,Shawn
-0.9765625,12.6953125,39.0625,47.36328125,0,1826,6,Shawn
20.5078125,11.23046875,26.3671875,20.99609375,0,1827,6,Shawn
51.26953125,17.08984375,20.01953125,19.04296875,0,1828,6,Shawn
26.3671875,5.859375,16.6015625,40.0390625,0,1829,6,Shawn
0.48828125,6.34765625,20.99609375,55.6640625,0,1830,6,Shawn
2.9296875,13.671875,18.06640625,25.87890625,0,1831,6,Shawn
28.80859375,20.01953125,14.16015625,4.39453125,0,1832,6,Shawn
37.59765625,33.69140625,10.7421875,40.52734375,0,1833,6,Shawn
-0.48828125,33.69140625,9.27734375,50.29296875,0,1834,6,Shawn
-9.765625,11.23046875,33.69140625,21.97265625,0,1835,6,Shawn
17.08984375,-9.27734375,38.0859375,-4.8828125,0,1836,6,Shawn
39.0625,-2.44140625,17.08984375,19.53125,0,1837,6,Shawn
17.578125,6.34765625,22.4609375,58.10546875,0,1838,6,Shawn
-9.765625,10.25390625,27.34375,46.38671875,0,1839,6,Shawn
11.23046875,9.27734375,25.390625,24.4140625,0,1840,6,Shawn
41.015625,10.7421875,21.97265625,38.0859375,0,1841,6,Shawn
34.66796875,18.06640625,18.5546875,60.05859375,0,1842,6,Shawn
13.671875,17.08984375,18.5546875,66.89453125,0,1843,6,Shawn
28.3203125,11.71875,28.80859375,53.7109375,0,1844,6,Shawn
43.9453125,-2.9296875,22.4609375,31.73828125,0,1845,6,Shawn
22.94921875,0.48828125,0.48828125,41.50390625,0,1846,6,Shawn
-0.9765625,11.23046875,-5.859375,59.08203125,0,1847,6,Shawn
11.71875,20.01953125,11.23046875,42.96875,0,1848,6,Shawn
45.8984375,30.2734375,36.62109375,30.2734375,0,1849,6,Shawn
60.05859375,38.57421875,37.59765625,60.05859375,0,1850,6,Shawn
31.25,32.2265625,33.203125,75.1953125,0,1851,6,Shawn
14.6484375,19.04296875,32.2265625,53.7109375,0,1852,6,Shawn
38.57421875,19.53125,18.5546875,24.90234375,0,1853,6,Shawn
47.36328125,12.20703125,-4.39453125,15.625,0,1854,6,Shawn
21.484375,11.23046875,1.953125,34.66796875,0,1855,6,Shawn
11.71875,28.3203125,16.6015625,46.38671875,0,1856,6,Shawn
44.43359375,28.3203125,13.18359375,20.01953125,0,1857,6,Shawn
66.89453125,20.5078125,12.6953125,13.671875,0,1858,6,Shawn
48.828125,30.2734375,10.25390625,46.38671875,0,1859,6,Shawn
20.01953125,34.66796875,11.23046875,54.19921875,0,1860,6,Shawn
18.5546875,20.5078125,9.765625,23.4375,0,1861,6,Shawn
41.9921875,18.5546875,6.34765625,18.06640625,0,1862,6,Shawn
37.109375,21.97265625,21.97265625,42.48046875,0,1863,6,Shawn
3.41796875,17.578125,27.83203125,58.59375,0,1864,6,Shawn
-1.953125,14.6484375,25.390625,47.36328125,0,1865,6,Shawn
29.78515625,16.11328125,37.109375,26.85546875,0,1866,6,Shawn
42.48046875,15.13671875,32.71484375,42.96875,0,1867,6,Shawn
6.34765625,10.7421875,7.32421875,60.546875,0,1868,6,Shawn
-6.8359375,3.41796875,10.7421875,41.9921875,0,1869,6,Shawn
30.76171875,7.8125,12.20703125,22.94921875,0,1870,6,Shawn
45.8984375,30.2734375,1.46484375,31.73828125,0,1871,6,Shawn
14.6484375,30.2734375,15.13671875,49.8046875,0,1872,6,Shawn
-2.44140625,21.484375,27.34375,49.8046875,0,1873,6,Shawn
23.92578125,27.34375,38.57421875,31.73828125,0,1874,6,Shawn
55.6640625,38.57421875,47.36328125,36.62109375,0,1875,6,Shawn
38.0859375,15.13671875,35.15625,48.828125,0,1876,6,Shawn
5.37109375,-14.16015625,18.06640625,54.6875,0,1877,6,Shawn
18.06640625,1.46484375,5.37109375,32.71484375,0,1878,6,Shawn
37.59765625,22.4609375,0.0,14.6484375,0,1879,6,Shawn
21.484375,9.765625,5.859375,28.80859375,0,1880,6,Shawn
-11.71875,4.8828125,20.5078125,42.48046875,0,1881,6,Shawn
-16.11328125,12.20703125,38.57421875,32.2265625,0,1882,6,Shawn
15.13671875,16.11328125,42.48046875,18.5546875,0,1883,6,Shawn
25.87890625,23.92578125,32.2265625,24.90234375,0,1884,6,Shawn
-1.46484375,13.671875,17.578125,40.52734375,0,1885,6,Shawn
-7.8125,-0.9765625,10.7421875,44.921875,0,1886,6,Shawn
20.99609375,1.953125,23.92578125,24.4140625,0,1887,6,Shawn
41.9921875,10.25390625,23.92578125,18.5546875,0,1888,6,Shawn
22.4609375,14.6484375,12.6953125,45.41015625,0,1889,6,Shawn
0.9765625,12.6953125,17.08984375,50.29296875,0,1890,6,Shawn
21.97265625,9.27734375,22.94921875,33.203125,0,1891,6,Shawn
47.8515625,0.9765625,17.578125,24.4140625,0,1892,6,Shawn
35.64453125,7.32421875,7.32421875,43.45703125,0,1893,6,Shawn
9.27734375,19.04296875,15.13671875,66.40625,0,1894,6,Shawn
21.484375,20.5078125,24.4140625,56.640625,0,1895,6,Shawn
57.6171875,23.4375,11.23046875,35.64453125,0,1896,6,Shawn
43.45703125,24.4140625,-0.9765625,41.015625,0,1897,6,Shawn
6.34765625,20.5078125,20.01953125,63.96484375,0,1898,6,Shawn
0.9765625,19.04296875,31.25,50.29296875,0,1899,6,Shawn
26.3671875,7.32421875,19.53125,24.90234375,0,1900,6,Shawn
41.9921875,-4.39453125,35.64453125,31.25,0,1901,6,Shawn
23.92578125,6.8359375,43.45703125,56.640625,0,1902,6,Shawn
16.6015625,11.23046875,26.85546875,52.24609375,0,1903,6,Shawn
33.69140625,10.25390625,13.18359375,24.4140625,0,1904,6,Shawn
54.19921875,24.90234375,13.18359375,31.73828125,0,1905,6,Shawn
28.80859375,24.4140625,12.6953125,51.26953125,0,1906,6,Shawn
-5.859375,21.484375,15.625,53.22265625,0,1907,6,Shawn
9.765625,17.578125,16.6015625,21.97265625,0,1908,6,Shawn
41.50390625,11.23046875,14.6484375,7.8125,0,1909,6,Shawn
27.83203125,3.90625,20.5078125,33.203125,0,1910,6,Shawn
-4.39453125,-11.23046875,27.34375,47.36328125,0,1911,6,Shawn
2.9296875,-12.20703125,30.76171875,26.3671875,0,1912,6,Shawn
36.1328125,-4.39453125,23.92578125,13.18359375,0,1913,6,Shawn
41.015625,0.9765625,16.6015625,34.66796875,0,1914,6,Shawn
21.97265625,17.08984375,7.8125,66.40625,0,1915,6,Shawn
6.8359375,31.25,-10.7421875,53.7109375,0,1916,6,Shawn
43.45703125,28.3203125,3.41796875,37.59765625,0,1917,6,Shawn
77.63671875,20.01953125,27.34375,54.6875,0,1918,6,Shawn
30.2734375,19.04296875,19.53125,54.6875,0,1919,6,Shawn
-9.765625,5.37109375,29.78515625,43.45703125,0,1920,6,Shawn
7.8125,-1.953125,44.43359375,21.97265625,0,1921,6,Shawn
24.90234375,4.39453125,51.7578125,13.671875,0,1922,6,Shawn
19.04296875,10.25390625,46.38671875,40.52734375,0,1923,6,Shawn
-4.8828125,11.23046875,29.296875,49.8046875,0,1924,6,Shawn
-0.48828125,0.9765625,29.78515625,30.2734375,0,1925,6,Shawn
31.25,-15.625,31.25,13.18359375,0,1926,6,Shawn
25.390625,-22.4609375,27.34375,25.87890625,0,1927,6,Shawn
10.7421875,-1.46484375,14.16015625,59.08203125,0,1928,6,Shawn
10.25390625,-4.8828125,1.46484375,47.36328125,0,1929,6,Shawn
31.25,-11.71875,17.578125,27.34375,0,1930,6,Shawn
40.52734375,10.7421875,36.1328125,39.55078125,0,1931,6,Shawn
6.34765625,17.08984375,20.99609375,50.78125,0,1932,6,Shawn
-3.41796875,13.671875,10.7421875,37.109375,0,1933,6,Shawn
20.99609375,13.18359375,21.97265625,15.13671875,0,1934,6,Shawn
40.0390625,5.37109375,35.64453125,16.11328125,0,1935,6,Shawn
22.4609375,2.9296875,36.1328125,36.1328125,0,1936,6,Shawn
-3.90625,4.39453125,17.578125,46.38671875,0,1937,6,Shawn
17.578125,9.27734375,13.671875,20.5078125,0,1938,6,Shawn
39.55078125,9.27734375,15.625,3.90625,0,1939,6,Shawn
15.13671875,-6.34765625,13.18359375,22.94921875,0,1940,6,Shawn
-13.671875,-6.34765625,25.390625,48.828125,0,1941,6,Shawn
-7.8125,1.46484375,22.4609375,38.0859375,0,1942,6,Shawn
23.92578125,8.7890625,17.578125,21.97265625,0,1943,6,Shawn
35.15625,17.08984375,21.97265625,41.50390625,0,1944,6,Shawn
10.7421875,12.6953125,6.34765625,66.40625,0,1945,6,Shawn
-2.44140625,8.7890625,5.37109375,53.22265625,0,1946,6,Shawn
23.92578125,6.8359375,39.0625,36.62109375,0,1947,6,Shawn
33.69140625,11.23046875,43.45703125,48.33984375,0,1948,6,Shawn
10.7421875,7.32421875,26.85546875,61.03515625,0,1949,6,Shawn
-8.7890625,0.48828125,30.2734375,48.828125,0,1950,6,Shawn
13.671875,11.23046875,31.25,28.80859375,0,1951,6,Shawn
36.1328125,15.13671875,25.87890625,31.25,0,1952,6,Shawn
20.99609375,2.9296875,34.1796875,55.17578125,0,1953,6,Shawn
7.8125,-4.39453125,34.66796875,67.87109375,0,1954,6,Shawn
18.5546875,6.8359375,5.859375,53.22265625,0,1955,6,Shawn
34.1796875,12.20703125,-5.859375,37.59765625,0,1956,6,Shawn
25.390625,11.71875,16.11328125,44.921875,0,1957,6,Shawn
2.44140625,17.578125,22.94921875,54.6875,0,1958,6,Shawn
0.48828125,18.06640625,21.97265625,34.66796875,0,1959,6,Shawn
26.3671875,13.671875,38.0859375,12.6953125,0,1960,6,Shawn
31.25,6.8359375,49.31640625,23.92578125,0,1961,6,Shawn
4.8828125,8.7890625,35.15625,46.875,0,1962,6,Shawn
-1.46484375,17.08984375,20.99609375,39.55078125,0,1963,6,Shawn
17.08984375,7.32421875,20.5078125,8.30078125,0,1964,6,Shawn
19.53125,-14.6484375,20.01953125,3.90625,0,1965,6,Shawn
-2.44140625,-5.37109375,21.484375,39.0625,0,1966,6,Shawn
-8.30078125,13.18359375,17.08984375,44.43359375,0,1967,6,Shawn
13.18359375,9.27734375,-0.48828125,19.53125,0,1968,6,Shawn
30.2734375,14.6484375,-7.8125,20.99609375,0,1969,6,Shawn
12.20703125,13.18359375,-4.39453125,42.96875,0,1970,6,Shawn
-14.16015625,5.37109375,20.01953125,54.6875,0,1971,6,Shawn
-7.8125,3.41796875,32.2265625,20.01953125,0,1972,6,Shawn
16.6015625,-3.90625,19.04296875,6.34765625,0,1973,6,Shawn
19.53125,-0.9765625,20.01953125,32.2265625,0,1974,6,Shawn
3.90625,11.23046875,34.1796875,56.15234375,0,1975,6,Shawn
2.44140625,14.16015625,37.59765625,37.59765625,0,1976,6,Shawn
23.92578125,20.99609375,19.53125,9.27734375,0,1977,6,Shawn
34.66796875,12.6953125,11.23046875,25.87890625,0,1978,6,Shawn
10.25390625,5.859375,16.6015625,46.38671875,0,1979,6,Shawn
3.41796875,12.20703125,15.13671875,47.36328125,0,1980,6,Shawn
28.80859375,14.16015625,17.08984375,27.34375,0,1981,6,Shawn
35.64453125,21.97265625,11.23046875,17.578125,0,1982,6,Shawn
6.34765625,11.23046875,16.11328125,28.80859375,0,1983,6,Shawn
-8.7890625,7.8125,32.2265625,23.4375,0,1984,6,Shawn
13.18359375,12.20703125,31.25,4.39453125,0,1985,6,Shawn
38.57421875,11.71875,11.71875,9.27734375,0,1986,6,Shawn
23.4375,23.92578125,-5.859375,33.203125,0,1987,6,Shawn
-8.30078125,28.80859375,1.46484375,38.0859375,0,1988,6,Shawn
-6.34765625,20.01953125,10.25390625,18.06640625,0,1989,6,Shawn
25.390625,11.71875,11.23046875,11.71875,0,1990,6,Shawn
25.87890625,4.8828125,13.671875,30.76171875,0,1991,6,Shawn
4.8828125,7.8125,5.37109375,52.734375,0,1992,6,Shawn
15.625,7.8125,9.765625,45.8984375,0,1993,6,Shawn
44.43359375,6.8359375,23.4375,29.78515625,0,1994,6,Shawn
47.8515625,15.13671875,18.06640625,34.66796875,0,1995,6,Shawn
22.4609375,27.34375,6.8359375,56.640625,0,1996,6,Shawn
11.23046875,25.87890625,12.20703125,60.05859375,0,1997,6,Shawn
31.73828125,20.99609375,19.04296875,38.0859375,0,1998,6,Shawn
50.29296875,19.04296875,26.3671875,35.15625,0,1999,6,Shawn
30.76171875,25.87890625,28.3203125,53.22265625,0,2000,6,Shawn
0.0,29.296875,17.08984375,56.15234375,0,2001,6,Shawn
6.34765625,16.11328125,17.08984375,36.1328125,0,2002,6,Shawn
36.1328125,11.23046875,20.01953125,35.64453125,0,2003,6,Shawn
38.0859375,10.7421875,22.94921875,61.5234375,0,2004,6,Shawn
15.625,20.5078125,30.2734375,76.171875,0,2005,6,Shawn
18.06640625,30.76171875,21.484375,53.22265625,0,2006,6,Shawn
43.9453125,25.87890625,18.5546875,28.3203125,0,2007,6,Shawn
47.8515625,26.3671875,34.1796875,50.29296875,0,2008,6,Shawn
24.90234375,34.66796875,35.64453125,82.51953125,0,2009,6,Shawn
9.27734375,14.6484375,13.18359375,62.5,0,2010,6,Shawn
36.62109375,4.8828125,20.01953125,24.4140625,0,2011,6,Shawn
58.59375,29.296875,32.71484375,37.109375,0,2012,6,Shawn
32.2265625,29.78515625,37.109375,67.87109375,0,2013,6,Shawn
8.7890625,11.71875,41.015625,59.08203125,0,2014,6,Shawn
20.01953125,13.18359375,11.23046875,24.4140625,0,2015,6,Shawn
37.109375,20.99609375,-5.37109375,16.11328125,0,2016,6,Shawn
27.83203125,23.92578125,18.5546875,46.38671875,0,2017,6,Shawn
4.8828125,19.53125,37.109375,56.640625,0,2018,6,Shawn
15.13671875,11.71875,28.3203125,29.296875,0,2019,6,Shawn
37.109375,15.13671875,27.34375,15.625,0,2020,6,Shawn
25.87890625,21.97265625,21.484375,41.9921875,0,2021,6,Shawn
4.39453125,26.85546875,4.8828125,62.98828125,0,2022,6,Shawn
-1.46484375,22.4609375,4.39453125,24.90234375,0,2023,6,Shawn
20.01953125,12.20703125,16.11328125,-12.6953125,0,2024,6,Shawn
28.80859375,10.25390625,17.08984375,11.71875,0,2025,6,Shawn
4.8828125,14.6484375,8.7890625,49.31640625,0,2026,6,Shawn
-7.32421875,18.06640625,6.34765625,43.9453125,0,2027,6,Shawn
18.06640625,16.6015625,19.04296875,13.18359375,0,2028,6,Shawn
27.83203125,10.7421875,34.1796875,1.953125,0,2029,6,Shawn
2.9296875,12.6953125,26.85546875,20.01953125,0,2030,6,Shawn
-2.9296875,19.53125,8.30078125,38.57421875,0,2031,6,Shawn
25.87890625,19.53125,18.5546875,28.3203125,0,2032,6,Shawn
50.78125,19.04296875,35.64453125,26.85546875,0,2033,6,Shawn
27.83203125,13.18359375,23.4375,32.71484375,0,2034,6,Shawn
-5.859375,17.08984375,17.08984375,44.43359375,0,2035,6,Shawn
6.8359375,20.01953125,26.3671875,44.43359375,0,2036,6,Shawn
40.52734375,10.25390625,30.76171875,34.1796875,0,2037,6,Shawn
27.83203125,11.23046875,5.37109375,46.38671875,0,2038,6,Shawn
2.44140625,14.6484375,4.39453125,62.98828125,0,2039,6,Shawn
3.41796875,8.7890625,31.73828125,46.875,0,2040,6,Shawn
21.484375,0.48828125,40.52734375,20.5078125,0,2041,6,Shawn
30.76171875,8.30078125,41.015625,32.2265625,0,2042,6,Shawn
5.859375,20.5078125,30.76171875,55.6640625,0,2043,6,Shawn
-1.953125,19.53125,12.6953125,50.29296875,0,2044,6,Shawn
29.78515625,24.4140625,7.32421875,27.83203125,0,2045,6,Shawn
41.50390625,26.3671875,12.20703125,24.90234375,0,2046,6,Shawn
15.13671875,20.5078125,12.6953125,45.41015625,0,2047,6,Shawn
5.859375,19.04296875,18.5546875,62.01171875,0,2048,6,Shawn
21.484375,12.20703125,24.4140625,36.1328125,0,2049,6,Shawn
29.78515625,11.71875,20.99609375,8.30078125,0,2050,6,Shawn
21.484375,24.4140625,21.484375,34.1796875,0,2051,6,Shawn
-0.48828125,23.4375,21.97265625,51.7578125,0,2052,6,Shawn
3.41796875,17.578125,20.99609375,39.0625,0,2053,6,Shawn
29.78515625,15.13671875,17.578125,18.5546875,0,2054,6,Shawn
33.203125,24.90234375,20.01953125,34.66796875,0,2055,6,Shawn
16.11328125,25.390625,20.5078125,67.87109375,0,2056,6,Shawn
-0.48828125,2.44140625,-6.8359375,42.48046875,0,2057,6,Shawn
17.578125,3.90625,-7.32421875,10.25390625,0,2058,6,Shawn
35.15625,21.484375,21.97265625,24.4140625,0,2059,6,Shawn
8.30078125,17.578125,42.48046875,53.22265625,0,2060,6,Shawn
-2.9296875,9.765625,45.8984375,41.015625,0,2061,6,Shawn
24.4140625,10.25390625,29.296875,12.20703125,0,2062,6,Shawn
46.38671875,13.671875,8.7890625,25.87890625,0,2063,6,Shawn
38.0859375,34.66796875,-0.48828125,56.640625,0,2064,6,Shawn
18.06640625,35.64453125,4.8828125,62.5,0,2065,6,Shawn
21.97265625,16.11328125,23.92578125,38.57421875,0,2066,6,Shawn
48.828125,13.18359375,33.69140625,35.15625,0,2067,6,Shawn
43.45703125,20.99609375,31.25,64.453125,0,2068,6,Shawn
17.578125,15.625,33.69140625,70.3125,0,2069,6,Shawn
17.578125,11.23046875,24.4140625,41.50390625,0,2070,6,Shawn
48.828125,28.3203125,16.6015625,29.78515625,0,2071,6,Shawn
57.6171875,34.66796875,34.66796875,50.78125,0,2072,6,Shawn
15.625,27.34375,25.390625,68.359375,0,2073,6,Shawn
2.9296875,22.4609375,-4.8828125,55.6640625,0,2074,6,Shawn
34.66796875,10.25390625,0.0,30.2734375,0,2075,6,Shawn
42.96875,0.9765625,12.6953125,36.1328125,0,2076,6,Shawn
12.6953125,3.90625,19.53125,51.7578125,0,2077,6,Shawn
-6.34765625,15.13671875,33.203125,44.43359375,0,2078,6,Shawn
17.08984375,26.85546875,40.52734375,21.97265625,0,2079,6,Shawn
40.0390625,26.3671875,24.90234375,23.92578125,0,2080,6,Shawn
16.11328125,20.99609375,9.765625,43.9453125,0,2081,6,Shawn
-9.765625,4.39453125,16.11328125,48.828125,0,2082,6,Shawn
7.32421875,-1.46484375,23.4375,36.62109375,0,2083,6,Shawn
25.390625,8.30078125,26.85546875,17.08984375,0,2084,6,Shawn
18.5546875,12.6953125,38.0859375,22.4609375,0,2085,6,Shawn
-4.8828125,20.99609375,47.8515625,48.33984375,0,2086,6,Shawn
-10.25390625,20.99609375,33.203125,40.52734375,0,2087,6,Shawn
15.13671875,19.04296875,16.11328125,20.5078125,0,2088,6,Shawn
24.4140625,10.7421875,16.6015625,32.2265625,0,2089,6,Shawn
3.90625,9.27734375,21.97265625,56.640625,0,2090,6,Shawn
-8.30078125,15.13671875,21.484375,46.38671875,0,2091,6,Shawn
14.6484375,11.23046875,22.94921875,13.18359375,0,2092,6,Shawn
25.87890625,14.6484375,4.39453125,20.01953125,0,2093,6,Shawn
11.23046875,19.53125,1.953125,57.6171875,0,2094,6,Shawn
8.7890625,18.06640625,31.73828125,64.453125,0,2095,6,Shawn
20.5078125,6.8359375,22.4609375,25.390625,0,2096,6,Shawn
38.0859375,9.27734375,-1.953125,13.671875,0,2097,6,Shawn
26.3671875,25.390625,-7.32421875,40.0390625,0,2098,6,Shawn
-0.9765625,21.97265625,0.9765625,46.875,0,2099,6,Shawn
4.8828125,20.5078125,14.16015625,26.85546875,0,2100,6,Shawn
40.52734375,24.4140625,16.6015625,20.5078125,0,2101,6,Shawn
43.45703125,15.13671875,19.53125,35.64453125,0,2102,6,Shawn
5.37109375,-0.48828125,21.97265625,41.50390625,0,2103,6,Shawn
-7.8125,-1.953125,33.203125,29.296875,0,2104,6,Shawn
24.4140625,17.08984375,43.45703125,24.4140625,0,2105,6,Shawn
37.109375,21.484375,41.015625,37.109375,0,2106,6,Shawn
9.27734375,15.625,31.25,48.828125,0,2107,6,Shawn
-7.8125,14.16015625,18.06640625,42.48046875,0,2108,6,Shawn
15.13671875,15.625,15.13671875,27.34375,0,2109,6,Shawn
39.0625,10.7421875,19.04296875,32.71484375,0,2110,6,Shawn
15.13671875,-1.46484375,12.6953125,54.6875,0,2111,6,Shawn
-8.7890625,5.859375,5.37109375,55.17578125,0,2112,6,Shawn
7.8125,10.25390625,15.625,33.69140625,0,2113,6,Shawn
30.76171875,14.16015625,34.66796875,24.90234375,0,2114,6,Shawn
17.08984375,27.34375,26.85546875,37.59765625,0,2115,6,Shawn
-1.953125,40.52734375,15.625,63.4765625,0,2116,6,Shawn
1.46484375,26.85546875,24.90234375,45.8984375,0,2117,6,Shawn
27.34375,7.32421875,36.1328125,7.8125,0,2118,6,Shawn
34.1796875,16.11328125,28.3203125,17.578125,0,2119,6,Shawn
-0.48828125,19.53125,30.2734375,38.0859375,0,2120,6,Shawn
-12.20703125,15.625,48.33984375,29.296875,0,2121,6,Shawn
9.27734375,12.6953125,41.9921875,8.7890625,0,2122,6,Shawn
2.44140625,7.8125,31.25,-0.48828125,0,2123,6,Shawn
-43.9453125,7.32421875,40.52734375,7.8125,0,2124,6,Shawn
-55.17578125,20.99609375,47.8515625,12.20703125,0,2125,6,Shawn
-32.2265625,24.90234375,42.48046875,-10.25390625,0,2126,6,Shawn
-46.38671875,6.34765625,39.0625,-45.41015625,0,2127,6,Shawn
-103.02734375,-1.953125,49.31640625,-63.4765625,0,2128,6,Shawn
-148.4375,2.44140625,39.55078125,-78.61328125,0,2129,6,Shawn
-155.2734375,-5.37109375,13.18359375,-129.8828125,0,2130,6,Shawn
-154.296875,-7.8125,24.4140625,-155.76171875,0,2131,6,Shawn
-180.17578125,-9.27734375,50.78125,-157.2265625,0,2132,6,Shawn
-220.703125,-10.25390625,71.2890625,-166.9921875,0,2133,6,Shawn
-220.703125,0.9765625,82.51953125,-180.17578125,0,2134,6,Shawn
-195.3125,6.34765625,83.984375,-204.1015625,0,2135,6,Shawn
-189.453125,5.37109375,80.56640625,-192.87109375,0,2136,6,Shawn
-192.87109375,11.23046875,59.08203125,-149.4140625,0,2137,6,Shawn
-193.84765625,18.5546875,43.45703125,-136.71875,0,2138,6,Shawn
-155.2734375,15.13671875,55.6640625,-145.99609375,0,2139,6,Shawn
-111.81640625,7.8125,58.59375,-118.1640625,0,2140,6,Shawn
-123.53515625,11.71875,44.921875,-82.03125,0,2141,6,Shawn
-119.140625,8.7890625,36.1328125,-61.03515625,0,2142,6,Shawn
-71.77734375,-0.9765625,49.31640625,-62.98828125,0,2143,6,Shawn
-31.25,11.23046875,38.0859375,-52.24609375,0,2144,6,Shawn
-20.5078125,18.5546875,14.16015625,-12.6953125,0,2145,6,Shawn
-36.1328125,16.11328125,28.3203125,1.46484375,0,2146,6,Shawn
-30.76171875,11.23046875,39.0625,-8.7890625,0,2147,6,Shawn
9.27734375,10.25390625,39.55078125,-9.27734375,0,2148,6,Shawn
28.80859375,24.4140625,33.69140625,26.85546875,0,2149,6,Shawn
22.94921875,31.73828125,16.11328125,66.40625,0,2150,6,Shawn
22.4609375,14.6484375,8.30078125,58.10546875,0,2151,6,Shawn
40.0390625,-6.8359375,13.18359375,37.109375,0,2152,6,Shawn
62.01171875,-0.9765625,5.37109375,57.6171875,0,2153,6,Shawn
50.29296875,24.4140625,-16.11328125,98.6328125,0,2154,6,Shawn
41.50390625,28.80859375,-19.04296875,93.26171875,0,2155,6,Shawn
83.0078125,18.06640625,-6.8359375,68.84765625,0,2156,6,Shawn
108.88671875,23.4375,-1.953125,69.3359375,0,2157,6,Shawn
90.33203125,17.578125,3.90625,88.8671875,0,2158,6,Shawn
66.40625,0.0,12.20703125,100.09765625,0,2159,6,Shawn
70.3125,6.34765625,1.953125,73.73046875,0,2160,6,Shawn
94.23828125,20.99609375,3.90625,66.89453125,0,2161,6,Shawn
83.0078125,18.5546875,12.20703125,98.14453125,0,2162,6,Shawn
53.22265625,0.9765625,-6.8359375,111.328125,0,2163,6,Shawn
62.01171875,4.8828125,-28.3203125,92.28515625,0,2164,6,Shawn
86.9140625,23.4375,-21.484375,74.70703125,0,2165,6,Shawn
80.078125,17.578125,14.16015625,84.47265625,0,2166,6,Shawn
48.828125,4.39453125,24.4140625,96.19140625,0,2167,6,Shawn
56.15234375,0.48828125,21.484375,88.8671875,0,2168,6,Shawn
102.5390625,9.27734375,16.11328125,77.1484375,0,2169,6,Shawn
116.2109375,26.3671875,0.9765625,89.35546875,0,2170,6,Shawn
74.21875,23.92578125,-0.48828125,109.375,0,2171,6,Shawn
53.7109375,-1.953125,2.9296875,100.5859375,0,2172,6,Shawn
87.40234375,-0.48828125,4.8828125,79.58984375,0,2173,6,Shawn
121.09375,1.953125,-1.46484375,95.703125,0,2174,6,Shawn
126.46484375,0.0,-13.18359375,139.6484375,0,2175,6,Shawn
74.70703125,27.83203125,-0.9765625,124.0234375,0,2176,6,Shawn
41.9921875,37.109375,20.99609375,77.1484375,0,2177,6,Shawn
52.24609375,28.3203125,22.94921875,56.640625,0,2178,6,Shawn
43.9453125,20.99609375,22.4609375,69.3359375,0,2179,6,Shawn
20.5078125,24.90234375,9.27734375,75.68359375,0,2180,6,Shawn
35.64453125,32.2265625,-11.23046875,59.5703125,0,2181,6,Shawn
69.82421875,28.80859375,-27.83203125,45.8984375,0,2182,6,Shawn
63.4765625,21.97265625,-43.9453125,43.9453125,0,2183,6,Shawn
29.296875,20.99609375,-30.76171875,54.6875,0,2184,6,Shawn
20.5078125,39.0625,-20.99609375,47.36328125,0,2185,6,Shawn
54.19921875,45.41015625,-36.1328125,30.76171875,0,2186,6,Shawn
62.98828125,42.48046875,-33.69140625,33.69140625,0,2187,6,Shawn
39.55078125,55.17578125,-24.4140625,59.08203125,0,2188,6,Shawn
32.2265625,48.828125,-26.3671875,58.10546875,0,2189,6,Shawn
59.08203125,34.1796875,-17.08984375,36.1328125,0,2190,6,Shawn
79.1015625,39.55078125,-18.5546875,26.85546875,0,2191,6,Shawn
65.91796875,41.9921875,-29.78515625,47.36328125,0,2192,6,Shawn
54.19921875,41.9921875,-30.2734375,74.70703125,0,2193,6,Shawn
80.078125,26.85546875,-34.66796875,70.80078125,0,2194,6,Shawn
107.421875,19.53125,-32.2265625,56.15234375,0,2195,6,Shawn
89.84375,24.4140625,-12.20703125,67.3828125,0,2196,6,Shawn
63.4765625,26.85546875,-2.9296875,97.16796875,0,2197,6,Shawn
70.80078125,20.01953125,-2.44140625,86.9140625,0,2198,6,Shawn
97.16796875,20.01953125,0.9765625,61.03515625,0,2199,6,Shawn
106.93359375,33.203125,-5.37109375,74.21875,0,2200,6,Shawn
86.9140625,38.0859375,1.953125,99.609375,0,2201,6,Shawn
73.2421875,32.71484375,10.7421875,97.65625,0,2202,6,Shawn
91.30859375,26.85546875,-2.9296875,70.3125,0,2203,6,Shawn
100.09765625,27.83203125,-10.7421875,68.84765625,0,2204,6,Shawn
76.66015625,24.90234375,-2.44140625,95.703125,0,2205,6,Shawn
55.6640625,20.01953125,-4.8828125,100.5859375,0,2206,6,Shawn
71.77734375,18.06640625,-0.48828125,72.75390625,0,2207,6,Shawn
89.84375,22.4609375,20.5078125,52.24609375,0,2208,6,Shawn
76.171875,25.87890625,33.203125,75.68359375,0,2209,6,Shawn
57.12890625,23.92578125,33.203125,99.609375,0,2210,6,Shawn
64.94140625,26.85546875,15.13671875,84.9609375,0,2211,6,Shawn
83.984375,25.390625,7.8125,57.6171875,0,2212,6,Shawn
78.125,26.3671875,15.13671875,78.61328125,0,2213,6,Shawn
44.43359375,18.5546875,10.7421875,100.5859375,0,2214,6,Shawn
20.01953125,-6.34765625,5.37109375,57.6171875,0,2215,6,Shawn
53.22265625,-0.9765625,9.765625,33.203125,0,2216,6,Shawn
65.4296875,24.4140625,3.41796875,45.41015625,0,2217,6,Shawn
33.203125,20.01953125,7.32421875,68.359375,0,2218,6,Shawn
37.109375,13.18359375,24.90234375,80.56640625,0,2219,6,Shawn
68.84765625,18.06640625,32.71484375,52.24609375,0,2220,6,Shawn
79.58984375,12.20703125,31.25,46.38671875,0,2221,6,Shawn
49.8046875,10.7421875,20.99609375,76.171875,0,2222,6,Shawn
22.94921875,22.94921875,5.37109375,82.51953125,0,2223,6,Shawn
38.57421875,23.92578125,1.953125,50.29296875,0,2224,6,Shawn
69.82421875,18.5546875,3.41796875,37.59765625,0,2225,6,Shawn
65.4296875,22.4609375,13.671875,62.01171875,0,2226,6,Shawn
33.203125,21.97265625,24.4140625,74.21875,0,2227,6,Shawn
26.3671875,10.25390625,25.87890625,53.22265625,0,2228,6,Shawn
55.17578125,15.625,33.203125,34.1796875,0,2229,6,Shawn
69.3359375,25.390625,27.34375,53.7109375,0,2230,6,Shawn
32.71484375,10.25390625,13.671875,68.359375,0,2231,6,Shawn
13.671875,-2.44140625,14.6484375,46.875,0,2232,6,Shawn
39.55078125,5.859375,11.71875,19.53125,0,2233,6,Shawn
60.05859375,13.18359375,14.6484375,35.15625,0,2234,6,Shawn
36.1328125,15.13671875,19.53125,59.5703125,0,2235,6,Shawn
19.53125,19.53125,20.01953125,54.6875,0,2236,6,Shawn
48.33984375,27.83203125,21.484375,31.73828125,0,2237,6,Shawn
81.0546875,39.0625,25.87890625,37.109375,0,2238,6,Shawn
59.5703125,23.92578125,29.296875,70.80078125,0,2239,6,Shawn
14.6484375,3.41796875,23.4375,67.87109375,0,2240,6,Shawn
16.6015625,6.34765625,8.7890625,28.80859375,0,2241,6,Shawn
41.9921875,12.20703125,-7.32421875,14.16015625,0,2242,6,Shawn
34.66796875,0.9765625,10.7421875,36.1328125,0,2243,6,Shawn
4.39453125,-2.44140625,36.1328125,55.17578125,0,2244,6,Shawn
10.25390625,15.625,43.45703125,51.26953125,0,2245,6,Shawn
46.38671875,23.92578125,37.109375,30.2734375,0,2246,6,Shawn
47.8515625,21.484375,14.16015625,34.1796875,0,2247,6,Shawn
18.06640625,13.18359375,3.41796875,55.6640625,0,2248,6,Shawn
18.06640625,9.765625,11.23046875,61.5234375,0,2249,6,Shawn
38.0859375,2.44140625,20.01953125,36.1328125,0,2250,6,Shawn
34.1796875,-2.44140625,30.2734375,25.390625,0,2251,6,Shawn
16.6015625,6.8359375,31.25,54.6875,0,2252,6,Shawn
1.953125,13.18359375,20.99609375,63.96484375,0,2253,6,Shawn
9.765625,4.8828125,19.04296875,34.66796875,0,2254,6,Shawn
33.203125,-2.44140625,33.69140625,25.390625,0,2255,6,Shawn
16.11328125,6.8359375,32.2265625,45.8984375,0,2256,6,Shawn
-18.5546875,16.6015625,15.13671875,55.6640625,0,2257,6,Shawn
-11.23046875,26.3671875,10.25390625,28.80859375,0,2258,6,Shawn
15.625,17.08984375,18.5546875,10.25390625,0,2259,6,Shawn
29.296875,8.30078125,34.1796875,51.26953125,0,2260,6,Shawn
16.11328125,16.11328125,28.80859375,85.44921875,0,2261,6,Shawn
1.46484375,23.4375,26.85546875,48.33984375,0,2262,6,Shawn
18.5546875,20.01953125,34.1796875,3.41796875,0,2263,6,Shawn
38.57421875,20.01953125,21.484375,15.625,0,2264,6,Shawn
14.6484375,28.80859375,0.9765625,40.0390625,0,2265,6,Shawn
-0.9765625,34.1796875,12.20703125,48.828125,0,2266,6,Shawn
32.71484375,16.11328125,29.296875,37.109375,0,2267,6,Shawn
44.921875,-3.90625,29.78515625,31.73828125,0,2268,6,Shawn
16.6015625,2.44140625,20.99609375,57.6171875,0,2269,6,Shawn
-9.765625,23.4375,2.9296875,66.89453125,0,2270,6,Shawn
12.6953125,31.73828125,4.8828125,44.43359375,0,2271,6,Shawn
42.48046875,17.08984375,22.4609375,24.4140625,0,2272,6,Shawn
27.34375,9.765625,23.92578125,40.0390625,0,2273,6,Shawn
-2.44140625,19.04296875,9.765625,62.01171875,0,2274,6,Shawn
4.39453125,27.83203125,4.8828125,44.921875,0,2275,6,Shawn
28.3203125,13.671875,18.5546875,10.25390625,0,2276,6,Shawn
32.2265625,9.27734375,18.5546875,29.78515625,0,2277,6,Shawn
16.11328125,29.296875,9.27734375,69.3359375,0,2278,6,Shawn
2.44140625,15.13671875,-1.953125,51.26953125,0,2279,6,Shawn
14.16015625,-6.34765625,0.9765625,8.7890625,0,2280,6,Shawn
29.296875,5.859375,25.390625,13.671875,0,2281,6,Shawn
9.765625,11.71875,27.83203125,47.36328125,0,2282,6,Shawn
-5.37109375,13.671875,11.71875,54.19921875,0,2283,6,Shawn
25.390625,10.25390625,12.20703125,31.73828125,0,2284,6,Shawn
59.08203125,8.30078125,29.296875,35.64453125,0,2285,6,Shawn
43.45703125,18.5546875,38.0859375,68.84765625,0,2286,6,Shawn
16.6015625,22.4609375,32.71484375,73.2421875,0,2287,6,Shawn
23.4375,17.578125,13.671875,33.69140625,0,2288,6,Shawn
42.96875,18.06640625,-2.44140625,19.53125,0,2289,6,Shawn
36.62109375,20.99609375,-7.32421875,50.78125,0,2290,6,Shawn
5.859375,4.8828125,6.34765625,71.77734375,0,2291,6,Shawn
2.44140625,-1.46484375,31.73828125,46.875,0,2292,6,Shawn
36.62109375,7.32421875,35.15625,21.484375,0,2293,6,Shawn
54.6875,2.9296875,30.76171875,51.7578125,0,2294,6,Shawn
24.4140625,-0.9765625,21.97265625,80.56640625,0,2295,6,Shawn
-0.48828125,6.34765625,18.5546875,53.7109375,0,2296,6,Shawn
21.97265625,18.06640625,26.85546875,21.97265625,0,2297,6,Shawn
37.109375,22.4609375,16.6015625,26.3671875,0,2298,6,Shawn
12.20703125,23.92578125,19.53125,46.875,0,2299,6,Shawn
-3.90625,20.5078125,20.99609375,50.29296875,0,2300,6,Shawn
27.34375,15.625,17.08984375,28.3203125,0,2301,6,Shawn
47.8515625,14.16015625,24.4140625,19.53125,0,2302,6,Shawn
34.1796875,12.20703125,37.109375,56.15234375,0,2303,6,Shawn
9.765625,14.16015625,34.1796875,69.3359375,0,2304,6,Shawn
16.6015625,7.8125,25.390625,39.55078125,0,2305,6,Shawn
55.6640625,9.27734375,18.06640625,31.25,0,2306,6,Shawn
43.45703125,21.484375,0.48828125,41.9921875,0,2307,6,Shawn
3.41796875,32.71484375,11.71875,62.5,0,2308,6,Shawn
6.8359375,41.50390625,26.3671875,52.24609375,0,2309,6,Shawn
37.59765625,21.97265625,34.1796875,19.53125,0,2310,6,Shawn
41.9921875,8.30078125,36.1328125,17.578125,0,2311,6,Shawn
16.11328125,31.25,31.73828125,48.828125,0,2312,6,Shawn
12.20703125,38.0859375,15.625,63.96484375,0,2313,6,Shawn
35.15625,14.16015625,-7.8125,34.1796875,0,2314,6,Shawn
46.38671875,-7.32421875,2.44140625,35.64453125,0,2315,6,Shawn
34.1796875,2.44140625,28.80859375,68.359375,0,2316,6,Shawn
15.625,15.13671875,41.015625,77.63671875,0,2317,6,Shawn
22.94921875,4.8828125,36.1328125,51.26953125,0,2318,6,Shawn
32.2265625,13.18359375,40.0390625,18.5546875,0,2319,6,Shawn
10.7421875,27.34375,50.78125,35.64453125,0,2320,6,Shawn
-4.8828125,28.3203125,38.57421875,57.12890625,0,2321,6,Shawn
11.71875,20.01953125,26.3671875,27.83203125,0,2322,6,Shawn
34.66796875,21.484375,19.53125,16.6015625,0,2323,6,Shawn
30.2734375,23.92578125,4.39453125,46.875,0,2324,6,Shawn
14.16015625,20.5078125,13.18359375,80.56640625,0,2325,6,Shawn
22.94921875,21.484375,35.64453125,72.265625,0,2326,6,Shawn
44.43359375,5.859375,27.34375,34.66796875,0,2327,6,Shawn
47.8515625,6.8359375,35.64453125,36.1328125,0,2328,6,Shawn
14.16015625,20.01953125,46.875,51.26953125,0,2329,6,Shawn
-2.44140625,21.97265625,13.671875,39.55078125,0,2330,6,Shawn
32.71484375,17.578125,-4.8828125,10.7421875,0,2331,6,Shawn
55.17578125,14.16015625,7.8125,19.53125,0,2332,6,Shawn
30.76171875,20.01953125,1.46484375,52.24609375,0,2333,6,Shawn
16.11328125,25.390625,5.859375,56.640625,0,2334,6,Shawn
33.203125,23.4375,21.484375,34.66796875,0,2335,6,Shawn
50.29296875,13.18359375,25.390625,18.5546875,0,2336,6,Shawn
36.1328125,0.48828125,36.62109375,38.57421875,0,2337,6,Shawn
2.44140625,-12.20703125,41.9921875,59.08203125,0,2338,6,Shawn
7.8125,-6.34765625,39.55078125,40.0390625,0,2339,6,Shawn
41.015625,9.27734375,32.71484375,20.99609375,0,2340,6,Shawn
41.015625,20.5078125,19.53125,37.59765625,0,2341,6,Shawn
12.6953125,23.92578125,13.18359375,63.4765625,0,2342,6,Shawn
9.27734375,17.578125,21.97265625,61.03515625,0,2343,6,Shawn
34.1796875,17.08984375,27.34375,37.59765625,0,2344,6,Shawn
55.17578125,20.5078125,25.390625,49.8046875,0,2345,6,Shawn
40.52734375,10.25390625,6.8359375,80.56640625,0,2346,6,Shawn
17.08984375,4.39453125,-7.8125,71.2890625,0,2347,6,Shawn
20.01953125,13.671875,6.8359375,28.80859375,0,2348,6,Shawn
21.97265625,17.08984375,21.484375,3.41796875,0,2349,6,Shawn
2.9296875,7.8125,38.57421875,27.34375,0,2350,6,Shawn
-18.06640625,3.90625,50.78125,50.29296875,0,2351,6,Shawn
-1.46484375,4.39453125,44.43359375,37.109375,0,2352,6,Shawn
28.80859375,4.39453125,40.52734375,22.4609375,0,2353,6,Shawn
22.94921875,11.23046875,36.1328125,41.015625,0,2354,6,Shawn
17.578125,17.08984375,32.71484375,83.0078125,0,2355,6,Shawn
32.71484375,13.18359375,32.2265625,73.2421875,0,2356,6,Shawn
48.828125,16.6015625,28.3203125,33.203125,0,2357,6,Shawn
49.8046875,17.08984375,16.6015625,47.36328125,0,2358,6,Shawn
28.3203125,2.9296875,14.16015625,82.51953125,0,2359,6,Shawn
17.08984375,-4.39453125,19.04296875,71.2890625,0,2360,6,Shawn
33.69140625,1.953125,1.953125,26.85546875,0,2361,6,Shawn
44.921875,11.23046875,-22.94921875,30.2734375,0,2362,6,Shawn
23.92578125,18.5546875,-16.11328125,68.84765625,0,2363,6,Shawn
10.7421875,18.5546875,20.99609375,78.125,0,2364,6,Shawn
30.76171875,8.30078125,41.9921875,50.29296875,0,2365,6,Shawn
39.55078125,6.8359375,40.0390625,27.83203125,0,2366,6,Shawn
21.97265625,10.7421875,38.57421875,46.38671875,0,2367,6,Shawn
1.953125,14.16015625,38.0859375,64.94140625,0,2368,6,Shawn
20.99609375,22.94921875,34.66796875,49.8046875,0,2369,6,Shawn
55.17578125,18.06640625,27.34375,38.57421875,0,2370,6,Shawn
49.8046875,8.7890625,13.18359375,51.7578125,0,2371,6,Shawn
21.97265625,18.5546875,11.23046875,58.10546875,0,2372,6,Shawn
17.578125,18.06640625,14.16015625,44.921875,0,2373,6,Shawn
51.26953125,14.16015625,15.13671875,35.15625,0,2374,6,Shawn
56.640625,9.27734375,19.53125,33.203125,0,2375,6,Shawn
29.296875,3.41796875,19.53125,57.6171875,0,2376,6,Shawn
14.6484375,13.671875,18.5546875,54.19921875,0,2377,6,Shawn
36.1328125,21.484375,21.484375,26.3671875,0,2378,6,Shawn
60.05859375,18.06640625,15.13671875,32.2265625,0,2379,6,Shawn
31.73828125,16.11328125,11.71875,56.15234375,0,2380,6,Shawn
11.23046875,30.2734375,31.25,64.453125,0,2381,6,Shawn
19.04296875,23.92578125,41.015625,32.71484375,0,2382,6,Shawn
40.0390625,3.90625,38.0859375,17.578125,0,2383,6,Shawn
38.57421875,10.7421875,24.90234375,41.50390625,0,2384,6,Shawn
9.765625,21.484375,9.765625,64.453125,0,2385,6,Shawn
14.16015625,22.4609375,11.71875,42.48046875,0,2386,6,Shawn
41.9921875,19.53125,32.71484375,3.90625,0,2387,6,Shawn
41.9921875,6.34765625,37.109375,18.06640625,0,2388,6,Shawn
11.23046875,-2.9296875,26.85546875,56.640625,0,2389,6,Shawn
-0.48828125,8.30078125,24.90234375,44.921875,0,2390,6,Shawn
27.83203125,19.53125,28.3203125,8.30078125,0,2391,6,Shawn
39.55078125,20.01953125,35.15625,12.6953125,0,2392,6,Shawn
9.765625,14.6484375,31.73828125,39.0625,0,2393,6,Shawn
2.9296875,4.8828125,11.71875,41.50390625,0,2394,6,Shawn
31.73828125,5.859375,9.27734375,11.71875,0,2395,6,Shawn
43.9453125,20.5078125,23.4375,-0.9765625,0,2396,6,Shawn
27.83203125,22.4609375,18.06640625,31.25,0,2397,6,Shawn
-3.90625,5.859375,14.6484375,47.8515625,0,2398,6,Shawn
3.90625,9.765625,23.4375,20.99609375,0,2399,6,Shawn
32.71484375,20.01953125,33.203125,2.9296875,0,2400,6,Shawn
20.99609375,15.13671875,34.66796875,26.85546875,0,2401,6,Shawn
3.90625,17.08984375,28.80859375,56.640625,0,2402,6,Shawn
8.30078125,27.34375,24.4140625,39.0625,0,2403,6,Shawn
34.1796875,22.94921875,35.15625,14.6484375,0,2404,6,Shawn
39.0625,6.8359375,32.71484375,35.64453125,0,2405,6,Shawn
13.671875,11.23046875,16.6015625,63.96484375,0,2406,6,Shawn
7.32421875,22.4609375,20.01953125,48.828125,0,2407,6,Shawn
24.90234375,19.04296875,22.4609375,19.04296875,0,2408,6,Shawn
43.45703125,17.578125,20.01953125,22.4609375,0,2409,6,Shawn
17.08984375,25.87890625,29.78515625,50.78125,0,2410,6,Shawn
-5.37109375,24.4140625,31.73828125,63.4765625,0,2411,6,Shawn
16.6015625,21.484375,17.578125,27.83203125,0,2412,6,Shawn
41.50390625,19.04296875,23.4375,13.671875,0,2413,6,Shawn
42.96875,10.7421875,35.64453125,53.22265625,0,2414,6,Shawn
12.20703125,14.16015625,36.1328125,75.68359375,0,2415,6,Shawn
13.18359375,19.53125,35.15625,42.48046875,0,2416,6,Shawn
56.640625,16.11328125,38.0859375,21.484375,0,2417,6,Shawn
48.33984375,9.27734375,31.25,37.109375,0,2418,6,Shawn
11.71875,19.53125,13.671875,61.5234375,0,2419,6,Shawn
12.6953125,18.5546875,7.32421875,48.828125,0,2420,6,Shawn
37.59765625,5.37109375,13.18359375,14.16015625,0,2421,6,Shawn
37.109375,4.8828125,17.578125,18.06640625,0,2422,6,Shawn
12.6953125,20.99609375,25.87890625,54.6875,0,2423,6,Shawn
4.8828125,33.203125,33.69140625,57.6171875,0,2424,6,Shawn
20.5078125,24.4140625,40.52734375,8.30078125,0,2425,6,Shawn
25.390625,7.8125,39.55078125,-6.8359375,0,2426,6,Shawn
8.7890625,6.8359375,28.80859375,34.1796875,0,2427,6,Shawn
0.48828125,14.6484375,29.296875,58.59375,0,2428,6,Shawn
15.13671875,1.953125,35.15625,16.6015625,0,2429,6,Shawn
30.2734375,2.44140625,31.73828125,-10.25390625,0,2430,6,Shawn
26.85546875,21.484375,30.76171875,35.15625,0,2431,6,Shawn
17.08984375,18.5546875,17.578125,69.82421875,0,2432,6,Shawn
18.06640625,7.32421875,1.46484375,42.96875,0,2433,6,Shawn
39.55078125,13.18359375,-0.9765625,2.9296875,0,2434,6,Shawn
36.62109375,16.11328125,4.39453125,20.01953125,0,2435,6,Shawn
8.30078125,19.04296875,19.53125,61.5234375,0,2436,6,Shawn
-0.48828125,10.25390625,28.3203125,47.36328125,0,2437,6,Shawn
21.484375,1.953125,35.15625,8.30078125,0,2438,6,Shawn
37.109375,12.6953125,31.25,18.5546875,0,2439,6,Shawn
22.4609375,19.04296875,19.04296875,58.10546875,0,2440,6,Shawn
17.578125,26.85546875,11.71875,64.453125,0,2441,6,Shawn
37.109375,27.34375,14.6484375,26.3671875,0,2442,6,Shawn
42.48046875,18.5546875,10.7421875,6.34765625,0,2443,6,Shawn
22.94921875,15.625,11.23046875,42.96875,0,2444,6,Shawn
2.44140625,9.27734375,26.85546875,59.08203125,0,2445,6,Shawn
7.8125,9.765625,30.2734375,20.99609375,0,2446,6,Shawn
27.34375,9.765625,25.390625,-4.39453125,0,2447,6,Shawn
27.34375,12.6953125,27.34375,22.94921875,0,2448,6,Shawn
12.20703125,5.859375,27.83203125,67.3828125,0,2449,6,Shawn
20.01953125,1.46484375,17.08984375,49.8046875,0,2450,6,Shawn
45.8984375,14.16015625,0.9765625,15.625,0,2451,6,Shawn
43.45703125,25.390625,4.8828125,27.83203125,0,2452,6,Shawn
17.578125,30.2734375,23.92578125,59.5703125,0,2453,6,Shawn
9.27734375,18.06640625,33.69140625,51.26953125,0,2454,6,Shawn
25.390625,5.859375,27.83203125,9.27734375,0,2455,6,Shawn
37.109375,4.8828125,18.06640625,10.25390625,0,2456,6,Shawn
39.0625,16.6015625,12.6953125,52.734375,0,2457,6,Shawn
48.33984375,17.08984375,10.25390625,83.984375,0,2458,6,Shawn
48.828125,19.04296875,22.94921875,46.38671875,0,2459,6,Shawn
34.66796875,34.66796875,27.34375,-6.8359375,0,2460,6,Shawn
15.13671875,26.3671875,28.80859375,22.94921875,0,2461,6,Shawn
6.8359375,9.27734375,35.64453125,64.94140625,0,2462,6,Shawn
21.484375,9.27734375,25.390625,39.55078125,0,2463,6,Shawn
43.9453125,16.6015625,21.97265625,12.20703125,0,2464,6,Shawn
46.875,17.578125,23.92578125,36.1328125,0,2465,6,Shawn
33.69140625,19.53125,21.484375,75.68359375,0,2466,6,Shawn
41.50390625,22.94921875,21.484375,63.4765625,0,2467,6,Shawn
61.5234375,20.5078125,20.99609375,21.97265625,0,2468,6,Shawn
48.33984375,25.390625,14.6484375,27.83203125,0,2469,6,Shawn
25.390625,32.71484375,14.16015625,74.70703125,0,2470,6,Shawn
28.3203125,30.76171875,16.6015625,88.37890625,0,2471,6,Shawn
55.6640625,30.2734375,16.6015625,40.0390625,0,2472,6,Shawn
69.82421875,32.71484375,17.578125,34.1796875,0,2473,6,Shawn
50.29296875,31.73828125,18.5546875,91.30859375,0,2474,6,Shawn
41.50390625,37.59765625,21.484375,111.328125,0,2475,6,Shawn
60.05859375,38.57421875,26.3671875,78.125,0,2476,6,Shawn
81.0546875,26.85546875,18.5546875,54.19921875,0,2477,6,Shawn
76.171875,26.3671875,12.6953125,88.8671875,0,2478,6,Shawn
61.03515625,29.78515625,12.6953125,127.44140625,0,2479,6,Shawn
70.3125,27.34375,6.8359375,94.23828125,0,2480,6,Shawn
91.796875,41.9921875,11.23046875,52.734375,0,2481,6,Shawn
92.28515625,35.15625,18.06640625,72.265625,0,2482,6,Shawn
67.87109375,32.2265625,-0.48828125,106.93359375,0,2483,6,Shawn
67.87109375,48.828125,-12.20703125,97.65625,0,2484,6,Shawn
88.37890625,45.8984375,-2.44140625,51.26953125,0,2485,6,Shawn
90.33203125,46.38671875,18.06640625,60.546875,0,2486,6,Shawn
68.359375,44.921875,38.0859375,104.4921875,0,2487,6,Shawn
45.8984375,36.62109375,42.48046875,93.75,0,2488,6,Shawn
57.6171875,35.64453125,40.0390625,50.78125,0,2489,6,Shawn
77.63671875,35.15625,28.3203125,48.828125,0,2490,6,Shawn
62.5,33.203125,20.5078125,78.61328125,0,2491,6,Shawn
34.66796875,28.80859375,20.99609375,91.796875,0,2492,6,Shawn
47.8515625,22.94921875,24.4140625,68.359375,0,2493,6,Shawn
78.61328125,18.5546875,20.5078125,44.43359375,0,2494,6,Shawn
71.2890625,20.01953125,18.5546875,67.3828125,0,2495,6,Shawn
49.31640625,38.0859375,27.34375,107.421875,0,2496,6,Shawn
49.8046875,44.43359375,25.87890625,80.078125,0,2497,6,Shawn
64.94140625,38.57421875,22.94921875,34.66796875,0,2498,6,Shawn
57.12890625,32.2265625,27.83203125,50.29296875,0,2499,6,Shawn
30.76171875,26.3671875,16.11328125,93.75,0,2500,6,Shawn
25.390625,27.34375,9.27734375,90.8203125,0,2501,6,Shawn
44.921875,21.97265625,24.4140625,46.875,0,2502,6,Shawn
54.6875,20.01953125,26.85546875,38.57421875,0,2503,6,Shawn
31.73828125,30.2734375,21.484375,80.56640625,0,2504,6,Shawn
12.20703125,23.92578125,23.4375,95.21484375,0,2505,6,Shawn
31.73828125,25.390625,25.390625,50.78125,0,2506,6,Shawn
58.59375,28.80859375,32.2265625,31.73828125,0,2507,6,Shawn
47.36328125,21.97265625,37.109375,68.359375,0,2508,6,Shawn
17.08984375,22.94921875,30.2734375,86.42578125,0,2509,6,Shawn
26.3671875,33.69140625,22.94921875,47.36328125,0,2510,6,Shawn
54.19921875,32.71484375,20.5078125,14.16015625,0,2511,6,Shawn
44.921875,33.203125,22.4609375,47.36328125,0,2512,6,Shawn
16.11328125,34.66796875,22.94921875,80.56640625,0,2513,6,Shawn
13.671875,19.04296875,23.4375,47.36328125,0,2514,6,Shawn
34.66796875,20.5078125,15.13671875,5.859375,0,2515,6,Shawn
37.109375,34.1796875,2.44140625,31.25,0,2516,6,Shawn
12.20703125,37.109375,14.6484375,71.2890625,0,2517,6,Shawn
6.34765625,29.296875,39.0625,60.546875,0,2518,6,Shawn
29.78515625,18.06640625,32.71484375,19.04296875,0,2519,6,Shawn
42.48046875,17.08984375,24.90234375,7.8125,0,2520,6,Shawn
25.390625,34.1796875,35.64453125,51.7578125,0,2521,6,Shawn
12.20703125,43.9453125,37.59765625,83.49609375,0,2522,6,Shawn
31.73828125,37.59765625,36.1328125,49.31640625,0,2523,6,Shawn
47.36328125,43.9453125,30.2734375,17.08984375,0,2524,6,Shawn
25.87890625,48.33984375,28.3203125,28.3203125,0,2525,6,Shawn
-1.953125,45.41015625,33.203125,50.78125,0,2526,6,Shawn
12.20703125,47.36328125,25.87890625,37.59765625,0,2527,6,Shawn
47.8515625,51.7578125,20.5078125,9.765625,0,2528,6,Shawn
50.29296875,53.22265625,17.578125,34.1796875,0,2529,6,Shawn
24.90234375,56.15234375,11.71875,67.3828125,0,2530,6,Shawn
25.87890625,49.31640625,13.671875,45.41015625,0,2531,6,Shawn
51.7578125,43.45703125,17.08984375,14.6484375,0,2532,6,Shawn
59.08203125,55.6640625,13.18359375,30.2734375,0,2533,6,Shawn
35.15625,50.29296875,7.32421875,65.91796875,0,2534,6,Shawn
20.01953125,40.0390625,7.32421875,78.61328125,0,2535,6,Shawn
49.31640625,43.9453125,10.25390625,43.45703125,0,2536,6,Shawn
70.80078125,41.015625,7.8125,21.97265625,0,2537,6,Shawn
42.48046875,45.8984375,8.30078125,53.7109375,0,2538,6,Shawn
16.11328125,56.15234375,7.8125,62.5,0,2539,6,Shawn
33.69140625,50.78125,6.8359375,27.34375,0,2540,6,Shawn
52.24609375,42.48046875,5.859375,-4.39453125,0,2541,6,Shawn
31.25,45.41015625,-4.8828125,27.83203125,0,2542,6,Shawn
12.20703125,51.26953125,4.39453125,74.70703125,0,2543,6,Shawn
23.4375,56.15234375,21.484375,46.38671875,0,2544,6,Shawn
49.31640625,49.8046875,22.94921875,7.32421875,0,2545,6,Shawn
46.38671875,40.52734375,27.34375,28.80859375,0,2546,6,Shawn
15.625,43.45703125,26.3671875,68.359375,0,2547,6,Shawn
10.25390625,42.96875,28.3203125,57.12890625,0,2548,6,Shawn
38.57421875,45.41015625,21.484375,16.11328125,0,2549,6,Shawn
50.78125,49.31640625,8.7890625,28.80859375,0,2550,6,Shawn
18.5546875,39.55078125,14.16015625,68.359375,0,2551,6,Shawn
5.37109375,34.66796875,35.64453125,74.70703125,0,2552,6,Shawn
28.3203125,41.9921875,35.64453125,33.203125,0,2553,6,Shawn
43.9453125,45.41015625,18.06640625,21.484375,0,2554,6,Shawn
31.25,45.41015625,20.5078125,57.12890625,0,2555,6,Shawn
9.765625,46.875,29.78515625,73.2421875,0,2556,6,Shawn
20.5078125,46.38671875,29.296875,47.8515625,0,2557,6,Shawn
41.50390625,47.36328125,20.99609375,19.04296875,0,2558,6,Shawn
30.2734375,41.9921875,22.94921875,46.38671875,0,2559,6,Shawn
6.34765625,38.57421875,32.71484375,76.171875,0,2560,6,Shawn
16.6015625,44.921875,26.3671875,56.15234375,0,2561,6,Shawn
44.43359375,41.9921875,3.90625,22.4609375,0,2562,6,Shawn
38.0859375,38.57421875,9.27734375,28.3203125,0,2563,6,Shawn
9.27734375,43.45703125,16.6015625,59.08203125,0,2564,6,Shawn
3.90625,49.8046875,16.11328125,55.17578125,0,2565,6,Shawn
21.484375,54.19921875,24.4140625,16.11328125,0,2566,6,Shawn
28.3203125,50.78125,30.76171875,9.765625,0,2567,6,Shawn
4.39453125,48.828125,38.0859375,50.78125,0,2568,6,Shawn
-9.27734375,43.9453125,31.73828125,66.89453125,0,2569,6,Shawn
16.6015625,37.59765625,22.4609375,34.1796875,0,2570,6,Shawn
42.48046875,51.26953125,2.9296875,13.671875,0,2571,6,Shawn
27.34375,49.8046875,-10.7421875,40.52734375,0,2572,6,Shawn
-0.48828125,31.73828125,21.484375,68.359375,0,2573,6,Shawn
9.27734375,39.0625,40.52734375,38.0859375,0,2574,6,Shawn
30.76171875,53.22265625,35.15625,-2.44140625,0,2575,6,Shawn
22.94921875,54.19921875,27.34375,12.6953125,0,2576,6,Shawn
-2.44140625,52.24609375,12.6953125,53.7109375,0,2577,6,Shawn
0.0,51.26953125,10.25390625,41.9921875,0,2578,6,Shawn
28.3203125,50.78125,25.87890625,-0.9765625,0,2579,6,Shawn
30.76171875,55.6640625,30.2734375,9.765625,0,2580,6,Shawn
6.34765625,54.19921875,31.25,56.640625,0,2581,6,Shawn
-0.9765625,41.015625,41.015625,62.98828125,0,2582,6,Shawn
21.97265625,48.33984375,41.015625,10.7421875,0,2583,6,Shawn
30.76171875,54.6875,27.34375,-4.8828125,0,2584,6,Shawn
13.671875,42.96875,13.671875,48.33984375,0,2585,6,Shawn
6.34765625,40.0390625,7.8125,75.1953125,0,2586,6,Shawn
19.53125,39.0625,13.671875,26.3671875,0,2587,6,Shawn
27.83203125,43.45703125,26.3671875,-11.71875,0,2588,6,Shawn
17.08984375,49.31640625,33.203125,22.94921875,0,2589,6,Shawn
-2.9296875,52.24609375,34.1796875,62.98828125,0,2590,6,Shawn
-4.8828125,55.17578125,18.5546875,36.1328125,0,2591,6,Shawn
24.90234375,55.17578125,-0.48828125,0.0,0,2592,6,Shawn
30.2734375,49.31640625,15.13671875,17.08984375,0,2593,6,Shawn
7.32421875,46.38671875,44.921875,55.6640625,0,2594,6,Shawn
0.48828125,48.33984375,42.48046875,44.43359375,0,2595,6,Shawn
17.578125,47.8515625,35.64453125,-0.48828125,0,2596,6,Shawn
30.76171875,51.26953125,41.015625,9.27734375,0,2597,6,Shawn
15.13671875,50.29296875,41.015625,59.5703125,0,2598,6,Shawn
0.9765625,41.015625,30.76171875,60.05859375,0,2599,6,Shawn
22.94921875,53.7109375,18.06640625,19.04296875,0,2600,6,Shawn
40.52734375,56.15234375,11.23046875,4.8828125,0,2601,6,Shawn
19.04296875,54.19921875,20.01953125,40.0390625,0,2602,6,Shawn
-0.9765625,48.33984375,35.15625,58.59375,0,2603,6,Shawn
8.30078125,32.2265625,34.1796875,18.06640625,0,2604,6,Shawn
32.2265625,42.96875,29.296875,-1.953125,0,2605,6,Shawn
24.4140625,59.5703125,22.4609375,37.109375,0,2606,6,Shawn
-7.8125,59.08203125,19.53125,71.2890625,0,2607,6,Shawn
5.859375,56.640625,36.1328125,45.41015625,0,2608,6,Shawn
42.48046875,60.546875,43.9453125,10.25390625,0,2609,6,Shawn
35.15625,52.734375,26.85546875,20.5078125,0,2610,6,Shawn
5.37109375,46.875,28.80859375,54.6875,0,2611,6,Shawn
8.30078125,48.33984375,35.64453125,58.10546875,0,2612,6,Shawn
37.109375,49.8046875,26.85546875,17.578125,0,2613,6,Shawn
41.015625,52.24609375,25.390625,13.671875,0,2614,6,Shawn
20.5078125,60.546875,28.80859375,58.59375,0,2615,6,Shawn
11.71875,71.77734375,26.85546875,69.82421875,0,2616,6,Shawn
24.90234375,71.77734375,23.4375,21.484375,0,2617,6,Shawn
34.66796875,72.265625,26.85546875,-9.765625,0,2618,6,Shawn
17.578125,70.3125,33.69140625,31.25,0,2619,6,Shawn
-1.953125,65.91796875,21.484375,65.4296875,0,2620,6,Shawn
13.18359375,70.3125,19.04296875,28.3203125,0,2621,6,Shawn
30.2734375,67.87109375,27.34375,-4.8828125,0,2622,6,Shawn
22.4609375,74.21875,11.71875,25.87890625,0,2623,6,Shawn
8.7890625,74.70703125,9.27734375,65.4296875,0,2624,6,Shawn
5.37109375,64.453125,31.73828125,41.9921875,0,2625,6,Shawn
23.4375,66.40625,38.57421875,-1.46484375,0,2626,6,Shawn
26.85546875,69.82421875,40.0390625,11.23046875,0,2627,6,Shawn
3.41796875,62.5,37.109375,54.6875,0,2628,6,Shawn
-0.9765625,55.6640625,36.1328125,55.6640625,0,2629,6,Shawn
28.80859375,61.5234375,34.66796875,14.6484375,0,2630,6,Shawn
38.57421875,77.63671875,17.578125,1.46484375,0,2631,6,Shawn
13.671875,79.1015625,14.16015625,40.0390625,0,2632,6,Shawn
9.27734375,70.3125,24.90234375,62.5,0,2633,6,Shawn
26.3671875,61.5234375,32.2265625,22.94921875,0,2634,6,Shawn
43.45703125,56.640625,33.203125,5.859375,0,2635,6,Shawn
32.71484375,57.6171875,33.203125,42.48046875,0,2636,6,Shawn
7.32421875,61.5234375,30.2734375,66.40625,0,2637,6,Shawn
20.01953125,70.3125,21.97265625,41.9921875,0,2638,6,Shawn
55.6640625,73.2421875,18.5546875,4.8828125,0,2639,6,Shawn
51.26953125,73.73046875,3.41796875,24.4140625,0,2640,6,Shawn
20.99609375,71.2890625,-3.41796875,69.3359375,0,2641,6,Shawn
16.11328125,64.453125,7.8125,54.19921875,0,2642,6,Shawn
40.52734375,60.546875,28.80859375,10.7421875,0,2643,6,Shawn
43.9453125,64.94140625,35.15625,13.18359375,0,2644,6,Shawn
13.671875,67.87109375,24.90234375,59.08203125,0,2645,6,Shawn
4.39453125,59.08203125,18.5546875,62.5,0,2646,6,Shawn
30.2734375,57.12890625,16.11328125,22.4609375,0,2647,6,Shawn
54.19921875,62.98828125,25.390625,22.4609375,0,2648,6,Shawn
29.296875,56.640625,22.94921875,47.36328125,0,2649,6,Shawn
-3.90625,54.6875,20.99609375,57.12890625,0,2650,6,Shawn
8.7890625,49.8046875,33.69140625,30.2734375,0,2651,6,Shawn
34.1796875,43.45703125,46.875,3.90625,0,2652,6,Shawn
28.3203125,52.24609375,44.43359375,39.55078125,0,2653,6,Shawn
6.8359375,62.01171875,38.57421875,79.1015625,0,2654,6,Shawn
13.671875,62.98828125,23.92578125,51.7578125,0,2655,6,Shawn
40.0390625,52.734375,10.25390625,14.6484375,0,2656,6,Shawn
42.96875,39.0625,25.390625,34.1796875,0,2657,6,Shawn
19.53125,42.96875,24.90234375,78.125,0,2658,6,Shawn
17.578125,54.6875,5.859375,67.87109375,0,2659,6,Shawn
42.96875,50.78125,13.671875,17.08984375,0,2660,6,Shawn
45.41015625,54.6875,30.2734375,13.671875,0,2661,6,Shawn
15.625,64.94140625,24.90234375,59.5703125,0,2662,6,Shawn
-3.41796875,60.546875,30.76171875,65.91796875,0,2663,6,Shawn
20.99609375,59.5703125,48.33984375,23.4375,0,2664,6,Shawn
42.96875,55.6640625,45.41015625,17.578125,0,2665,6,Shawn
29.78515625,52.734375,32.2265625,57.6171875,0,2666,6,Shawn
11.23046875,54.6875,26.85546875,72.75390625,0,2667,6,Shawn
19.53125,46.38671875,22.94921875,32.2265625,0,2668,6,Shawn
38.57421875,45.41015625,12.20703125,-3.90625,0,2669,6,Shawn
21.97265625,50.78125,13.671875,24.90234375,0,2670,6,Shawn
1.46484375,50.29296875,25.87890625,69.3359375,0,2671,6,Shawn
11.23046875,49.8046875,26.3671875,48.33984375,0,2672,6,Shawn
30.2734375,47.36328125,11.71875,4.8828125,0,2673,6,Shawn
34.1796875,45.8984375,3.90625,18.06640625,0,2674,6,Shawn
2.44140625,43.45703125,9.27734375,56.640625,0,2675,6,Shawn
-5.859375,46.38671875,13.671875,52.24609375,0,2676,6,Shawn
20.5078125,49.8046875,9.27734375,8.7890625,0,2677,6,Shawn
34.66796875,40.0390625,9.27734375,5.37109375,0,2678,6,Shawn
12.20703125,39.55078125,18.06640625,53.22265625,0,2679,6,Shawn
-6.34765625,47.8515625,25.87890625,63.96484375,0,2680,6,Shawn
20.01953125,50.29296875,29.296875,26.3671875,0,2681,6,Shawn
41.50390625,48.33984375,26.85546875,19.53125,0,2682,6,Shawn
27.83203125,39.55078125,25.390625,41.50390625,0,2683,6,Shawn
1.953125,32.71484375,25.390625,53.7109375,0,2684,6,Shawn
8.7890625,33.203125,15.625,39.55078125,0,2685,6,Shawn
36.1328125,33.69140625,13.18359375,10.25390625,0,2686,6,Shawn
31.73828125,33.203125,20.01953125,21.97265625,0,2687,6,Shawn
7.8125,41.50390625,22.94921875,64.94140625,0,2688,6,Shawn
16.11328125,50.29296875,22.4609375,60.05859375,0,2689,6,Shawn
47.8515625,51.26953125,11.23046875,24.4140625,0,2690,6,Shawn
52.24609375,54.19921875,17.578125,35.64453125,0,2691,6,Shawn
16.11328125,48.33984375,33.203125,65.4296875,0,2692,6,Shawn
-4.39453125,35.64453125,35.64453125,57.6171875,0,2693,6,Shawn
24.90234375,31.73828125,25.87890625,11.71875,0,2694,6,Shawn
42.48046875,34.66796875,7.8125,-6.34765625,0,2695,6,Shawn
13.18359375,32.71484375,8.7890625,41.015625,0,2696,6,Shawn
-4.8828125,30.76171875,26.85546875,62.98828125,0,2697,6,Shawn
17.578125,34.66796875,28.80859375,21.484375,0,2698,6,Shawn
34.1796875,26.3671875,20.99609375,3.41796875,0,2699,6,Shawn
20.01953125,24.4140625,13.671875,46.875,0,2700,6,Shawn
3.41796875,26.3671875,-0.48828125,83.0078125,0,2701,6,Shawn
10.7421875,14.6484375,3.90625,48.828125,0,2702,6,Shawn
26.3671875,13.671875,19.04296875,-3.90625,0,2703,6,Shawn
23.92578125,24.4140625,25.87890625,10.7421875,0,2704,6,Shawn
-1.953125,26.3671875,28.3203125,60.546875,0,2705,6,Shawn
-1.953125,23.92578125,36.62109375,48.33984375,0,2706,6,Shawn
27.34375,23.92578125,35.15625,0.0,0,2707,6,Shawn
32.71484375,26.85546875,32.71484375,15.13671875,0,2708,6,Shawn
16.6015625,37.109375,32.71484375,65.4296875,0,2709,6,Shawn
11.23046875,41.9921875,12.20703125,69.82421875,0,2710,6,Shawn
29.296875,41.9921875,-9.765625,30.2734375,0,2711,6,Shawn
43.45703125,41.9921875,-13.671875,12.6953125,0,2712,6,Shawn
21.484375,37.59765625,-5.37109375,48.828125,0,2713,6,Shawn
2.9296875,26.85546875,21.484375,75.68359375,0,2714,6,Shawn
17.08984375,24.90234375,43.45703125,33.69140625,0,2715,6,Shawn
30.2734375,25.87890625,25.87890625,-5.859375,0,2716,6,Shawn
20.99609375,23.4375,23.92578125,24.4140625,0,2717,6,Shawn
5.859375,28.80859375,27.34375,64.94140625,0,2718,6,Shawn
14.16015625,35.15625,9.765625,45.8984375,0,2719,6,Shawn
33.69140625,29.78515625,4.8828125,9.27734375,0,2720,6,Shawn
38.57421875,28.3203125,12.6953125,30.2734375,0,2721,6,Shawn
6.34765625,34.66796875,16.11328125,63.96484375,0,2722,6,Shawn
-7.32421875,25.87890625,22.94921875,50.78125,0,2723,6,Shawn
38.57421875,29.296875,10.7421875,13.18359375,0,2724,6,Shawn
57.12890625,36.62109375,1.46484375,17.08984375,0,2725,6,Shawn
4.8828125,37.109375,28.80859375,46.38671875,0,2726,6,Shawn
-25.390625,40.0390625,48.828125,38.57421875,0,2727,6,Shawn
-8.30078125,32.71484375,44.43359375,-6.34765625,0,2728,6,Shawn
1.953125,23.92578125,25.87890625,-33.69140625,0,2729,6,Shawn
-31.25,18.06640625,27.83203125,-13.18359375,0,2730,6,Shawn
-62.01171875,10.7421875,36.1328125,11.23046875,0,2731,6,Shawn
-44.43359375,10.25390625,35.64453125,-25.87890625,0,2732,6,Shawn
-20.5078125,8.30078125,28.3203125,-63.4765625,0,2733,6,Shawn
-31.25,10.7421875,14.16015625,-41.9921875,0,2734,6,Shawn
-62.98828125,17.578125,19.04296875,-5.37109375,0,2735,6,Shawn
-62.01171875,4.39453125,34.66796875,-12.20703125,0,2736,6,Shawn
-27.34375,-10.25390625,21.97265625,-42.48046875,0,2737,6,Shawn
-14.6484375,-3.90625,9.765625,-23.4375,0,2738,6,Shawn
-26.85546875,14.16015625,26.3671875,29.296875,0,2739,6,Shawn
-32.71484375,19.53125,30.2734375,36.1328125,0,2740,6,Shawn
-17.578125,7.8125,25.390625,-6.34765625,0,2741,6,Shawn
-1.46484375,6.34765625,42.96875,-10.25390625,0,2742,6,Shawn
-12.20703125,14.6484375,58.10546875,39.55078125,0,2743,6,Shawn
-24.4140625,17.08984375,55.6640625,52.24609375,0,2744,6,Shawn
-5.37109375,20.99609375,42.96875,7.8125,0,2745,6,Shawn
14.6484375,24.90234375,21.484375,-1.46484375,0,2746,6,Shawn
4.39453125,21.484375,20.99609375,38.0859375,0,2747,6,Shawn
-14.16015625,20.01953125,25.87890625,73.2421875,0,2748,6,Shawn
-0.48828125,17.08984375,27.83203125,46.38671875,0,2749,6,Shawn
22.4609375,19.04296875,26.3671875,2.44140625,0,2750,6,Shawn
26.3671875,21.484375,15.13671875,31.73828125,0,2751,6,Shawn
6.8359375,20.01953125,18.5546875,76.171875,0,2752,6,Shawn
-2.44140625,10.7421875,32.2265625,51.7578125,0,2753,6,Shawn
16.6015625,5.859375,34.1796875,2.44140625,0,2754,6,Shawn
31.73828125,18.06640625,32.2265625,8.30078125,0,2755,6,Shawn
8.7890625,17.08984375,28.80859375,54.6875,0,2756,6,Shawn
-5.859375,12.6953125,16.6015625,51.26953125,0,2757,6,Shawn
21.484375,18.06640625,14.16015625,8.7890625,0,2758,6,Shawn
33.203125,19.53125,23.92578125,-4.8828125,0,2759,6,Shawn
9.765625,22.94921875,26.85546875,33.69140625,0,2760,6,Shawn
-4.39453125,22.4609375,11.23046875,66.89453125,0,2761,6,Shawn
23.92578125,18.5546875,9.765625,41.50390625,0,2762,6,Shawn
45.8984375,20.5078125,13.671875,18.5546875,0,2763,6,Shawn
28.80859375,26.3671875,4.39453125,37.109375,0,2764,6,Shawn
1.953125,22.94921875,19.53125,60.546875,0,2765,6,Shawn
7.8125,7.32421875,33.69140625,39.55078125,0,2766,6,Shawn
37.59765625,3.41796875,32.71484375,4.8828125,0,2767,6,Shawn
34.1796875,13.18359375,37.109375,22.4609375,0,2768,6,Shawn
11.71875,23.4375,29.296875,60.546875,0,2769,6,Shawn
4.39453125,23.92578125,24.4140625,46.38671875,0,2770,6,Shawn
22.94921875,22.94921875,20.99609375,2.9296875,0,2771,6,Shawn
29.296875,23.92578125,23.4375,2.9296875,0,2772,6,Shawn
8.7890625,33.69140625,22.94921875,51.7578125,0,2773,6,Shawn
-4.8828125,29.78515625,27.34375,63.96484375,0,2774,6,Shawn
17.08984375,18.5546875,30.76171875,16.6015625,0,2775,6,Shawn
44.43359375,14.16015625,25.87890625,3.90625,0,2776,6,Shawn
25.390625,9.765625,19.04296875,43.9453125,0,2777,6,Shawn
-3.90625,17.08984375,14.6484375,70.3125,0,2778,6,Shawn
9.765625,7.32421875,22.94921875,27.83203125,0,2779,6,Shawn
39.0625,2.44140625,18.5546875,-9.27734375,0,2780,6,Shawn
30.2734375,19.04296875,13.18359375,32.2265625,0,2781,6,Shawn
3.90625,24.4140625,10.25390625,73.2421875,0,2782,6,Shawn
4.8828125,17.578125,15.13671875,49.8046875,0,2783,6,Shawn
30.2734375,16.6015625,25.87890625,6.34765625,0,2784,6,Shawn
37.59765625,21.97265625,12.6953125,21.484375,0,2785,6,Shawn
21.97265625,17.08984375,18.06640625,70.80078125,0,2786,6,Shawn
22.4609375,18.06640625,34.1796875,70.80078125,0,2787,6,Shawn
35.64453125,25.390625,31.25,17.578125,0,2788,6,Shawn
37.109375,19.53125,19.04296875,10.25390625,0,2789,6,Shawn
19.53125,15.625,6.34765625,56.15234375,0,2790,6,Shawn
7.8125,23.4375,2.44140625,68.84765625,0,2791,6,Shawn
19.53125,26.3671875,-0.9765625,26.85546875,0,2792,6,Shawn
41.015625,31.25,12.20703125,14.6484375,0,2793,6,Shawn
29.296875,30.2734375,28.80859375,45.8984375,0,2794,6,Shawn
7.32421875,26.3671875,35.15625,71.2890625,0,2795,6,Shawn
16.6015625,24.4140625,33.203125,46.38671875,0,2796,6,Shawn
34.1796875,21.484375,24.90234375,-0.9765625,0,2797,6,Shawn
35.64453125,24.90234375,22.4609375,24.4140625,0,2798,6,Shawn
11.23046875,14.16015625,20.5078125,76.171875,0,2799,6,Shawn
7.8125,8.30078125,9.27734375,54.6875,0,2800,6,Shawn
34.66796875,23.4375,3.41796875,14.16015625,0,2801,6,Shawn
36.1328125,32.2265625,4.39453125,17.08984375,0,2802,6,Shawn
10.7421875,31.73828125,9.765625,52.24609375,0,2803,6,Shawn
12.6953125,33.203125,28.80859375,63.4765625,0,2804,6,Shawn
37.109375,34.1796875,30.76171875,17.578125,0,2805,6,Shawn
39.55078125,32.71484375,15.13671875,6.34765625,0,2806,6,Shawn
21.97265625,38.0859375,12.6953125,49.8046875,0,2807,6,Shawn
6.8359375,35.15625,20.99609375,63.4765625,0,2808,6,Shawn
13.671875,28.80859375,31.73828125,20.5078125,0,2809,6,Shawn
28.80859375,20.99609375,34.66796875,-12.6953125,0,2810,6,Shawn
31.73828125,20.01953125,24.90234375,41.015625,0,2811,6,Shawn
20.5078125,35.64453125,10.7421875,92.7734375,0,2812,6,Shawn
33.203125,41.015625,2.44140625,52.734375,0,2813,6,Shawn
66.40625,30.2734375,11.71875,4.39453125,0,2814,6,Shawn
47.36328125,23.4375,27.34375,17.578125,0,2815,6,Shawn
10.7421875,21.97265625,39.0625,60.546875,0,2816,6,Shawn
11.23046875,23.4375,44.921875,49.31640625,0,2817,6,Shawn
40.0390625,32.71484375,38.57421875,9.27734375,0,2818,6,Shawn
50.29296875,36.62109375,34.1796875,14.16015625,0,2819,6,Shawn
25.87890625,37.59765625,29.78515625,57.6171875,0,2820,6,Shawn
13.18359375,38.0859375,23.92578125,69.82421875,0,2821,6,Shawn
28.3203125,26.85546875,24.4140625,24.90234375,0,2822,6,Shawn
41.50390625,24.4140625,29.296875,12.6953125,0,2823,6,Shawn
22.94921875,27.34375,22.4609375,53.7109375,0,2824,6,Shawn
-2.44140625,21.97265625,13.18359375,73.73046875,0,2825,6,Shawn
13.18359375,27.83203125,18.06640625,40.52734375,0,2826,6,Shawn
37.109375,31.25,14.16015625,13.18359375,0,2827,6,Shawn
27.83203125,21.484375,9.27734375,42.96875,0,2828,6,Shawn
7.8125,15.625,11.23046875,71.77734375,0,2829,6,Shawn
0.9765625,18.5546875,23.4375,38.0859375,0,2830,6,Shawn
16.11328125,13.18359375,35.64453125,2.44140625,0,2831,6,Shawn
18.5546875,5.37109375,20.5078125,17.08984375,0,2832,6,Shawn
-2.44140625,11.23046875,23.4375,62.5,0,2833,6,Shawn
-12.20703125,16.6015625,37.109375,56.640625,0,2834,6,Shawn
10.7421875,19.04296875,27.83203125,0.48828125,0,2835,6,Shawn
30.76171875,23.4375,35.15625,8.30078125,0,2836,6,Shawn
17.578125,24.4140625,48.33984375,66.89453125,0,2837,6,Shawn
18.5546875,21.97265625,20.5078125,87.40234375,0,2838,6,Shawn
56.640625,24.90234375,-1.46484375,61.03515625,0,2839,6,Shawn
41.9921875,23.4375,24.4140625,10.7421875,0,2840,6,Shawn
-15.625,16.11328125,38.57421875,4.8828125,0,2841,6,Shawn
-32.71484375,15.13671875,38.57421875,39.0625,0,2842,6,Shawn
-22.4609375,14.16015625,35.15625,3.90625,0,2843,6,Shawn
-10.25390625,12.20703125,1.953125,-44.921875,0,2844,6,Shawn
-17.08984375,6.34765625,-9.765625,-24.4140625,0,2845,6,Shawn
-45.8984375,16.11328125,17.08984375,10.7421875,0,2846,6,Shawn
-52.734375,18.06640625,23.92578125,-12.6953125,0,2847,6,Shawn
-30.76171875,18.5546875,10.7421875,-60.546875,0,2848,6,Shawn
-38.57421875,34.1796875,8.30078125,-59.08203125,0,2849,6,Shawn
-63.4765625,28.3203125,18.5546875,-20.99609375,0,2850,6,Shawn
-78.125,5.37109375,-2.9296875,-38.57421875,0,2851,6,Shawn
-65.4296875,-6.8359375,-19.04296875,-87.890625,0,2852,6,Shawn
-41.9921875,0.0,6.8359375,-81.54296875,0,2853,6,Shawn
-51.26953125,1.953125,13.18359375,-35.64453125,0,2854,6,Shawn
-59.5703125,9.765625,-6.34765625,-11.71875,0,2855,6,Shawn
-22.94921875,19.04296875,-5.859375,-25.390625,0,2856,6,Shawn
10.7421875,12.6953125,11.23046875,-33.69140625,0,2857,6,Shawn
-4.8828125,20.5078125,23.92578125,-1.953125,0,2858,6,Shawn
-29.78515625,17.578125,28.3203125,30.2734375,0,2859,6,Shawn
-19.04296875,7.8125,20.5078125,1.953125,0,2860,6,Shawn
16.6015625,11.23046875,10.25390625,-18.5546875,0,2861,6,Shawn
15.13671875,19.04296875,24.90234375,17.578125,0,2862,6,Shawn
-7.8125,2.44140625,35.64453125,47.8515625,0,2863,6,Shawn
-3.90625,-9.765625,28.80859375,22.94921875,0,2864,6,Shawn
24.4140625,5.859375,27.83203125,-19.53125,0,2865,6,Shawn
34.1796875,18.06640625,14.16015625,-5.37109375,0,2866,6,Shawn
14.6484375,24.4140625,5.859375,53.7109375,0,2867,6,Shawn
1.953125,13.671875,6.34765625,54.19921875,0,2868,6,Shawn
20.01953125,5.37109375,7.32421875,6.8359375,0,2869,6,Shawn
37.59765625,5.37109375,21.484375,4.8828125,0,2870,6,Shawn
26.3671875,3.90625,20.5078125,50.29296875,0,2871,6,Shawn
14.16015625,10.7421875,11.23046875,67.3828125,0,2872,6,Shawn
33.69140625,14.16015625,17.578125,41.015625,0,2873,6,Shawn
58.10546875,4.39453125,16.11328125,37.109375,0,2874,6,Shawn
52.734375,-3.90625,0.9765625,55.6640625,0,2875,6,Shawn
21.484375,5.37109375,-9.27734375,70.3125,0,2876,6,Shawn
22.4609375,20.01953125,5.37109375,57.12890625,0,2877,6,Shawn
49.31640625,22.4609375,28.80859375,31.73828125,0,2878,6,Shawn
41.9921875,17.08984375,27.34375,45.41015625,0,2879,6,Shawn
20.5078125,11.23046875,15.13671875,78.125,0,2880,6,Shawn
17.08984375,5.859375,16.6015625,66.40625,0,2881,6,Shawn
42.48046875,15.13671875,33.203125,30.76171875,0,2882,6,Shawn
54.6875,22.4609375,23.92578125,38.0859375,0,2883,6,Shawn
23.92578125,23.4375,-1.46484375,79.1015625,0,2884,6,Shawn
5.859375,16.11328125,10.25390625,76.66015625,0,2885,6,Shawn
20.5078125,0.9765625,36.62109375,24.90234375,0,2886,6,Shawn
29.78515625,0.9765625,32.71484375,12.20703125,0,2887,6,Shawn
7.8125,10.7421875,24.90234375,44.921875,0,2888,6,Shawn
-10.7421875,10.25390625,33.69140625,71.77734375,0,2889,6,Shawn
-2.9296875,-2.44140625,23.92578125,45.8984375,0,2890,6,Shawn
20.99609375,1.46484375,22.4609375,17.578125,0,2891,6,Shawn
25.390625,23.4375,26.85546875,59.5703125,0,2892,6,Shawn
10.25390625,28.80859375,17.578125,97.16796875,0,2893,6,Shawn
9.765625,18.5546875,9.765625,58.59375,0,2894,6,Shawn
19.04296875,9.27734375,16.6015625,0.9765625,0,2895,6,Shawn
22.94921875,3.90625,29.296875,23.4375,0,2896,6,Shawn
11.71875,0.0,25.390625,79.1015625,0,2897,6,Shawn
6.34765625,0.48828125,14.6484375,66.89453125,0,2898,6,Shawn
27.34375,13.18359375,7.32421875,23.4375,0,2899,6,Shawn
39.55078125,17.578125,10.25390625,20.99609375,0,2900,6,Shawn
20.99609375,17.08984375,20.99609375,59.08203125,0,2901,6,Shawn
13.671875,17.578125,32.2265625,78.61328125,0,2902,6,Shawn
33.203125,12.6953125,29.296875,37.109375,0,2903,6,Shawn
50.29296875,3.41796875,12.6953125,18.06640625,0,2904,6,Shawn
30.76171875,0.48828125,13.18359375,49.31640625,0,2905,6,Shawn
4.8828125,12.20703125,29.296875,65.4296875,0,2906,6,Shawn
20.01953125,12.6953125,18.5546875,41.50390625,0,2907,6,Shawn
42.96875,12.6953125,15.625,13.671875,0,2908,6,Shawn
43.9453125,22.4609375,29.78515625,38.0859375,0,2909,6,Shawn
23.92578125,25.87890625,23.92578125,73.2421875,0,2910,6,Shawn
36.1328125,28.3203125,20.5078125,69.3359375,0,2911,6,Shawn
72.265625,26.85546875,24.90234375,43.9453125,0,2912,6,Shawn
62.5,26.85546875,20.5078125,30.76171875,0,2913,6,Shawn
19.53125,26.85546875,11.71875,49.31640625,0,2914,6,Shawn
0.9765625,20.01953125,4.8828125,53.22265625,0,2915,6,Shawn
34.66796875,15.625,6.34765625,26.3671875,0,2916,6,Shawn
56.640625,11.71875,5.859375,24.90234375,0,2917,6,Shawn
25.390625,11.23046875,10.7421875,59.5703125,0,2918,6,Shawn
0.9765625,20.99609375,24.90234375,67.87109375,0,2919,6,Shawn
31.73828125,15.625,24.90234375,35.64453125,0,2920,6,Shawn
54.6875,8.30078125,15.13671875,20.5078125,0,2921,6,Shawn
41.50390625,16.6015625,14.6484375,53.22265625,0,2922,6,Shawn
21.97265625,23.4375,18.06640625,80.078125,0,2923,6,Shawn
36.62109375,20.01953125,22.94921875,63.4765625,0,2924,6,Shawn
66.89453125,15.625,20.5078125,27.83203125,0,2925,6,Shawn
52.734375,26.3671875,16.6015625,30.76171875,0,2926,6,Shawn
19.04296875,28.80859375,23.4375,70.80078125,0,2927,6,Shawn
12.20703125,10.7421875,21.97265625,63.4765625,0,2928,6,Shawn
42.48046875,7.8125,15.625,25.87890625,0,2929,6,Shawn
54.19921875,23.92578125,18.5546875,28.80859375,0,2930,6,Shawn
28.3203125,28.80859375,19.04296875,66.40625,0,2931,6,Shawn
19.04296875,17.578125,16.6015625,70.3125,0,2932,6,Shawn
44.43359375,9.765625,23.4375,34.66796875,0,2933,6,Shawn
67.87109375,10.25390625,34.1796875,34.66796875,0,2934,6,Shawn
42.96875,17.578125,34.1796875,65.4296875,0,2935,6,Shawn
3.41796875,15.13671875,23.92578125,67.3828125,0,2936,6,Shawn
16.6015625,11.23046875,25.390625,35.15625,0,2937,6,Shawn
41.50390625,18.06640625,32.71484375,11.23046875,0,2938,6,Shawn
30.76171875,21.484375,29.78515625,41.9921875,0,2939,6,Shawn
3.41796875,20.5078125,20.99609375,76.171875,0,2940,6,Shawn
12.20703125,1.46484375,28.3203125,58.10546875,0,2941,6,Shawn
45.41015625,-7.8125,33.69140625,28.80859375,0,2942,6,Shawn
43.45703125,15.13671875,32.2265625,43.9453125,0,2943,6,Shawn
12.6953125,19.04296875,25.390625,75.1953125,0,2944,6,Shawn
2.9296875,20.01953125,6.8359375,59.08203125,0,2945,6,Shawn
27.83203125,25.390625,9.765625,20.01953125,0,2946,6,Shawn
38.0859375,10.25390625,30.76171875,18.5546875,0,2947,6,Shawn
13.18359375,7.32421875,45.8984375,44.921875,0,2948,6,Shawn
-1.46484375,21.484375,39.55078125,50.29296875,0,2949,6,Shawn
15.625,24.4140625,24.90234375,27.83203125,0,2950,6,Shawn
34.1796875,8.7890625,28.3203125,10.7421875,0,2951,6,Shawn
28.3203125,9.765625,38.57421875,51.7578125,0,2952,6,Shawn
4.39453125,23.4375,31.73828125,77.63671875,0,2953,6,Shawn
9.27734375,16.6015625,27.83203125,38.57421875,0,2954,6,Shawn
36.1328125,4.8828125,32.2265625,18.06640625,0,2955,6,Shawn
37.109375,11.23046875,19.53125,41.015625,0,2956,6,Shawn
10.7421875,20.01953125,1.953125,65.91796875,0,2957,6,Shawn
-2.44140625,12.6953125,0.48828125,42.96875,0,2958,6,Shawn
22.4609375,11.23046875,9.27734375,3.90625,0,2959,6,Shawn
31.25,21.484375,17.08984375,5.859375,0,2960,6,Shawn
6.34765625,32.2265625,26.85546875,42.48046875,0,2961,6,Shawn
3.41796875,31.73828125,35.15625,54.6875,0,2962,6,Shawn
34.1796875,19.53125,28.3203125,20.5078125,0,2963,6,Shawn
50.78125,20.5078125,26.85546875,20.99609375,0,2964,6,Shawn
26.85546875,29.78515625,35.15625,59.08203125,0,2965,6,Shawn
11.23046875,33.69140625,41.50390625,68.359375,0,2966,6,Shawn
28.80859375,23.92578125,43.45703125,30.76171875,0,2967,6,Shawn
46.875,18.5546875,33.69140625,15.625,0,2968,6,Shawn
31.25,25.87890625,13.671875,53.22265625,0,2969,6,Shawn
-0.9765625,11.71875,4.8828125,73.2421875,0,2970,6,Shawn
6.8359375,8.7890625,12.6953125,30.76171875,0,2971,6,Shawn
31.73828125,14.6484375,18.5546875,-9.27734375,0,2972,6,Shawn
21.97265625,20.5078125,26.85546875,17.578125,0,2973,6,Shawn
1.46484375,27.34375,37.59765625,64.94140625,0,2974,6,Shawn
6.8359375,20.5078125,30.2734375,56.15234375,0,2975,6,Shawn
23.92578125,6.8359375,25.390625,1.46484375,0,2976,6,Shawn
22.4609375,10.25390625,19.53125,4.39453125,0,2977,6,Shawn
-2.44140625,29.78515625,20.5078125,46.875,0,2978,6,Shawn
-8.30078125,28.3203125,29.78515625,45.41015625,0,2979,6,Shawn
23.4375,16.11328125,22.4609375,13.18359375,0,2980,6,Shawn
35.15625,16.6015625,9.27734375,9.27734375,0,2981,6,Shawn
6.8359375,20.5078125,17.08984375,41.50390625,0,2982,6,Shawn
-7.32421875,20.99609375,42.96875,48.33984375,0,2983,6,Shawn
14.6484375,17.08984375,41.015625,19.53125,0,2984,6,Shawn
35.15625,9.765625,22.4609375,1.953125,0,2985,6,Shawn
25.390625,19.04296875,23.92578125,24.90234375,0,2986,6,Shawn
4.8828125,30.2734375,29.78515625,55.6640625,0,2987,6,Shawn
8.7890625,26.3671875,22.4609375,35.64453125,0,2988,6,Shawn
35.64453125,23.92578125,13.18359375,6.8359375,0,2989,6,Shawn
34.66796875,24.90234375,18.5546875,31.73828125,0,2990,6,Shawn
17.578125,22.94921875,15.625,66.89453125,0,2991,6,Shawn
15.13671875,15.625,2.9296875,57.6171875,0,2992,6,Shawn
34.1796875,4.39453125,17.578125,29.296875,0,2993,6,Shawn
39.0625,2.9296875,35.64453125,22.4609375,0,2994,6,Shawn
5.859375,9.27734375,30.76171875,50.29296875,0,2995,6,Shawn
-4.8828125,16.11328125,26.85546875,51.26953125,0,2996,6,Shawn
16.6015625,11.71875,27.83203125,10.7421875,0,2997,6,Shawn
30.76171875,19.04296875,27.83203125,11.71875,0,2998,6,Shawn
17.08984375,32.71484375,17.578125,48.33984375,0,2999,6,Shawn
-13.18359375,18.5546875,11.23046875,60.05859375,0,3000,6,Shawn
0.0,14.6484375,22.94921875,22.4609375,0,3001,6,Shawn
35.64453125,15.625,17.08984375,-3.41796875,0,3002,6,Shawn
29.78515625,9.27734375,2.9296875,30.76171875,0,3003,6,Shawn
5.37109375,0.9765625,11.71875,57.12890625,0,3004,6,Shawn
6.34765625,-5.859375,26.3671875,31.25,0,3005,6,Shawn
28.3203125,15.13671875,25.87890625,-0.48828125,0,3006,6,Shawn
21.97265625,32.2265625,16.6015625,8.30078125,0,3007,6,Shawn
2.44140625,28.80859375,21.484375,53.22265625,0,3008,6,Shawn
2.44140625,27.34375,21.484375,56.15234375,0,3009,6,Shawn
26.3671875,20.01953125,14.16015625,20.01953125,0,3010,6,Shawn
50.78125,20.5078125,21.484375,17.08984375,0,3011,6,Shawn
28.80859375,26.85546875,23.4375,49.31640625,0,3012,6,Shawn
6.8359375,22.4609375,22.4609375,62.01171875,0,3013,6,Shawn
28.3203125,18.06640625,23.4375,28.80859375,0,3014,6,Shawn
48.33984375,21.97265625,15.625,14.16015625,0,3015,6,Shawn
27.34375,29.296875,5.859375,45.41015625,0,3016,6,Shawn
0.9765625,32.2265625,12.20703125,60.546875,0,3017,6,Shawn
14.6484375,30.2734375,19.04296875,35.64453125,0,3018,6,Shawn
46.875,22.94921875,25.390625,16.11328125,0,3019,6,Shawn
39.55078125,23.92578125,26.85546875,42.48046875,0,3020,6,Shawn
2.9296875,21.97265625,31.73828125,60.546875,0,3021,6,Shawn
-5.859375,21.484375,24.4140625,25.390625,0,3022,6,Shawn
27.83203125,21.97265625,19.04296875,1.46484375,0,3023,6,Shawn
37.59765625,16.11328125,23.4375,18.5546875,0,3024,6,Shawn
4.39453125,11.23046875,10.7421875,50.78125,0,3025,6,Shawn
-6.34765625,14.6484375,0.0,49.8046875,0,3026,6,Shawn
20.5078125,17.578125,8.7890625,11.23046875,0,3027,6,Shawn
41.015625,26.85546875,19.53125,14.16015625,0,3028,6,Shawn
12.6953125,22.4609375,18.5546875,50.29296875,0,3029,6,Shawn
-13.671875,9.27734375,14.6484375,53.22265625,0,3030,6,Shawn
2.44140625,23.92578125,23.92578125,12.20703125,0,3031,6,Shawn
32.71484375,25.87890625,40.0390625,-11.71875,0,3032,6,Shawn
32.71484375,20.99609375,40.0390625,21.484375,0,3033,6,Shawn
4.39453125,31.73828125,30.76171875,60.05859375,0,3034,6,Shawn
11.71875,29.78515625,27.83203125,43.9453125,0,3035,6,Shawn
44.921875,24.4140625,15.13671875,22.4609375,0,3036,6,Shawn
54.19921875,35.64453125,-2.9296875,50.29296875,0,3037,6,Shawn
11.23046875,24.90234375,-11.23046875,70.80078125,0,3038,6,Shawn
-21.484375,2.44140625,1.46484375,36.62109375,0,3039,6,Shawn
9.765625,7.8125,34.1796875,2.44140625,0,3040,6,Shawn
20.5078125,8.30078125,45.8984375,16.11328125,0,3041,6,Shawn
-3.90625,13.671875,31.73828125,44.921875,0,3042,6,Shawn
-14.16015625,15.13671875,29.296875,44.43359375,0,3043,6,Shawn
7.8125,2.9296875,32.71484375,11.23046875,0,3044,6,Shawn
28.80859375,11.23046875,28.3203125,5.859375,0,3045,6,Shawn
15.625,19.53125,17.578125,44.921875,0,3046,6,Shawn
-1.46484375,14.16015625,12.6953125,64.453125,0,3047,6,Shawn
18.06640625,7.32421875,27.34375,34.1796875,0,3048,6,Shawn
46.38671875,13.671875,27.83203125,13.18359375,0,3049,6,Shawn
27.83203125,25.87890625,5.37109375,38.57421875,0,3050,6,Shawn
-10.25390625,22.94921875,-7.8125,68.359375,0,3051,6,Shawn
-4.8828125,18.06640625,-8.30078125,44.43359375,0,3052,6,Shawn
28.80859375,17.08984375,-0.48828125,7.32421875,0,3053,6,Shawn
30.2734375,15.625,13.671875,26.85546875,0,3054,6,Shawn
-0.48828125,20.5078125,24.90234375,62.01171875,0,3055,6,Shawn
0.48828125,26.85546875,35.64453125,45.8984375,0,3056,6,Shawn
20.99609375,14.16015625,25.390625,0.9765625,0,3057,6,Shawn
24.90234375,0.0,21.97265625,6.8359375,0,3058,6,Shawn
11.71875,-3.90625,32.2265625,47.8515625,0,3059,6,Shawn
-3.90625,2.44140625,27.83203125,54.6875,0,3060,6,Shawn
23.4375,14.6484375,15.625,24.4140625,0,3061,6,Shawn
54.6875,20.01953125,6.8359375,20.01953125,0,3062,6,Shawn
36.62109375,22.4609375,0.9765625,50.29296875,0,3063,6,Shawn
10.25390625,22.94921875,9.765625,66.89453125,0,3064,6,Shawn
18.5546875,17.578125,21.484375,42.96875,0,3065,6,Shawn
44.921875,10.7421875,9.765625,23.4375,0,3066,6,Shawn
45.41015625,19.04296875,6.34765625,41.015625,0,3067,6,Shawn
9.765625,22.4609375,24.90234375,62.01171875,0,3068,6,Shawn
4.39453125,20.01953125,28.80859375,44.921875,0,3069,6,Shawn
29.296875,19.04296875,14.16015625,11.71875,0,3070,6,Shawn
36.62109375,20.01953125,10.25390625,22.94921875,0,3071,6,Shawn
14.6484375,20.5078125,21.484375,53.22265625,0,3072,6,Shawn
2.9296875,20.01953125,27.34375,50.78125,0,3073,6,Shawn
26.3671875,14.6484375,20.99609375,16.11328125,0,3074,6,Shawn
41.50390625,15.625,15.625,15.625,0,3075,6,Shawn
25.87890625,10.7421875,22.4609375,58.59375,0,3076,6,Shawn
6.34765625,0.0,27.83203125,68.359375,0,3077,6,Shawn
18.06640625,10.7421875,25.87890625,27.83203125,0,3078,6,Shawn
37.59765625,23.92578125,21.97265625,9.765625,0,3079,6,Shawn
27.83203125,32.2265625,7.8125,46.38671875,0,3080,6,Shawn
8.7890625,28.80859375,10.7421875,72.265625,0,3081,6,Shawn
18.06640625,24.90234375,31.25,44.921875,0,3082,6,Shawn
37.109375,26.85546875,30.76171875,17.08984375,0,3083,6,Shawn
30.2734375,23.4375,24.4140625,32.2265625,0,3084,6,Shawn
4.8828125,20.01953125,30.2734375,59.5703125,0,3085,6,Shawn
10.25390625,17.08984375,31.25,48.828125,0,3086,6,Shawn
45.8984375,20.99609375,20.01953125,24.90234375,0,3087,6,Shawn
43.45703125,20.5078125,17.08984375,38.57421875,0,3088,6,Shawn
17.08984375,25.390625,29.296875,70.80078125,0,3089,6,Shawn
7.32421875,29.78515625,33.69140625,58.10546875,0,3090,6,Shawn
25.87890625,22.4609375,28.80859375,23.92578125,0,3091,6,Shawn
38.57421875,14.16015625,23.92578125,20.99609375,0,3092,6,Shawn
21.97265625,10.7421875,24.4140625,56.15234375,0,3093,6,Shawn
-2.44140625,22.4609375,15.13671875,65.4296875,0,3094,6,Shawn
5.859375,25.87890625,6.34765625,24.4140625,0,3095,6,Shawn
35.64453125,21.97265625,17.08984375,6.8359375,0,3096,6,Shawn
24.4140625,19.53125,30.76171875,30.76171875,0,3097,6,Shawn
-4.8828125,18.06640625,32.2265625,63.96484375,0,3098,6,Shawn
6.8359375,28.80859375,18.5546875,48.33984375,0,3099,6,Shawn
38.0859375,32.2265625,19.04296875,13.671875,0,3100,6,Shawn
42.96875,23.92578125,31.73828125,33.69140625,0,3101,6,Shawn
16.11328125,23.92578125,26.85546875,58.59375,0,3102,6,Shawn
1.46484375,21.484375,14.6484375,42.48046875,0,3103,6,Shawn
28.80859375,12.20703125,11.23046875,16.6015625,0,3104,6,Shawn
42.48046875,13.671875,14.16015625,16.6015625,0,3105,6,Shawn
16.11328125,14.6484375,19.53125,46.875,0,3106,6,Shawn
-1.46484375,-0.9765625,30.2734375,47.8515625,0,3107,6,Shawn
26.85546875,5.859375,37.59765625,25.87890625,0,3108,6,Shawn
46.875,26.85546875,31.73828125,24.90234375,0,3109,6,Shawn
31.25,38.0859375,19.53125,57.12890625,0,3110,6,Shawn
13.671875,33.203125,15.13671875,85.44921875,0,3111,6,Shawn
18.06640625,17.08984375,12.20703125,48.33984375,0,3112,6,Shawn
44.43359375,17.578125,7.8125,18.5546875,0,3113,6,Shawn
28.3203125,27.83203125,7.8125,36.62109375,0,3114,6,Shawn
-6.34765625,30.76171875,13.18359375,56.640625,0,3115,6,Shawn
0.9765625,25.87890625,26.3671875,37.59765625,0,3116,6,Shawn
29.296875,17.578125,30.76171875,-10.7421875,0,3117,6,Shawn
23.92578125,16.6015625,26.3671875,-2.44140625,0,3118,6,Shawn
-6.34765625,14.16015625,28.3203125,49.31640625,0,3119,6,Shawn
-6.34765625,2.44140625,20.99609375,49.8046875,0,3120,6,Shawn
25.390625,0.48828125,13.671875,17.578125,0,3121,6,Shawn
41.015625,15.13671875,27.34375,15.13671875,0,3122,6,Shawn
15.625,27.83203125,32.2265625,44.43359375,0,3123,6,Shawn
-4.39453125,31.25,6.34765625,54.19921875,0,3124,6,Shawn
16.11328125,24.4140625,8.7890625,20.01953125,0,3125,6,Shawn
36.62109375,20.5078125,32.2265625,6.34765625,0,3126,6,Shawn
13.671875,20.01953125,30.76171875,33.69140625,0,3127,6,Shawn
-5.37109375,7.8125,30.2734375,54.6875,0,3128,6,Shawn
12.6953125,10.7421875,15.13671875,29.296875,0,3129,6,Shawn
28.80859375,21.484375,-3.90625,0.48828125,0,3130,6,Shawn
18.06640625,16.6015625,6.34765625,24.4140625,0,3131,6,Shawn
-11.71875,7.8125,14.6484375,48.33984375,0,3132,6,Shawn
-7.8125,2.44140625,21.484375,32.2265625,0,3133,6,Shawn
32.2265625,10.7421875,20.01953125,13.671875,0,3134,6,Shawn
42.96875,15.625,11.23046875,26.3671875,0,3135,6,Shawn
16.6015625,9.27734375,21.484375,58.10546875,0,3136,6,Shawn
0.0,9.765625,29.78515625,45.41015625,0,3137,6,Shawn
29.296875,17.08984375,23.4375,11.23046875,0,3138,6,Shawn
47.8515625,12.6953125,20.99609375,11.71875,0,3139,6,Shawn
17.08984375,6.34765625,24.90234375,33.69140625,0,3140,6,Shawn
-0.48828125,11.23046875,27.83203125,50.78125,0,3141,6,Shawn
20.01953125,9.27734375,27.83203125,23.92578125,0,3142,6,Shawn
35.64453125,5.37109375,20.01953125,-2.9296875,0,3143,6,Shawn
17.578125,5.37109375,14.6484375,29.78515625,0,3144,6,Shawn
-6.8359375,4.39453125,20.01953125,61.03515625,0,3145,6,Shawn
8.30078125,9.765625,26.3671875,39.0625,0,3146,6,Shawn
43.9453125,17.578125,17.578125,14.16015625,0,3147,6,Shawn
47.36328125,20.01953125,9.27734375,38.0859375,0,3148,6,Shawn
19.53125,8.7890625,29.78515625,69.3359375,0,3149,6,Shawn
1.46484375,10.25390625,34.1796875,46.38671875,0,3150,6,Shawn
26.3671875,17.578125,25.390625,13.18359375,0,3151,6,Shawn
32.2265625,14.6484375,25.87890625,12.6953125,0,3152,6,Shawn
-4.39453125,14.6484375,11.23046875,32.71484375,0,3153,6,Shawn
-17.08984375,9.765625,6.8359375,40.52734375,0,3154,6,Shawn
10.25390625,10.7421875,16.6015625,14.16015625,0,3155,6,Shawn
42.96875,20.01953125,31.25,16.6015625,0,3156,6,Shawn
29.78515625,8.30078125,35.64453125,51.26953125,0,3157,6,Shawn
3.41796875,-12.20703125,21.97265625,56.15234375,0,3158,6,Shawn
12.20703125,3.90625,13.671875,27.83203125,0,3159,6,Shawn
39.0625,29.78515625,17.08984375,13.671875,0,3160,6,Shawn
39.55078125,30.2734375,31.73828125,46.38671875,0,3161,6,Shawn
8.30078125,22.4609375,30.2734375,69.3359375,0,3162,6,Shawn
3.41796875,11.23046875,18.5546875,41.015625,0,3163,6,Shawn
36.1328125,9.27734375,17.578125,16.6015625,0,3164,6,Shawn
52.24609375,18.06640625,17.08984375,45.41015625,0,3165,6,Shawn
31.25,25.390625,23.92578125,81.0546875,0,3166,6,Shawn
23.92578125,21.97265625,31.73828125,65.4296875,0,3167,6,Shawn
38.57421875,16.11328125,29.78515625,19.04296875,0,3168,6,Shawn
44.921875,19.04296875,26.3671875,23.4375,0,3169,6,Shawn
20.99609375,20.99609375,23.4375,62.98828125,0,3170,6,Shawn
4.8828125,22.4609375,22.4609375,72.75390625,0,3171,6,Shawn
27.83203125,21.484375,22.94921875,41.9921875,0,3172,6,Shawn
50.78125,19.53125,22.94921875,24.90234375,0,3173,6,Shawn
40.52734375,15.13671875,27.83203125,55.17578125,0,3174,6,Shawn
1.953125,17.578125,37.109375,63.4765625,0,3175,6,Shawn
-3.41796875,23.92578125,34.66796875,28.80859375,0,3176,6,Shawn
33.203125,26.3671875,21.97265625,17.08984375,0,3177,6,Shawn
38.0859375,16.11328125,21.97265625,44.43359375,0,3178,6,Shawn
6.8359375,1.46484375,36.1328125,69.3359375,0,3179,6,Shawn
5.859375,10.25390625,41.50390625,49.31640625,0,3180,6,Shawn
33.69140625,25.87890625,30.2734375,12.6953125,0,3181,6,Shawn
46.875,42.96875,19.04296875,34.66796875,0,3182,6,Shawn
24.90234375,41.50390625,14.16015625,68.359375,0,3183,6,Shawn
9.27734375,24.90234375,15.13671875,49.31640625,0,3184,6,Shawn
32.71484375,19.53125,13.671875,18.06640625,0,3185,6,Shawn
53.7109375,21.97265625,0.0,20.01953125,0,3186,6,Shawn
22.94921875,22.4609375,11.23046875,37.109375,0,3187,6,Shawn
-5.859375,16.6015625,33.69140625,48.828125,0,3188,6,Shawn
17.578125,6.8359375,36.62109375,29.78515625,0,3189,6,Shawn
47.36328125,5.37109375,39.55078125,20.5078125,0,3190,6,Shawn
41.50390625,23.92578125,43.9453125,60.05859375,0,3191,6,Shawn
13.671875,31.25,41.015625,82.51953125,0,3192,6,Shawn
18.5546875,16.6015625,43.45703125,46.38671875,0,3193,6,Shawn
41.015625,15.625,43.45703125,19.53125,0,3194,6,Shawn
33.69140625,24.90234375,18.5546875,46.875,0,3195,6,Shawn
0.0,24.90234375,-0.9765625,79.58984375,0,3196,6,Shawn
-2.44140625,18.06640625,20.99609375,58.10546875,0,3197,6,Shawn
33.69140625,20.01953125,50.78125,24.4140625,0,3198,6,Shawn
35.64453125,27.83203125,43.9453125,38.0859375,0,3199,6,Shawn
4.39453125,22.94921875,24.90234375,71.2890625,0,3200,6,Shawn
-4.8828125,25.390625,29.78515625,73.73046875,0,3201,6,Shawn
20.01953125,31.25,29.78515625,32.2265625,0,3202,6,Shawn
37.59765625,23.4375,18.5546875,18.5546875,0,3203,6,Shawn
24.4140625,5.859375,12.20703125,59.08203125,0,3204,6,Shawn
11.23046875,12.20703125,20.01953125,84.47265625,0,3205,6,Shawn
13.671875,29.78515625,30.76171875,37.59765625,0,3206,6,Shawn
16.11328125,29.78515625,35.64453125,-2.44140625,0,3207,6,Shawn
8.30078125,20.01953125,32.2265625,23.4375,0,3208,6,Shawn
-4.39453125,25.390625,30.76171875,57.6171875,0,3209,6,Shawn
9.765625,38.0859375,28.80859375,49.31640625,0,3210,6,Shawn
51.26953125,31.73828125,18.06640625,26.85546875,0,3211,6,Shawn
50.78125,27.34375,7.32421875,41.015625,0,3212,6,Shawn
11.71875,33.203125,13.671875,62.5,0,3213,6,Shawn
9.27734375,41.50390625,19.04296875,54.19921875,0,3214,6,Shawn
44.921875,43.9453125,21.484375,33.203125,0,3215,6,Shawn
58.59375,41.50390625,22.4609375,39.55078125,0,3216,6,Shawn
35.64453125,38.0859375,20.99609375,78.61328125,0,3217,6,Shawn
17.08984375,31.25,16.6015625,74.70703125,0,3218,6,Shawn
33.203125,26.85546875,3.90625,34.66796875,0,3219,6,Shawn
53.7109375,27.34375,8.7890625,26.3671875,0,3220,6,Shawn
35.15625,16.11328125,23.92578125,50.78125,0,3221,6,Shawn
8.7890625,5.37109375,20.5078125,61.03515625,0,3222,6,Shawn
18.5546875,7.8125,11.23046875,26.85546875,0,3223,6,Shawn
47.8515625,15.625,17.08984375,8.7890625,0,3224,6,Shawn
42.48046875,35.64453125,16.6015625,39.0625,0,3225,6,Shawn
8.7890625,43.9453125,4.39453125,63.4765625,0,3226,6,Shawn
11.71875,38.57421875,16.11328125,44.921875,0,3227,6,Shawn
51.7578125,34.1796875,27.34375,21.484375,0,3228,6,Shawn
56.640625,32.2265625,24.90234375,33.69140625,0,3229,6,Shawn
18.06640625,29.296875,22.94921875,58.59375,0,3230,6,Shawn
4.39453125,25.87890625,21.484375,44.921875,0,3231,6,Shawn
32.71484375,29.296875,14.6484375,13.671875,0,3232,6,Shawn
45.41015625,28.80859375,13.18359375,9.765625,0,3233,6,Shawn
22.4609375,31.73828125,23.4375,46.875,0,3234,6,Shawn
13.671875,26.85546875,34.66796875,67.87109375,0,3235,6,Shawn
31.25,22.94921875,33.203125,26.85546875,0,3236,6,Shawn
46.875,28.3203125,22.94921875,12.6953125,0,3237,6,Shawn
29.296875,21.97265625,24.90234375,47.8515625,0,3238,6,Shawn
4.39453125,17.578125,28.3203125,67.87109375,0,3239,6,Shawn
9.765625,26.3671875,20.01953125,38.0859375,0,3240,6,Shawn
31.73828125,26.3671875,21.97265625,12.20703125,0,3241,6,Shawn
22.94921875,27.83203125,39.55078125,37.109375,0,3242,6,Shawn
-3.41796875,33.69140625,48.828125,64.94140625,0,3243,6,Shawn
-10.7421875,20.99609375,26.85546875,37.59765625,0,3244,6,Shawn
15.625,5.859375,12.6953125,6.34765625,0,3245,6,Shawn
33.69140625,17.578125,22.94921875,19.04296875,0,3246,6,Shawn
16.6015625,32.2265625,36.62109375,51.26953125,0,3247,6,Shawn
12.6953125,31.73828125,37.109375,51.7578125,0,3248,6,Shawn
26.85546875,29.296875,13.671875,13.18359375,0,3249,6,Shawn
37.109375,28.80859375,2.44140625,19.53125,0,3250,6,Shawn
27.83203125,29.296875,15.13671875,54.6875,0,3251,6,Shawn
15.13671875,33.203125,20.5078125,60.05859375,0,3252,6,Shawn
35.15625,33.203125,16.6015625,31.73828125,0,3253,6,Shawn
56.15234375,23.92578125,22.4609375,10.25390625,0,3254,6,Shawn
34.66796875,29.78515625,26.3671875,27.83203125,0,3255,6,Shawn
10.25390625,36.1328125,27.34375,48.828125,0,3256,6,Shawn
10.25390625,27.83203125,22.94921875,22.4609375,0,3257,6,Shawn
24.4140625,27.83203125,15.625,-5.37109375,0,3258,6,Shawn
24.4140625,22.94921875,10.25390625,4.39453125,0,3259,6,Shawn
-1.46484375,25.390625,15.13671875,33.203125,0,3260,6,Shawn
0.48828125,37.59765625,22.94921875,37.59765625,0,3261,6,Shawn
37.109375,27.83203125,20.01953125,14.16015625,0,3262,6,Shawn
49.31640625,25.390625,20.99609375,11.71875,0,3263,6,Shawn
21.484375,37.59765625,24.90234375,38.57421875,0,3264,6,Shawn
-0.48828125,34.66796875,22.4609375,52.24609375,0,3265,6,Shawn
22.4609375,31.73828125,24.90234375,28.80859375,0,3266,6,Shawn
43.9453125,30.76171875,26.3671875,23.4375,0,3267,6,Shawn
20.01953125,25.87890625,27.34375,45.8984375,0,3268,6,Shawn
3.41796875,29.296875,31.25,60.05859375,0,3269,6,Shawn
21.97265625,26.85546875,34.66796875,39.0625,0,3270,6,Shawn
40.52734375,18.06640625,28.3203125,10.25390625,0,3271,6,Shawn
21.97265625,17.578125,17.08984375,38.0859375,0,3272,6,Shawn
-9.27734375,20.5078125,27.83203125,69.3359375,0,3273,6,Shawn
0.9765625,26.85546875,37.109375,46.38671875,0,3274,6,Shawn
37.59765625,35.64453125,20.01953125,31.73828125,0,3275,6,Shawn
32.71484375,35.64453125,4.39453125,46.875,0,3276,6,Shawn
-1.953125,19.53125,15.13671875,65.4296875,0,3277,6,Shawn
0.9765625,16.11328125,33.69140625,56.640625,0,3278,6,Shawn
27.34375,22.94921875,28.3203125,20.01953125,0,3279,6,Shawn
33.69140625,26.3671875,21.97265625,22.4609375,0,3280,6,Shawn
10.25390625,25.390625,26.85546875,61.5234375,0,3281,6,Shawn
-7.32421875,13.18359375,28.3203125,59.08203125,0,3282,6,Shawn
10.25390625,17.08984375,24.90234375,13.671875,0,3283,6,Shawn
35.15625,23.4375,21.97265625,14.16015625,0,3284,6,Shawn
22.4609375,7.8125,14.16015625,59.5703125,0,3285,6,Shawn
-5.859375,1.46484375,11.71875,75.1953125,0,3286,6,Shawn
7.32421875,16.6015625,12.20703125,41.9921875,0,3287,6,Shawn
33.69140625,29.296875,16.11328125,10.25390625,0,3288,6,Shawn
22.4609375,21.97265625,23.92578125,32.71484375,0,3289,6,Shawn
1.46484375,15.625,28.3203125,65.91796875,0,3290,6,Shawn
10.25390625,25.390625,29.78515625,52.734375,0,3291,6,Shawn
36.62109375,20.01953125,39.0625,28.80859375,0,3292,6,Shawn
41.50390625,8.30078125,44.43359375,38.0859375,0,3293,6,Shawn
11.23046875,0.48828125,33.203125,61.5234375,0,3294,6,Shawn
-4.39453125,3.41796875,23.92578125,55.17578125,0,3295,6,Shawn
17.578125,25.390625,25.390625,22.4609375,0,3296,6,Shawn
36.1328125,31.73828125,13.671875,22.4609375,0,3297,6,Shawn
11.71875,29.296875,-1.953125,47.8515625,0,3298,6,Shawn
-4.8828125,31.25,5.37109375,56.640625,0,3299,6,Shawn
28.3203125,21.97265625,22.4609375,32.2265625,0,3300,6,Shawn
56.640625,17.578125,26.85546875,19.53125,0,3301,6,Shawn
39.55078125,25.87890625,20.99609375,50.78125,0,3302,6,Shawn
15.625,19.04296875,26.3671875,65.91796875,0,3303,6,Shawn
21.484375,6.34765625,26.3671875,32.71484375,0,3304,6,Shawn
44.43359375,4.8828125,16.11328125,7.8125,0,3305,6,Shawn
42.96875,15.625,3.90625,27.83203125,0,3306,6,Shawn
10.7421875,27.34375,0.0,54.6875,0,3307,6,Shawn
11.71875,27.83203125,18.5546875,48.828125,0,3308,6,Shawn
50.29296875,30.2734375,38.57421875,17.578125,0,3309,6,Shawn
48.33984375,34.66796875,29.296875,12.20703125,0,3310,6,Shawn
15.13671875,31.25,19.04296875,56.640625,0,3311,6,Shawn
9.765625,17.08984375,22.94921875,76.66015625,0,3312,6,Shawn
28.3203125,14.6484375,5.859375,33.69140625,0,3313,6,Shawn
43.45703125,24.4140625,-3.41796875,14.6484375,0,3314,6,Shawn
24.4140625,30.2734375,4.39453125,50.29296875,0,3315,6,Shawn
4.39453125,30.2734375,0.48828125,64.94140625,0,3316,6,Shawn
23.92578125,26.3671875,5.37109375,35.64453125,0,3317,6,Shawn
36.62109375,22.4609375,18.06640625,11.23046875,0,3318,6,Shawn
20.01953125,30.76171875,22.4609375,28.3203125,0,3319,6,Shawn
3.90625,23.92578125,27.34375,53.7109375,0,3320,6,Shawn
20.01953125,9.27734375,27.83203125,36.62109375,0,3321,6,Shawn
49.31640625,19.04296875,19.04296875,13.671875,0,3322,6,Shawn
39.55078125,17.08984375,26.85546875,32.2265625,0,3323,6,Shawn
5.37109375,22.94921875,25.390625,64.453125,0,3324,6,Shawn
0.48828125,37.59765625,-1.46484375,53.22265625,0,3325,6,Shawn
29.78515625,32.71484375,3.90625,19.04296875,0,3326,6,Shawn
35.64453125,28.80859375,24.90234375,19.04296875,0,3327,6,Shawn
14.16015625,29.78515625,32.71484375,56.15234375,0,3328,6,Shawn
3.41796875,22.94921875,34.1796875,59.5703125,0,3329,6,Shawn
19.04296875,14.16015625,28.80859375,17.578125,0,3330,6,Shawn
35.64453125,15.13671875,24.4140625,4.39453125,0,3331,6,Shawn
19.04296875,17.578125,20.5078125,38.0859375,0,3332,6,Shawn
1.46484375,20.5078125,20.5078125,57.6171875,0,3333,6,Shawn
42.96875,20.99609375,28.3203125,55.6640625,0,3334,6,Shawn
78.125,24.90234375,20.99609375,52.734375,0,3335,6,Shawn
28.3203125,26.3671875,11.71875,40.0390625,0,3336,6,Shawn
-11.71875,22.94921875,16.6015625,51.7578125,0,3337,6,Shawn
9.765625,29.296875,23.4375,47.36328125,0,3338,6,Shawn
34.66796875,31.73828125,24.90234375,16.11328125,0,3339,6,Shawn
30.2734375,28.3203125,21.97265625,28.80859375,0,3340,6,Shawn
-1.953125,20.5078125,25.87890625,59.08203125,0,3341,6,Shawn
-4.8828125,15.625,26.3671875,62.5,0,3342,6,Shawn
31.25,19.53125,23.4375,30.76171875,0,3343,6,Shawn
46.875,25.390625,18.5546875,8.30078125,0,3344,6,Shawn
26.3671875,30.2734375,6.34765625,46.875,0,3345,6,Shawn
6.8359375,25.87890625,-3.90625,63.96484375,0,3346,6,Shawn
29.296875,26.85546875,1.953125,32.71484375,0,3347,6,Shawn
61.03515625,33.69140625,19.53125,25.390625,0,3348,6,Shawn
35.15625,30.76171875,9.765625,43.9453125,0,3349,6,Shawn
1.953125,22.94921875,-2.44140625,62.01171875,0,3350,6,Shawn
18.5546875,20.5078125,10.25390625,37.109375,0,3351,6,Shawn
44.43359375,25.87890625,22.94921875,11.71875,0,3352,6,Shawn
35.64453125,35.64453125,20.99609375,41.015625,0,3353,6,Shawn
8.30078125,37.109375,10.25390625,68.84765625,0,3354,6,Shawn
13.671875,33.203125,-2.44140625,48.33984375,0,3355,6,Shawn
34.66796875,31.25,-11.23046875,11.23046875,0,3356,6,Shawn
29.296875,23.4375,7.32421875,23.4375,0,3357,6,Shawn
12.6953125,14.6484375,25.390625,70.3125,0,3358,6,Shawn
12.20703125,19.53125,21.484375,73.73046875,0,3359,6,Shawn
41.015625,30.76171875,20.01953125,36.62109375,0,3360,6,Shawn
52.24609375,29.296875,22.4609375,35.64453125,0,3361,6,Shawn
29.78515625,25.390625,29.78515625,75.68359375,0,3362,6,Shawn
12.6953125,36.1328125,40.52734375,87.890625,0,3363,6,Shawn
30.2734375,34.1796875,38.0859375,43.45703125,0,3364,6,Shawn
47.36328125,20.5078125,29.78515625,19.04296875,0,3365,6,Shawn
33.203125,26.3671875,29.296875,47.36328125,0,3366,6,Shawn
7.32421875,32.2265625,19.53125,55.17578125,0,3367,6,Shawn
12.6953125,29.78515625,12.20703125,37.59765625,0,3368,6,Shawn
44.43359375,23.92578125,11.71875,25.87890625,0,3369,6,Shawn
51.26953125,32.2265625,7.32421875,42.48046875,0,3370,6,Shawn
26.85546875,41.9921875,11.71875,71.77734375,0,3371,6,Shawn
21.484375,29.78515625,13.18359375,60.05859375,0,3372,6,Shawn
46.875,26.3671875,10.25390625,26.3671875,0,3373,6,Shawn
45.8984375,39.0625,17.08984375,25.87890625,0,3374,6,Shawn
16.11328125,33.203125,23.92578125,53.7109375,0,3375,6,Shawn
0.0,23.4375,28.80859375,55.17578125,0,3376,6,Shawn
24.4140625,20.99609375,28.80859375,30.2734375,0,3377,6,Shawn
50.78125,21.97265625,32.2265625,19.53125,0,3378,6,Shawn
31.25,24.4140625,24.90234375,45.41015625,0,3379,6,Shawn
12.20703125,20.5078125,11.23046875,70.80078125,0,3380,6,Shawn
35.64453125,26.85546875,4.8828125,48.33984375,0,3381,6,Shawn
56.640625,35.15625,5.37109375,30.2734375,0,3382,6,Shawn
24.4140625,34.1796875,12.20703125,40.52734375,0,3383,6,Shawn
-6.8359375,29.296875,20.01953125,60.05859375,0,3384,6,Shawn
9.27734375,23.4375,32.71484375,45.8984375,0,3385,6,Shawn
37.59765625,23.4375,36.1328125,18.5546875,0,3386,6,Shawn
32.71484375,25.87890625,36.1328125,30.2734375,0,3387,6,Shawn
0.0,20.99609375,37.59765625,67.87109375,0,3388,6,Shawn
4.39453125,16.6015625,40.52734375,62.01171875,0,3389,6,Shawn
45.41015625,18.06640625,37.59765625,28.3203125,0,3390,6,Shawn
54.19921875,25.390625,22.4609375,42.96875,0,3391,6,Shawn
32.2265625,31.25,16.11328125,83.0078125,0,3392,6,Shawn
18.06640625,29.78515625,22.4609375,88.8671875,0,3393,6,Shawn
17.08984375,24.4140625,18.06640625,22.94921875,0,3394,6,Shawn
22.94921875,23.92578125,14.6484375,-7.32421875,0,3395,6,Shawn
3.90625,26.3671875,28.80859375,25.87890625,0,3396,6,Shawn
-14.16015625,29.296875,36.62109375,42.96875,0,3397,6,Shawn
1.46484375,31.73828125,28.80859375,28.3203125,0,3398,6,Shawn
30.2734375,27.34375,23.92578125,11.71875,0,3399,6,Shawn
31.73828125,13.18359375,14.6484375,36.1328125,0,3400,6,Shawn
-0.9765625,7.8125,6.34765625,63.4765625,0,3401,6,Shawn
1.953125,16.11328125,14.6484375,44.921875,0,3402,6,Shawn
32.71484375,22.4609375,14.6484375,13.671875,0,3403,6,Shawn
35.64453125,23.4375,8.7890625,20.99609375,0,3404,6,Shawn
9.765625,22.4609375,28.3203125,47.36328125,0,3405,6,Shawn
-7.8125,25.390625,37.59765625,45.8984375,0,3406,6,Shawn
7.32421875,24.90234375,24.90234375,11.23046875,0,3407,6,Shawn
14.6484375,20.5078125,20.5078125,9.765625,0,3408,6,Shawn
-2.44140625,20.99609375,18.06640625,44.43359375,0,3409,6,Shawn
-17.08984375,28.3203125,19.53125,49.8046875,0,3410,6,Shawn
8.7890625,22.4609375,29.296875,23.4375,0,3411,6,Shawn
43.45703125,10.25390625,30.2734375,16.11328125,0,3412,6,Shawn
32.71484375,17.578125,25.87890625,44.43359375,0,3413,6,Shawn
10.7421875,28.80859375,15.13671875,67.3828125,0,3414,6,Shawn
20.5078125,26.85546875,0.9765625,44.43359375,0,3415,6,Shawn
44.921875,14.16015625,5.37109375,20.5078125,0,3416,6,Shawn
35.64453125,13.671875,15.625,30.76171875,0,3417,6,Shawn
8.7890625,21.97265625,25.87890625,55.6640625,0,3418,6,Shawn
12.6953125,12.20703125,17.08984375,40.52734375,0,3419,6,Shawn
43.9453125,14.6484375,-1.953125,8.30078125,0,3420,6,Shawn
49.8046875,41.50390625,17.578125,23.4375,0,3421,6,Shawn
18.5546875,35.64453125,31.73828125,44.43359375,0,3422,6,Shawn
-0.48828125,18.06640625,24.90234375,43.45703125,0,3423,6,Shawn
29.296875,28.80859375,13.18359375,20.5078125,0,3424,6,Shawn
52.24609375,36.1328125,-7.32421875,15.625,0,3425,6,Shawn
17.08984375,23.92578125,0.9765625,48.828125,0,3426,6,Shawn
-13.18359375,16.11328125,26.3671875,60.546875,0,3427,6,Shawn
7.8125,17.08984375,29.296875,27.34375,0,3428,6,Shawn
28.3203125,20.99609375,20.99609375,0.48828125,0,3429,6,Shawn
8.30078125,19.04296875,12.20703125,21.97265625,0,3430,6,Shawn
-16.6015625,8.7890625,14.6484375,53.22265625,0,3431,6,Shawn
-2.44140625,2.9296875,26.3671875,37.59765625,0,3432,6,Shawn
30.2734375,14.6484375,24.4140625,11.71875,0,3433,6,Shawn
33.203125,27.34375,14.16015625,26.85546875,0,3434,6,Shawn
6.34765625,25.87890625,6.8359375,49.31640625,0,3435,6,Shawn
-0.48828125,23.4375,3.41796875,42.96875,0,3436,6,Shawn
32.2265625,30.2734375,-2.44140625,16.6015625,0,3437,6,Shawn
41.50390625,25.87890625,0.48828125,15.625,0,3438,6,Shawn
4.8828125,17.08984375,7.8125,41.9921875,0,3439,6,Shawn
-15.13671875,10.25390625,7.8125,34.1796875,0,3440,6,Shawn
19.04296875,13.671875,15.625,11.71875,0,3441,6,Shawn
47.36328125,21.97265625,15.13671875,17.08984375,0,3442,6,Shawn
22.94921875,22.94921875,14.16015625,49.8046875,0,3443,6,Shawn
-6.34765625,15.625,25.87890625,58.10546875,0,3444,6,Shawn
8.30078125,14.16015625,24.90234375,26.3671875,0,3445,6,Shawn
38.57421875,27.83203125,18.06640625,19.53125,0,3446,6,Shawn
34.66796875,30.2734375,18.5546875,50.78125,0,3447,6,Shawn
4.8828125,22.4609375,26.85546875,69.3359375,0,3448,6,Shawn
9.27734375,21.97265625,21.97265625,47.36328125,0,3449,6,Shawn
27.83203125,18.5546875,2.9296875,15.625,0,3450,6,Shawn
21.97265625,13.671875,0.48828125,13.18359375,0,3451,6,Shawn
-0.48828125,16.6015625,12.6953125,42.48046875,0,3452,6,Shawn
-3.41796875,24.4140625,25.390625,54.19921875,0,3453,6,Shawn
31.25,27.83203125,33.203125,29.296875,0,3454,6,Shawn
44.43359375,20.5078125,24.4140625,24.4140625,0,3455,6,Shawn
14.16015625,11.71875,0.48828125,47.36328125,0,3456,6,Shawn
-6.34765625,11.23046875,-4.8828125,48.828125,0,3457,6,Shawn
16.6015625,20.01953125,9.765625,19.04296875,0,3458,6,Shawn
43.9453125,25.390625,20.01953125,13.671875,0,3459,6,Shawn
28.3203125,17.578125,14.16015625,39.55078125,0,3460,6,Shawn
2.44140625,12.6953125,9.765625,53.7109375,0,3461,6,Shawn
17.578125,22.4609375,13.671875,30.76171875,0,3462,6,Shawn
42.96875,31.25,19.04296875,0.9765625,0,3463,6,Shawn
37.59765625,33.69140625,26.3671875,27.34375,0,3464,6,Shawn
16.11328125,22.94921875,32.71484375,66.89453125,0,3465,6,Shawn
12.6953125,6.8359375,24.90234375,53.7109375,0,3466,6,Shawn
48.33984375,17.08984375,26.85546875,28.80859375,0,3467,6,Shawn
61.03515625,36.1328125,28.80859375,42.48046875,0,3468,6,Shawn
24.90234375,31.73828125,9.765625,66.40625,0,3469,6,Shawn
8.30078125,16.6015625,10.25390625,52.734375,0,3470,6,Shawn
37.59765625,17.578125,18.06640625,19.53125,0,3471,6,Shawn
55.17578125,21.484375,21.484375,25.390625,0,3472,6,Shawn
26.85546875,14.16015625,28.80859375,63.4765625,0,3473,6,Shawn
2.9296875,17.08984375,34.1796875,65.4296875,0,3474,6,Shawn
22.4609375,27.34375,19.53125,27.34375,0,3475,6,Shawn
50.29296875,25.87890625,-4.8828125,20.99609375,0,3476,6,Shawn
36.1328125,20.01953125,2.44140625,53.22265625,0,3477,6,Shawn
1.953125,23.4375,24.90234375,72.265625,0,3478,6,Shawn
8.30078125,17.578125,29.78515625,51.7578125,0,3479,6,Shawn
41.9921875,11.71875,35.64453125,23.4375,0,3480,6,Shawn
48.33984375,23.92578125,40.52734375,48.33984375,0,3481,6,Shawn
20.01953125,20.99609375,26.85546875,83.984375,0,3482,6,Shawn
14.16015625,13.18359375,14.16015625,65.91796875,0,3483,6,Shawn
32.2265625,17.08984375,25.390625,28.80859375,0,3484,6,Shawn
39.55078125,24.4140625,28.3203125,33.203125,0,3485,6,Shawn
11.71875,25.87890625,15.13671875,63.96484375,0,3486,6,Shawn
-7.32421875,25.87890625,22.94921875,63.96484375,0,3487,6,Shawn
17.08984375,15.625,20.5078125,22.94921875,0,3488,6,Shawn
34.66796875,6.34765625,11.23046875,8.30078125,0,3489,6,Shawn
18.06640625,17.578125,15.625,32.71484375,0,3490,6,Shawn
-0.9765625,22.4609375,18.06640625,50.29296875,0,3491,6,Shawn
14.16015625,18.5546875,19.53125,30.76171875,0,3492,6,Shawn
47.36328125,26.85546875,15.625,17.578125,0,3493,6,Shawn
42.48046875,26.85546875,17.08984375,41.015625,0,3494,6,Shawn
10.25390625,20.99609375,14.6484375,59.5703125,0,3495,6,Shawn
15.625,31.25,10.7421875,42.96875,0,3496,6,Shawn
45.8984375,32.71484375,21.484375,17.578125,0,3497,6,Shawn
42.48046875,22.94921875,30.2734375,27.83203125,0,3498,6,Shawn
5.859375,18.5546875,29.296875,57.12890625,0,3499,6,Shawn
3.90625,22.4609375,24.4140625,51.7578125,0,3500,6,Shawn
35.64453125,24.4140625,23.4375,21.97265625,0,3501,6,Shawn
47.36328125,29.296875,28.80859375,23.92578125,0,3502,6,Shawn
25.87890625,29.78515625,22.4609375,63.4765625,0,3503,6,Shawn
9.765625,20.01953125,10.25390625,66.40625,0,3504,6,Shawn
34.1796875,26.3671875,9.27734375,30.76171875,0,3505,6,Shawn
54.19921875,40.0390625,12.20703125,24.90234375,0,3506,6,Shawn
35.64453125,38.57421875,11.23046875,58.59375,0,3507,6,Shawn
14.16015625,32.2265625,20.01953125,73.73046875,0,3508,6,Shawn
18.06640625,25.87890625,27.83203125,39.55078125,0,3509,6,Shawn
32.71484375,20.5078125,32.2265625,5.37109375,0,3510,6,Shawn
25.87890625,29.78515625,38.0859375,27.34375,0,3511,6,Shawn
7.8125,24.90234375,37.109375,64.453125,0,3512,6,Shawn
16.6015625,12.6953125,27.34375,46.875,0,3513,6,Shawn
40.52734375,22.94921875,16.11328125,16.11328125,0,3514,6,Shawn
49.31640625,35.15625,21.484375,32.2265625,0,3515,6,Shawn
30.2734375,36.62109375,23.92578125,67.3828125,0,3516,6,Shawn
14.16015625,33.69140625,15.625,60.05859375,0,3517,6,Shawn
26.85546875,31.73828125,17.578125,14.6484375,0,3518,6,Shawn
43.45703125,30.76171875,25.87890625,21.484375,0,3519,6,Shawn
29.296875,36.62109375,26.3671875,57.6171875,0,3520,6,Shawn
12.6953125,38.57421875,28.80859375,57.6171875,0,3521,6,Shawn
28.80859375,23.4375,31.73828125,31.73828125,0,3522,6,Shawn
38.0859375,8.30078125,30.2734375,14.16015625,0,3523,6,Shawn
16.6015625,11.23046875,25.87890625,38.0859375,0,3524,6,Shawn
-9.27734375,22.94921875,12.6953125,59.08203125,0,3525,6,Shawn
1.953125,30.2734375,15.13671875,28.3203125,0,3526,6,Shawn
41.015625,30.2734375,37.59765625,12.6953125,0,3527,6,Shawn
36.62109375,30.2734375,28.80859375,34.66796875,0,3528,6,Shawn
1.46484375,34.66796875,7.8125,58.10546875,0,3529,6,Shawn
8.30078125,36.1328125,16.6015625,49.8046875,0,3530,6,Shawn
31.25,30.76171875,17.08984375,16.11328125,0,3531,6,Shawn
35.64453125,15.625,-1.953125,20.99609375,0,3532,6,Shawn
13.18359375,9.765625,9.765625,56.640625,0,3533,6,Shawn
2.44140625,23.4375,26.85546875,61.5234375,0,3534,6,Shawn
33.69140625,34.1796875,28.80859375,19.04296875,0,3535,6,Shawn
56.640625,37.109375,30.2734375,11.23046875,0,3536,6,Shawn
38.57421875,42.48046875,27.83203125,59.5703125,0,3537,6,Shawn
5.859375,38.0859375,30.76171875,74.70703125,0,3538,6,Shawn
-8.30078125,26.85546875,19.53125,29.78515625,0,3539,6,Shawn
21.484375,24.90234375,20.99609375,3.90625,0,3540,6,Shawn
26.85546875,31.25,37.59765625,38.0859375,0,3541,6,Shawn
-2.9296875,29.296875,29.78515625,68.84765625,0,3542,6,Shawn
11.71875,21.97265625,29.296875,46.875,0,3543,6,Shawn
46.875,17.578125,30.76171875,18.06640625,0,3544,6,Shawn
41.50390625,18.06640625,26.3671875,36.1328125,0,3545,6,Shawn
10.7421875,25.390625,25.87890625,69.82421875,0,3546,6,Shawn
7.32421875,29.78515625,10.7421875,54.6875,0,3547,6,Shawn
32.71484375,17.578125,5.37109375,19.04296875,0,3548,6,Shawn
44.43359375,14.6484375,11.23046875,31.73828125,0,3549,6,Shawn
20.99609375,21.484375,18.5546875,57.12890625,0,3550,6,Shawn
-8.7890625,16.11328125,17.578125,51.7578125,0,3551,6,Shawn
8.7890625,20.01953125,17.578125,20.5078125,0,3552,6,Shawn
42.48046875,19.04296875,29.296875,19.04296875,0,3553,6,Shawn
24.4140625,14.6484375,20.01953125,59.5703125,0,3554,6,Shawn
-0.9765625,17.08984375,12.6953125,71.77734375,0,3555,6,Shawn
9.27734375,18.5546875,18.06640625,34.1796875,0,3556,6,Shawn
35.64453125,21.484375,21.97265625,15.625,0,3557,6,Shawn
29.78515625,23.92578125,26.85546875,40.52734375,0,3558,6,Shawn
-1.46484375,29.78515625,27.34375,57.6171875,0,3559,6,Shawn
-1.46484375,31.73828125,23.92578125,33.69140625,0,3560,6,Shawn
28.3203125,27.83203125,13.18359375,7.32421875,0,3561,6,Shawn
28.3203125,26.85546875,12.6953125,20.99609375,0,3562,6,Shawn
-1.46484375,18.06640625,23.4375,61.03515625,0,3563,6,Shawn
-7.8125,7.32421875,22.4609375,62.5,0,3564,6,Shawn
17.08984375,13.18359375,24.4140625,26.3671875,0,3565,6,Shawn
35.15625,24.90234375,25.390625,27.83203125,0,3566,6,Shawn
18.06640625,24.4140625,16.11328125,66.89453125,0,3567,6,Shawn
9.27734375,23.4375,13.671875,76.171875,0,3568,6,Shawn
29.78515625,24.90234375,23.92578125,44.43359375,0,3569,6,Shawn
44.43359375,21.484375,28.3203125,18.06640625,0,3570,6,Shawn
20.99609375,23.4375,19.04296875,36.1328125,0,3571,6,Shawn
5.859375,29.78515625,19.53125,76.171875,0,3572,6,Shawn
28.3203125,31.25,18.06640625,57.12890625,0,3573,6,Shawn
48.33984375,25.390625,11.71875,23.92578125,0,3574,6,Shawn
39.0625,28.3203125,17.578125,41.9921875,0,3575,6,Shawn
2.44140625,29.78515625,31.25,61.5234375,0,3576,6,Shawn
2.9296875,32.2265625,34.1796875,50.29296875,0,3577,6,Shawn
28.80859375,25.87890625,16.6015625,13.18359375,0,3578,6,Shawn
25.390625,21.97265625,8.7890625,15.13671875,0,3579,6,Shawn
3.41796875,32.71484375,10.7421875,55.17578125,0,3580,6,Shawn
0.48828125,23.92578125,13.671875,44.43359375,0,3581,6,Shawn
24.4140625,6.34765625,26.3671875,7.32421875,0,3582,6,Shawn
38.0859375,20.5078125,31.25,13.18359375,0,3583,6,Shawn
15.625,34.1796875,31.73828125,43.45703125,0,3584,6,Shawn
0.48828125,35.64453125,27.83203125,55.6640625,0,3585,6,Shawn
21.97265625,37.59765625,19.04296875,24.90234375,0,3586,6,Shawn
34.66796875,19.04296875,14.16015625,2.9296875,0,3587,6,Shawn
15.625,10.7421875,6.34765625,29.296875,0,3588,6,Shawn
-5.859375,21.97265625,15.625,55.17578125,0,3589,6,Shawn
3.90625,23.92578125,31.25,35.64453125,0,3590,6,Shawn
29.78515625,19.04296875,32.2265625,9.765625,0,3591,6,Shawn
26.85546875,18.5546875,20.01953125,30.76171875,0,3592,6,Shawn
2.9296875,24.4140625,15.13671875,65.4296875,0,3593,6,Shawn
-0.9765625,19.04296875,23.4375,43.45703125,0,3594,6,Shawn
29.296875,23.4375,19.53125,2.9296875,0,3595,6,Shawn
46.38671875,37.59765625,19.04296875,26.85546875,0,3596,6,Shawn
9.765625,24.90234375,13.18359375,41.9921875,0,3597,6,Shawn
-22.94921875,16.11328125,-3.41796875,20.99609375,0,3598,6,Shawn
5.859375,17.08984375,4.8828125,3.41796875,0,3599,6,Shawn
35.15625,11.71875,11.71875,1.46484375,0,3600,6,Shawn
17.08984375,15.13671875,12.20703125,32.2265625,0,3601,6,Shawn
-5.37109375,23.92578125,19.53125,47.36328125,0,3602,6,Shawn
11.23046875,26.85546875,20.01953125,21.484375,0,3603,6,Shawn
41.50390625,24.4140625,20.5078125,10.25390625,0,3604,6,Shawn
40.52734375,23.4375,20.01953125,37.59765625,0,3605,6,Shawn
11.23046875,24.90234375,19.04296875,57.6171875,0,3606,6,Shawn
1.953125,30.76171875,9.27734375,36.1328125,0,3607,6,Shawn
21.484375,20.99609375,0.48828125,0.0,0,3608,6,Shawn
10.7421875,14.16015625,3.41796875,-2.44140625,0,3609,6,Shawn
-17.08984375,27.34375,18.06640625,28.80859375,0,3610,6,Shawn
-15.13671875,18.06640625,20.01953125,27.34375,0,3611,6,Shawn
18.06640625,14.16015625,8.7890625,3.90625,0,3612,6,Shawn
41.015625,15.625,13.671875,20.01953125,0,3613,6,Shawn
10.7421875,19.53125,20.5078125,55.17578125,0,3614,6,Shawn
-27.34375,27.83203125,16.6015625,49.31640625,0,3615,6,Shawn
-13.18359375,21.484375,19.04296875,11.71875,0,3616,6,Shawn
11.71875,18.5546875,38.57421875,3.90625,0,3617,6,Shawn
-7.8125,13.671875,46.875,36.1328125,0,3618,6,Shawn
-22.94921875,5.37109375,32.2265625,61.03515625,0,3619,6,Shawn
-2.9296875,6.34765625,26.3671875,34.1796875,0,3620,6,Shawn
31.25,16.6015625,30.2734375,14.6484375,0,3621,6,Shawn
30.2734375,23.92578125,26.3671875,47.8515625,0,3622,6,Shawn
-0.48828125,16.11328125,22.94921875,73.73046875,0,3623,6,Shawn
8.30078125,23.4375,27.34375,60.546875,0,3624,6,Shawn
55.6640625,36.1328125,21.484375,44.43359375,0,3625,6,Shawn
65.4296875,27.34375,7.32421875,57.6171875,0,3626,6,Shawn
13.671875,15.13671875,6.34765625,70.3125,0,3627,6,Shawn
-11.23046875,8.30078125,12.6953125,51.26953125,0,3628,6,Shawn
17.08984375,10.7421875,24.4140625,17.578125,0,3629,6,Shawn
37.109375,7.8125,29.78515625,26.3671875,0,3630,6,Shawn
20.99609375,13.18359375,21.484375,54.19921875,0,3631,6,Shawn
0.0,24.90234375,8.7890625,43.45703125,0,3632,6,Shawn
13.18359375,26.3671875,12.6953125,11.23046875,0,3633,6,Shawn
42.48046875,29.78515625,19.04296875,0.9765625,0,3634,6,Shawn
36.1328125,36.1328125,22.94921875,37.109375,0,3635,6,Shawn
11.71875,30.76171875,36.1328125,61.03515625,0,3636,6,Shawn
25.390625,28.80859375,45.41015625,46.38671875,0,3637,6,Shawn
55.17578125,28.3203125,28.80859375,21.484375,0,3638,6,Shawn
36.62109375,28.3203125,12.20703125,27.34375,0,3639,6,Shawn
0.9765625,15.625,17.08984375,57.6171875,0,3640,6,Shawn
5.859375,2.9296875,28.80859375,40.52734375,0,3641,6,Shawn
32.71484375,22.94921875,33.203125,11.71875,0,3642,6,Shawn
37.59765625,33.69140625,22.94921875,24.90234375,0,3643,6,Shawn
0.48828125,31.73828125,14.6484375,46.875,0,3644,6,Shawn
-19.53125,32.71484375,11.23046875,43.9453125,0,3645,6,Shawn
11.71875,29.296875,13.18359375,15.13671875,0,3646,6,Shawn
32.2265625,28.3203125,20.5078125,10.7421875,0,3647,6,Shawn
6.34765625,34.66796875,21.97265625,40.0390625,0,3648,6,Shawn
-13.671875,34.66796875,20.01953125,56.640625,0,3649,6,Shawn
7.32421875,25.390625,22.94921875,30.2734375,0,3650,6,Shawn
38.0859375,22.94921875,25.390625,9.765625,0,3651,6,Shawn
33.69140625,19.04296875,17.08984375,43.9453125,0,3652,6,Shawn
8.30078125,13.671875,12.6953125,70.3125,0,3653,6,Shawn
15.625,19.04296875,13.671875,49.31640625,0,3654,6,Shawn
44.921875,33.69140625,-1.46484375,20.99609375,0,3655,6,Shawn
48.33984375,34.1796875,4.8828125,35.64453125,0,3656,6,Shawn
15.625,18.06640625,33.69140625,67.87109375,0,3657,6,Shawn
0.0,21.484375,36.62109375,45.8984375,0,3658,6,Shawn
22.94921875,24.4140625,36.1328125,0.48828125,0,3659,6,Shawn
40.52734375,27.34375,40.52734375,13.671875,0,3660,6,Shawn
13.671875,30.2734375,30.76171875,53.7109375,0,3661,6,Shawn
-3.90625,30.2734375,16.11328125,47.36328125,0,3662,6,Shawn
21.484375,34.1796875,6.34765625,19.53125,0,3663,6,Shawn
39.55078125,33.203125,16.11328125,21.97265625,0,3664,6,Shawn
16.11328125,30.2734375,30.76171875,51.7578125,0,3665,6,Shawn
-15.625,16.11328125,32.71484375,50.29296875,0,3666,6,Shawn
-5.859375,13.671875,26.3671875,14.6484375,0,3667,6,Shawn
35.15625,25.390625,28.3203125,10.25390625,0,3668,6,Shawn
31.73828125,21.484375,41.50390625,42.48046875,0,3669,6,Shawn
-6.8359375,9.27734375,35.64453125,66.89453125,0,3670,6,Shawn
-9.765625,7.32421875,14.6484375,37.109375,0,3671,6,Shawn
13.18359375,9.765625,5.859375,-3.90625,0,3672,6,Shawn
20.5078125,11.23046875,12.20703125,18.5546875,0,3673,6,Shawn
0.9765625,4.39453125,24.4140625,59.5703125,0,3674,6,Shawn
-5.37109375,4.39453125,27.34375,57.12890625,0,3675,6,Shawn
22.94921875,20.99609375,13.671875,23.92578125,0,3676,6,Shawn
34.66796875,22.4609375,2.44140625,19.04296875,0,3677,6,Shawn
5.859375,20.5078125,13.18359375,45.8984375,0,3678,6,Shawn
-8.7890625,19.04296875,27.34375,51.26953125,0,3679,6,Shawn
15.13671875,14.6484375,32.2265625,31.25,0,3680,6,Shawn
37.59765625,14.6484375,29.296875,14.16015625,0,3681,6,Shawn
22.94921875,19.04296875,27.83203125,42.96875,0,3682,6,Shawn
1.46484375,28.80859375,29.296875,80.56640625,0,3683,6,Shawn
13.18359375,30.76171875,29.78515625,54.6875,0,3684,6,Shawn
40.0390625,18.06640625,26.3671875,27.83203125,0,3685,6,Shawn
37.59765625,21.484375,12.20703125,48.828125,0,3686,6,Shawn
16.11328125,32.2265625,1.953125,77.1484375,0,3687,6,Shawn
13.671875,20.01953125,12.20703125,63.96484375,0,3688,6,Shawn
37.59765625,26.3671875,28.3203125,41.50390625,0,3689,6,Shawn
46.875,35.64453125,35.64453125,44.43359375,0,3690,6,Shawn
15.13671875,26.3671875,26.3671875,59.08203125,0,3691,6,Shawn
-0.48828125,19.04296875,12.6953125,56.15234375,0,3692,6,Shawn
37.109375,23.4375,14.6484375,31.25,0,3693,6,Shawn
59.5703125,32.2265625,15.625,27.83203125,0,3694,6,Shawn
22.4609375,23.4375,20.5078125,55.6640625,0,3695,6,Shawn
-6.8359375,15.625,26.85546875,58.59375,0,3696,6,Shawn
14.6484375,8.30078125,30.76171875,23.4375,0,3697,6,Shawn
43.9453125,18.06640625,36.62109375,16.11328125,0,3698,6,Shawn
34.1796875,40.52734375,39.55078125,50.29296875,0,3699,6,Shawn
4.39453125,39.0625,30.2734375,69.82421875,0,3700,6,Shawn
5.37109375,23.92578125,15.625,31.73828125,0,3701,6,Shawn
38.57421875,23.4375,20.99609375,8.30078125,0,3702,6,Shawn
45.8984375,33.69140625,18.06640625,39.0625,0,3703,6,Shawn
8.30078125,35.15625,6.8359375,58.59375,0,3704,6,Shawn
-6.8359375,25.87890625,7.8125,32.2265625,0,3705,6,Shawn
23.4375,24.90234375,9.765625,-3.41796875,0,3706,6,Shawn
35.15625,30.2734375,24.4140625,10.25390625,0,3707,6,Shawn
8.7890625,22.94921875,31.25,44.921875,0,3708,6,Shawn
2.9296875,21.484375,21.484375,48.33984375,0,3709,6,Shawn
25.390625,28.3203125,4.8828125,24.4140625,0,3710,6,Shawn
41.50390625,16.6015625,0.0,9.765625,0,3711,6,Shawn
29.296875,14.6484375,12.6953125,42.48046875,0,3712,6,Shawn
11.23046875,23.4375,16.11328125,66.89453125,0,3713,6,Shawn
24.90234375,18.5546875,11.71875,37.109375,0,3714,6,Shawn
46.38671875,26.85546875,18.06640625,18.06640625,0,3715,6,Shawn
32.71484375,25.87890625,24.90234375,35.15625,0,3716,6,Shawn
-2.44140625,19.53125,21.97265625,49.8046875,0,3717,6,Shawn
7.8125,29.296875,15.13671875,38.0859375,0,3718,6,Shawn
42.96875,36.1328125,15.13671875,15.13671875,0,3719,6,Shawn
43.45703125,30.2734375,18.5546875,26.3671875,0,3720,6,Shawn
6.8359375,22.4609375,19.04296875,52.734375,0,3721,6,Shawn
-4.39453125,26.3671875,15.625,41.015625,0,3722,6,Shawn
28.3203125,22.94921875,11.23046875,11.23046875,0,3723,6,Shawn
42.48046875,22.4609375,8.30078125,16.11328125,0,3724,6,Shawn
19.53125,25.87890625,10.7421875,49.31640625,0,3725,6,Shawn
-1.46484375,21.97265625,23.4375,49.8046875,0,3726,6,Shawn
20.01953125,22.94921875,25.390625,16.11328125,0,3727,6,Shawn
48.828125,32.71484375,19.53125,8.7890625,0,3728,6,Shawn
22.94921875,27.34375,16.11328125,33.69140625,0,3729,6,Shawn
-13.671875,9.765625,20.5078125,55.6640625,0,3730,6,Shawn
9.765625,16.11328125,30.76171875,38.57421875,0,3731,6,Shawn
48.828125,27.83203125,23.92578125,14.6484375,0,3732,6,Shawn
32.71484375,26.3671875,3.41796875,35.15625,0,3733,6,Shawn
2.44140625,34.1796875,10.7421875,67.87109375,0,3734,6,Shawn
4.8828125,34.66796875,15.13671875,47.8515625,0,3735,6,Shawn
31.25,34.1796875,5.859375,15.625,0,3736,6,Shawn
34.1796875,35.15625,17.578125,25.87890625,0,3737,6,Shawn
3.90625,33.69140625,23.92578125,57.12890625,0,3738,6,Shawn
0.9765625,28.80859375,18.06640625,47.36328125,0,3739,6,Shawn
44.43359375,22.94921875,15.625,31.73828125,0,3740,6,Shawn
58.10546875,20.99609375,21.484375,47.36328125,0,3741,6,Shawn
14.6484375,20.5078125,30.76171875,57.6171875,0,3742,6,Shawn
-19.53125,18.06640625,37.109375,55.17578125,0,3743,6,Shawn
0.9765625,12.20703125,27.83203125,23.4375,0,3744,6,Shawn
40.0390625,19.04296875,32.71484375,23.92578125,0,3745,6,Shawn
30.2734375,23.4375,41.015625,49.8046875,0,3746,6,Shawn
2.44140625,5.859375,30.76171875,59.08203125,0,3747,6,Shawn
9.27734375,-3.41796875,20.01953125,36.1328125,0,3748,6,Shawn
39.55078125,12.6953125,10.7421875,3.90625,0,3749,6,Shawn
41.9921875,26.85546875,12.20703125,22.4609375,0,3750,6,Shawn
8.7890625,15.625,20.5078125,50.78125,0,3751,6,Shawn
4.8828125,6.8359375,30.76171875,38.0859375,0,3752,6,Shawn
40.52734375,24.4140625,24.90234375,25.87890625,0,3753,6,Shawn
40.52734375,31.25,0.48828125,36.1328125,0,3754,6,Shawn
11.23046875,30.76171875,-1.953125,65.4296875,0,3755,6,Shawn
-3.90625,35.15625,5.37109375,69.3359375,0,3756,6,Shawn
13.671875,25.87890625,20.5078125,25.390625,0,3757,6,Shawn
38.57421875,18.06640625,31.25,19.53125,0,3758,6,Shawn
23.92578125,19.04296875,28.80859375,56.15234375,0,3759,6,Shawn
-2.9296875,18.5546875,34.1796875,62.98828125,0,3760,6,Shawn
20.5078125,18.5546875,38.57421875,39.55078125,0,3761,6,Shawn
53.22265625,21.97265625,31.25,20.99609375,0,3762,6,Shawn
41.015625,29.296875,20.5078125,38.57421875,0,3763,6,Shawn
20.5078125,41.015625,15.625,71.2890625,0,3764,6,Shawn
21.97265625,36.1328125,15.13671875,53.7109375,0,3765,6,Shawn
39.0625,21.97265625,12.20703125,23.92578125,0,3766,6,Shawn
45.41015625,20.99609375,6.34765625,43.45703125,0,3767,6,Shawn
15.625,20.99609375,5.859375,81.0546875,0,3768,6,Shawn
5.37109375,13.671875,14.6484375,68.84765625,0,3769,6,Shawn
36.62109375,28.3203125,25.390625,26.3671875,0,3770,6,Shawn
48.828125,49.31640625,32.2265625,28.80859375,0,3771,6,Shawn
14.6484375,44.921875,38.57421875,60.546875,0,3772,6,Shawn
1.953125,32.71484375,38.57421875,67.87109375,0,3773,6,Shawn
24.90234375,30.2734375,20.01953125,32.2265625,0,3774,6,Shawn
27.34375,23.92578125,2.44140625,6.34765625,0,3775,6,Shawn
5.859375,7.32421875,6.34765625,34.66796875,0,3776,6,Shawn
-2.44140625,10.7421875,15.625,52.24609375,0,3777,6,Shawn
17.08984375,25.87890625,15.625,24.4140625,0,3778,6,Shawn
46.38671875,28.80859375,11.71875,15.13671875,0,3779,6,Shawn
36.1328125,31.25,0.0,36.62109375,0,3780,6,Shawn
-4.39453125,32.2265625,0.9765625,57.6171875,0,3781,6,Shawn
0.0,32.71484375,15.625,30.76171875,0,3782,6,Shawn
33.69140625,32.71484375,19.04296875,0.0,0,3783,6,Shawn
29.296875,23.92578125,24.90234375,21.484375,0,3784,6,Shawn
-1.46484375,13.671875,28.80859375,47.36328125,0,3785,6,Shawn
-4.8828125,8.30078125,21.97265625,39.0625,0,3786,6,Shawn
23.92578125,11.23046875,13.671875,0.0,0,3787,6,Shawn
47.36328125,21.484375,16.11328125,6.8359375,0,3788,6,Shawn
32.2265625,20.99609375,29.296875,56.15234375,0,3789,6,Shawn
3.90625,13.671875,24.4140625,56.15234375,0,3790,6,Shawn
18.06640625,14.6484375,11.23046875,25.390625,0,3791,6,Shawn
42.48046875,15.625,4.8828125,5.859375,0,3792,6,Shawn
24.4140625,18.5546875,-2.44140625,26.3671875,0,3793,6,Shawn
-3.90625,19.53125,7.32421875,47.8515625,0,3794,6,Shawn
10.7421875,20.5078125,24.4140625,30.2734375,0,3795,6,Shawn
41.9921875,22.94921875,26.3671875,19.53125,0,3796,6,Shawn
29.296875,21.484375,23.4375,33.69140625,0,3797,6,Shawn
-6.34765625,7.32421875,35.64453125,60.05859375,0,3798,6,Shawn
11.71875,-11.23046875,53.22265625,71.2890625,0,3799,6,Shawn
42.96875,-6.8359375,38.57421875,26.3671875,0,3800,6,Shawn
22.94921875,-2.9296875,20.5078125,-3.41796875,0,3801,6,Shawn
-3.41796875,2.44140625,21.484375,37.59765625,0,3802,6,Shawn
-5.859375,10.7421875,14.6484375,43.9453125,0,3803,6,Shawn
11.23046875,13.18359375,12.20703125,3.41796875,0,3804,6,Shawn
39.55078125,20.5078125,11.23046875,3.90625,0,3805,6,Shawn
26.3671875,28.80859375,9.765625,40.0390625,0,3806,6,Shawn
-1.46484375,27.83203125,15.625,45.8984375,0,3807,6,Shawn
16.6015625,23.92578125,21.484375,19.04296875,0,3808,6,Shawn
42.96875,29.296875,12.20703125,15.13671875,0,3809,6,Shawn
34.1796875,34.1796875,2.44140625,45.8984375,0,3810,6,Shawn
6.8359375,31.73828125,7.8125,61.5234375,0,3811,6,Shawn
10.25390625,25.87890625,-0.9765625,27.34375,0,3812,6,Shawn
38.57421875,21.484375,-5.37109375,-3.41796875,0,3813,6,Shawn
37.59765625,11.71875,12.20703125,19.53125,0,3814,6,Shawn
13.671875,6.8359375,14.6484375,58.10546875,0,3815,6,Shawn
12.6953125,17.578125,8.7890625,42.48046875,0,3816,6,Shawn
35.15625,28.3203125,19.53125,-6.8359375,0,3817,6,Shawn
46.875,29.296875,31.73828125,6.8359375,0,3818,6,Shawn
11.71875,31.25,31.25,45.8984375,0,3819,6,Shawn
-4.8828125,28.80859375,20.5078125,41.9921875,0,3820,6,Shawn
36.62109375,34.1796875,10.7421875,26.3671875,0,3821,6,Shawn
63.96484375,41.50390625,6.34765625,31.25,0,3822,6,Shawn
37.59765625,28.3203125,8.30078125,53.22265625,0,3823,6,Shawn
7.8125,22.4609375,9.27734375,58.10546875,0,3824,6,Shawn
26.3671875,19.04296875,14.6484375,36.62109375,0,3825,6,Shawn
60.05859375,26.85546875,20.5078125,25.390625,0,3826,6,Shawn
48.33984375,40.52734375,20.01953125,47.8515625,0,3827,6,Shawn
15.625,36.62109375,23.92578125,71.2890625,0,3828,6,Shawn
10.7421875,36.1328125,26.3671875,43.9453125,0,3829,6,Shawn
38.0859375,32.2265625,22.4609375,14.6484375,0,3830,6,Shawn
45.8984375,23.92578125,22.94921875,36.62109375,0,3831,6,Shawn
10.25390625,19.53125,14.16015625,53.7109375,0,3832,6,Shawn
9.765625,20.99609375,10.7421875,45.41015625,0,3833,6,Shawn
37.109375,22.4609375,24.90234375,31.25,0,3834,6,Shawn
47.36328125,25.390625,32.2265625,26.85546875,0,3835,6,Shawn
23.92578125,26.85546875,27.34375,50.29296875,0,3836,6,Shawn
-3.41796875,17.08984375,22.94921875,51.7578125,0,3837,6,Shawn
21.97265625,13.671875,20.5078125,17.578125,0,3838,6,Shawn
43.9453125,19.04296875,17.08984375,5.859375,0,3839,6,Shawn
20.99609375,28.3203125,17.08984375,43.45703125,0,3840,6,Shawn
0.0,28.80859375,22.4609375,73.2421875,0,3841,6,Shawn
19.04296875,17.08984375,21.484375,46.38671875,0,3842,6,Shawn
45.8984375,15.13671875,14.6484375,20.99609375,0,3843,6,Shawn
42.48046875,32.2265625,23.4375,42.96875,0,3844,6,Shawn
16.6015625,29.78515625,32.2265625,67.3828125,0,3845,6,Shawn
9.27734375,18.5546875,24.90234375,48.33984375,0,3846,6,Shawn
29.78515625,22.4609375,12.20703125,14.16015625,0,3847,6,Shawn
36.62109375,26.3671875,14.16015625,22.4609375,0,3848,6,Shawn
17.578125,23.92578125,29.78515625,67.3828125,0,3849,6,Shawn
4.8828125,14.16015625,28.3203125,63.96484375,0,3850,6,Shawn
20.5078125,18.5546875,12.20703125,18.06640625,0,3851,6,Shawn
46.875,35.64453125,7.32421875,29.296875,0,3852,6,Shawn
40.0390625,34.1796875,23.92578125,73.2421875,0,3853,6,Shawn
16.11328125,24.4140625,35.15625,69.3359375,0,3854,6,Shawn
26.3671875,27.83203125,30.76171875,27.83203125,0,3855,6,Shawn
48.828125,26.3671875,29.296875,17.08984375,0,3856,6,Shawn
37.109375,18.5546875,30.2734375,52.734375,0,3857,6,Shawn
13.671875,22.4609375,28.80859375,61.5234375,0,3858,6,Shawn
22.94921875,24.90234375,24.4140625,35.15625,0,3859,6,Shawn
48.828125,14.6484375,20.5078125,20.5078125,0,3860,6,Shawn
54.19921875,22.4609375,20.99609375,38.57421875,0,3861,6,Shawn
27.83203125,31.73828125,15.625,66.40625,0,3862,6,Shawn
15.13671875,26.85546875,14.6484375,44.921875,0,3863,6,Shawn
43.45703125,35.64453125,18.5546875,12.6953125,0,3864,6,Shawn
49.31640625,38.57421875,22.4609375,30.76171875,0,3865,6,Shawn
13.671875,28.80859375,24.90234375,53.22265625,0,3866,6,Shawn
1.46484375,24.90234375,18.06640625,43.45703125,0,3867,6,Shawn
48.828125,23.92578125,23.92578125,38.0859375,0,3868,6,Shawn
57.6171875,29.296875,33.203125,26.85546875,0,3869,6,Shawn
-0.9765625,25.87890625,30.76171875,25.87890625,0,3870,6,Shawn
-22.94921875,26.3671875,23.92578125,39.0625,0,3871,6,Shawn
5.37109375,39.0625,23.92578125,22.4609375,0,3872,6,Shawn
33.69140625,33.69140625,26.3671875,6.34765625,0,3873,6,Shawn
28.3203125,23.92578125,18.06640625,29.296875,0,3874,6,Shawn
-8.7890625,25.390625,11.71875,47.8515625,0,3875,6,Shawn
-6.34765625,27.83203125,16.11328125,21.97265625,0,3876,6,Shawn
27.83203125,33.69140625,11.71875,-4.8828125,0,3877,6,Shawn
28.3203125,28.80859375,1.46484375,16.6015625,0,3878,6,Shawn
7.32421875,21.484375,0.0,55.17578125,0,3879,6,Shawn
-9.27734375,14.16015625,16.11328125,35.64453125,0,3880,6,Shawn
6.34765625,7.8125,28.3203125,-4.8828125,0,3881,6,Shawn
20.01953125,13.671875,23.4375,6.34765625,0,3882,6,Shawn
6.34765625,15.13671875,22.4609375,40.0390625,0,3883,6,Shawn
-8.7890625,10.7421875,28.3203125,46.875,0,3884,6,Shawn
7.32421875,6.34765625,37.109375,15.13671875,0,3885,6,Shawn
27.34375,2.44140625,41.9921875,2.9296875,0,3886,6,Shawn
17.08984375,1.46484375,45.8984375,46.875,0,3887,6,Shawn
-3.90625,4.8828125,49.8046875,67.87109375,0,3888,6,Shawn
3.41796875,0.48828125,46.38671875,37.109375,0,3889,6,Shawn
25.87890625,-3.41796875,42.48046875,17.08984375,0,3890,6,Shawn
19.53125,-3.90625,35.15625,47.36328125,0,3891,6,Shawn
-3.90625,-3.41796875,30.76171875,85.9375,0,3892,6,Shawn
2.44140625,-3.90625,37.59765625,69.3359375,0,3893,6,Shawn
41.015625,0.48828125,42.48046875,41.50390625,0,3894,6,Shawn
37.59765625,16.6015625,25.390625,52.24609375,0,3895,6,Shawn
0.9765625,22.4609375,20.99609375,80.56640625,0,3896,6,Shawn
7.8125,19.53125,38.0859375,79.1015625,0,3897,6,Shawn
44.921875,25.390625,44.921875,42.48046875,0,3898,6,Shawn
46.38671875,20.5078125,41.9921875,34.66796875,0,3899,6,Shawn
19.53125,12.6953125,36.1328125,67.87109375,0,3900,6,Shawn
13.18359375,21.484375,39.0625,81.54296875,0,3901,6,Shawn
40.52734375,21.97265625,46.875,50.29296875,0,3902,6,Shawn
62.5,8.7890625,48.828125,30.2734375,0,3903,6,Shawn
46.875,18.06640625,27.34375,64.453125,0,3904,6,Shawn
16.6015625,29.78515625,-3.41796875,82.51953125,0,3905,6,Shawn
20.5078125,27.83203125,9.765625,49.8046875,0,3906,6,Shawn
42.48046875,29.296875,35.64453125,26.3671875,0,3907,6,Shawn
36.62109375,26.3671875,43.45703125,34.1796875,0,3908,6,Shawn
9.27734375,31.25,42.48046875,57.12890625,0,3909,6,Shawn
9.765625,33.69140625,39.0625,47.36328125,0,3910,6,Shawn
39.0625,27.83203125,34.1796875,21.97265625,0,3911,6,Shawn
50.78125,22.94921875,32.71484375,37.59765625,0,3912,6,Shawn
24.90234375,22.4609375,25.87890625,61.03515625,0,3913,6,Shawn
15.625,30.76171875,20.5078125,62.5,0,3914,6,Shawn
43.9453125,38.57421875,22.4609375,36.1328125,0,3915,6,Shawn
55.6640625,34.66796875,23.92578125,29.78515625,0,3916,6,Shawn
22.4609375,21.97265625,31.25,58.10546875,0,3917,6,Shawn
-3.41796875,6.8359375,34.66796875,62.01171875,0,3918,6,Shawn
22.4609375,5.37109375,36.1328125,34.66796875,0,3919,6,Shawn
39.0625,17.08984375,31.25,12.20703125,0,3920,6,Shawn
25.87890625,26.85546875,17.578125,39.0625,0,3921,6,Shawn
8.30078125,30.76171875,7.8125,73.73046875,0,3922,6,Shawn
11.23046875,26.85546875,9.765625,45.8984375,0,3923,6,Shawn
37.109375,24.90234375,24.90234375,18.5546875,0,3924,6,Shawn
41.50390625,26.3671875,36.1328125,41.50390625,0,3925,6,Shawn
10.25390625,29.296875,27.34375,67.87109375,0,3926,6,Shawn
2.9296875,30.76171875,19.53125,52.24609375,0,3927,6,Shawn
35.15625,25.87890625,16.11328125,21.484375,0,3928,6,Shawn
50.29296875,26.85546875,17.578125,28.3203125,0,3929,6,Shawn
19.04296875,26.85546875,21.484375,59.5703125,0,3930,6,Shawn
-7.32421875,14.6484375,12.6953125,52.24609375,0,3931,6,Shawn
10.25390625,14.16015625,3.90625,15.625,0,3932,6,Shawn
33.203125,27.34375,13.18359375,10.7421875,0,3933,6,Shawn
18.5546875,30.2734375,28.3203125,42.96875,0,3934,6,Shawn
0.48828125,28.3203125,26.85546875,58.59375,0,3935,6,Shawn
15.625,22.4609375,26.3671875,22.4609375,0,3936,6,Shawn
32.71484375,13.671875,35.15625,1.46484375,0,3937,6,Shawn
26.3671875,12.6953125,34.1796875,30.76171875,0,3938,6,Shawn
1.46484375,19.04296875,23.92578125,52.734375,0,3939,6,Shawn
11.71875,27.34375,12.20703125,36.1328125,0,3940,6,Shawn
47.36328125,31.73828125,20.5078125,17.08984375,0,3941,6,Shawn
42.96875,35.15625,17.578125,36.1328125,0,3942,6,Shawn
15.625,39.55078125,14.6484375,57.12890625,0,3943,6,Shawn
5.859375,38.0859375,20.5078125,42.96875,0,3944,6,Shawn
31.25,33.69140625,13.671875,22.4609375,0,3945,6,Shawn
36.1328125,28.3203125,10.25390625,20.01953125,0,3946,6,Shawn
4.39453125,23.4375,17.578125,45.41015625,0,3947,6,Shawn
-9.765625,23.4375,23.4375,43.9453125,0,3948,6,Shawn
15.625,21.97265625,28.80859375,9.765625,0,3949,6,Shawn
40.0390625,25.87890625,27.34375,9.27734375,0,3950,6,Shawn
26.3671875,18.06640625,19.04296875,48.33984375,0,3951,6,Shawn
7.8125,5.37109375,31.25,66.40625,0,3952,6,Shawn
20.01953125,13.18359375,34.1796875,36.62109375,0,3953,6,Shawn
43.45703125,24.90234375,32.71484375,13.671875,0,3954,6,Shawn
35.15625,42.96875,38.0859375,32.71484375,0,3955,6,Shawn
6.34765625,44.921875,25.390625,70.3125,0,3956,6,Shawn
12.6953125,38.0859375,7.8125,59.08203125,0,3957,6,Shawn
43.45703125,36.1328125,7.32421875,12.6953125,0,3958,6,Shawn
41.9921875,28.80859375,17.578125,23.4375,0,3959,6,Shawn
9.765625,30.76171875,14.16015625,67.3828125,0,3960,6,Shawn
4.8828125,29.296875,12.20703125,64.453125,0,3961,6,Shawn
34.1796875,25.390625,16.11328125,32.2265625,0,3962,6,Shawn
43.45703125,25.87890625,8.7890625,16.11328125,0,3963,6,Shawn
21.97265625,22.94921875,5.37109375,42.96875,0,3964,6,Shawn
5.37109375,22.94921875,14.6484375,59.5703125,0,3965,6,Shawn
22.4609375,16.6015625,20.01953125,22.4609375,0,3966,6,Shawn
47.36328125,14.16015625,26.3671875,13.18359375,0,3967,6,Shawn
33.203125,23.4375,23.92578125,39.0625,0,3968,6,Shawn
1.46484375,29.78515625,4.39453125,60.546875,0,3969,6,Shawn
16.11328125,21.97265625,3.41796875,48.828125,0,3970,6,Shawn
47.8515625,22.4609375,17.578125,20.5078125,0,3971,6,Shawn
56.15234375,33.203125,26.3671875,51.26953125,0,3972,6,Shawn
31.73828125,29.296875,31.25,82.03125,0,3973,6,Shawn
7.32421875,22.94921875,21.97265625,39.55078125,0,3974,6,Shawn
20.5078125,23.4375,13.18359375,-6.8359375,0,3975,6,Shawn
25.390625,27.34375,12.6953125,1.953125,0,3976,6,Shawn
-6.8359375,19.04296875,7.32421875,34.1796875,0,3977,6,Shawn
-24.4140625,21.97265625,7.32421875,26.85546875,0,3978,6,Shawn
7.32421875,34.66796875,13.18359375,-6.8359375,0,3979,6,Shawn
33.203125,41.9921875,4.8828125,3.90625,0,3980,6,Shawn
19.53125,46.38671875,12.20703125,40.52734375,0,3981,6,Shawn
-12.20703125,34.1796875,22.94921875,43.9453125,0,3982,6,Shawn
-2.44140625,19.04296875,13.18359375,12.6953125,0,3983,6,Shawn
24.4140625,19.53125,13.671875,-5.859375,0,3984,6,Shawn
14.6484375,25.87890625,15.625,25.390625,0,3985,6,Shawn
-11.23046875,28.3203125,15.13671875,51.26953125,0,3986,6,Shawn
-3.90625,25.87890625,21.484375,29.296875,0,3987,6,Shawn
28.80859375,25.390625,24.90234375,9.27734375,0,3988,6,Shawn
31.25,34.1796875,19.53125,31.25,0,3989,6,Shawn
7.32421875,31.73828125,17.08984375,58.59375,0,3990,6,Shawn
8.30078125,22.4609375,16.6015625,58.59375,0,3991,6,Shawn
45.8984375,32.71484375,17.08984375,30.76171875,0,3992,6,Shawn
49.8046875,39.55078125,12.6953125,12.20703125,0,3993,6,Shawn
21.97265625,36.1328125,5.37109375,41.50390625,0,3994,6,Shawn
10.25390625,35.64453125,-1.46484375,60.05859375,0,3995,6,Shawn
31.25,26.85546875,7.8125,23.92578125,0,3996,6,Shawn
48.33984375,18.06640625,20.5078125,15.13671875,0,3997,6,Shawn
32.2265625,17.578125,1.953125,55.17578125,0,3998,6,Shawn
6.8359375,28.80859375,4.8828125,63.96484375,0,3999,6,Shawn
20.01953125,34.66796875,27.34375,30.2734375,0,4000,6,Shawn
51.7578125,36.1328125,28.3203125,19.53125,0,4001,6,Shawn
35.15625,30.76171875,21.484375,39.0625,0,4002,6,Shawn
8.7890625,19.53125,25.87890625,61.5234375,0,4003,6,Shawn
21.97265625,24.4140625,39.0625,44.921875,0,4004,6,Shawn
41.015625,32.71484375,32.2265625,10.25390625,0,4005,6,Shawn
28.3203125,35.64453125,25.390625,23.92578125,0,4006,6,Shawn
2.9296875,29.296875,30.76171875,59.5703125,0,4007,6,Shawn
7.8125,22.4609375,28.3203125,62.5,0,4008,6,Shawn
34.1796875,33.69140625,19.04296875,21.484375,0,4009,6,Shawn
41.015625,40.52734375,12.20703125,17.578125,0,4010,6,Shawn
18.5546875,34.66796875,17.08984375,49.31640625,0,4011,6,Shawn
1.46484375,25.87890625,26.3671875,50.78125,0,4012,6,Shawn
20.99609375,23.4375,26.85546875,26.3671875,0,4013,6,Shawn
45.8984375,27.83203125,21.97265625,16.11328125,0,4014,6,Shawn
29.296875,26.3671875,25.390625,43.9453125,0,4015,6,Shawn
0.9765625,29.296875,31.25,62.98828125,0,4016,6,Shawn
10.7421875,40.52734375,35.15625,37.59765625,0,4017,6,Shawn
41.015625,38.57421875,23.4375,17.578125,0,4018,6,Shawn
41.50390625,31.25,7.32421875,36.1328125,0,4019,6,Shawn
11.71875,28.3203125,11.23046875,62.5,0,4020,6,Shawn
8.30078125,20.5078125,10.25390625,44.921875,0,4021,6,Shawn
32.71484375,12.20703125,1.46484375,5.859375,0,4022,6,Shawn
31.73828125,18.06640625,0.48828125,13.18359375,0,4023,6,Shawn
9.27734375,30.76171875,12.20703125,44.43359375,0,4024,6,Shawn
-6.34765625,32.2265625,14.6484375,41.015625,0,4025,6,Shawn
9.27734375,24.4140625,22.4609375,6.8359375,0,4026,6,Shawn
31.25,18.5546875,34.1796875,0.48828125,0,4027,6,Shawn
9.765625,28.3203125,24.90234375,32.71484375,0,4028,6,Shawn
-11.71875,29.78515625,24.4140625,46.38671875,0,4029,6,Shawn
17.578125,26.3671875,25.87890625,25.390625,0,4030,6,Shawn
50.29296875,31.73828125,26.85546875,15.13671875,0,4031,6,Shawn
33.203125,27.34375,16.6015625,31.25,0,4032,6,Shawn
-3.90625,23.92578125,1.953125,47.8515625,0,4033,6,Shawn
-3.41796875,26.3671875,13.18359375,25.87890625,0,4034,6,Shawn
27.83203125,28.3203125,28.3203125,7.8125,0,4035,6,Shawn
27.83203125,28.80859375,20.01953125,27.83203125,0,4036,6,Shawn
-1.46484375,31.25,6.8359375,56.640625,0,4037,6,Shawn
2.9296875,24.90234375,17.578125,52.734375,0,4038,6,Shawn
31.73828125,20.5078125,32.2265625,14.6484375,0,4039,6,Shawn
37.59765625,36.1328125,30.2734375,20.99609375,0,4040,6,Shawn
12.20703125,38.57421875,22.94921875,59.08203125,0,4041,6,Shawn
3.41796875,32.71484375,21.484375,62.5,0,4042,6,Shawn
28.80859375,32.2265625,15.13671875,34.66796875,0,4043,6,Shawn
41.50390625,27.34375,-0.48828125,18.5546875,0,4044,6,Shawn
20.99609375,32.71484375,5.37109375,49.8046875,0,4045,6,Shawn
0.0,27.83203125,18.5546875,67.87109375,0,4046,6,Shawn
13.18359375,16.11328125,17.08984375,32.71484375,0,4047,6,Shawn
32.71484375,17.08984375,8.7890625,16.11328125,0,4048,6,Shawn
21.484375,25.87890625,14.16015625,38.0859375,0,4049,6,Shawn
-2.9296875,28.3203125,32.71484375,54.6875,0,4050,6,Shawn
4.8828125,14.16015625,33.69140625,31.25,0,4051,6,Shawn
38.57421875,10.25390625,30.2734375,11.23046875,0,4052,6,Shawn
37.109375,18.06640625,28.3203125,30.2734375,0,4053,6,Shawn
6.34765625,25.87890625,23.4375,56.640625,0,4054,6,Shawn
-2.9296875,31.73828125,22.4609375,45.41015625,0,4055,6,Shawn
21.484375,31.73828125,20.99609375,14.6484375,0,4056,6,Shawn
38.57421875,29.78515625,22.94921875,22.4609375,0,4057,6,Shawn
5.859375,22.4609375,21.97265625,48.828125,0,4058,6,Shawn
-15.13671875,24.90234375,18.5546875,42.48046875,0,4059,6,Shawn
9.27734375,29.78515625,14.6484375,12.6953125,0,4060,6,Shawn
27.34375,18.06640625,6.34765625,3.90625,0,4061,6,Shawn
15.13671875,17.578125,2.9296875,31.25,0,4062,6,Shawn
-4.39453125,23.4375,13.18359375,54.19921875,0,4063,6,Shawn
13.18359375,14.16015625,17.08984375,31.25,0,4064,6,Shawn
44.43359375,19.04296875,12.6953125,11.71875,0,4065,6,Shawn
41.015625,27.34375,13.18359375,38.57421875,0,4066,6,Shawn
7.8125,21.484375,7.8125,56.640625,0,4067,6,Shawn
11.71875,24.4140625,8.7890625,39.0625,0,4068,6,Shawn
41.9921875,30.76171875,17.08984375,13.18359375,0,4069,6,Shawn
37.109375,29.296875,6.8359375,13.671875,0,4070,6,Shawn
8.30078125,26.85546875,5.859375,45.8984375,0,4071,6,Shawn
0.48828125,20.99609375,20.5078125,50.78125,0,4072,6,Shawn
27.83203125,16.6015625,28.80859375,25.390625,0,4073,6,Shawn
38.57421875,26.85546875,29.78515625,14.6484375,0,4074,6,Shawn
9.27734375,40.0390625,26.85546875,34.66796875,0,4075,6,Shawn
-2.44140625,43.9453125,23.4375,57.6171875,0,4076,6,Shawn
21.97265625,33.203125,7.32421875,29.78515625,0,4077,6,Shawn
42.96875,31.25,-6.34765625,8.7890625,0,4078,6,Shawn
34.66796875,40.0390625,10.7421875,42.48046875,0,4079,6,Shawn
5.859375,32.2265625,19.04296875,65.4296875,0,4080,6,Shawn
7.32421875,20.99609375,16.11328125,28.3203125,0,4081,6,Shawn
37.59765625,26.85546875,19.53125,-2.9296875,0,4082,6,Shawn
32.2265625,34.66796875,19.53125,24.90234375,0,4083,6,Shawn
-5.37109375,32.2265625,22.4609375,49.31640625,0,4084,6,Shawn
-8.7890625,28.3203125,24.90234375,35.64453125,0,4085,6,Shawn
26.85546875,30.76171875,21.484375,13.18359375,0,4086,6,Shawn
34.66796875,32.71484375,18.06640625,21.97265625,0,4087,6,Shawn
0.9765625,30.2734375,21.97265625,53.22265625,0,4088,6,Shawn
-10.25390625,31.25,22.4609375,40.0390625,0,4089,6,Shawn
14.16015625,33.69140625,6.8359375,5.859375,0,4090,6,Shawn
35.15625,35.64453125,-1.953125,5.37109375,0,4091,6,Shawn
27.34375,22.94921875,14.16015625,55.6640625,0,4092,6,Shawn
20.5078125,21.97265625,30.76171875,91.796875,0,4093,6,Shawn
23.4375,38.0859375,24.90234375,27.34375,0,4094,6,Shawn
36.1328125,49.31640625,21.97265625,-7.8125,0,4095,6,Shawn
19.53125,45.41015625,25.87890625,26.3671875,0,4096,6,Shawn
-3.90625,31.25,24.90234375,54.6875,0,4097,6,Shawn
1.953125,44.43359375,18.5546875,30.2734375,0,4098,6,Shawn
29.296875,52.734375,7.8125,-4.8828125,0,4099,6,Shawn
34.1796875,44.43359375,4.39453125,14.6484375,0,4100,6,Shawn
0.48828125,45.8984375,0.48828125,45.41015625,0,4101,6,Shawn
5.859375,41.9921875,-2.9296875,48.828125,0,4102,6,Shawn
43.45703125,34.66796875,-10.7421875,28.3203125,0,4103,6,Shawn
61.03515625,38.57421875,-12.6953125,36.1328125,0,4104,6,Shawn
40.0390625,36.62109375,1.46484375,66.40625,0,4105,6,Shawn
23.4375,31.25,9.27734375,68.84765625,0,4106,6,Shawn
38.57421875,37.109375,9.27734375,28.80859375,0,4107,6,Shawn
55.6640625,48.33984375,7.8125,16.6015625,0,4108,6,Shawn
35.15625,48.828125,12.6953125,42.48046875,0,4109,6,Shawn
9.27734375,46.38671875,23.4375,56.640625,0,4110,6,Shawn
27.83203125,42.48046875,30.76171875,35.15625,0,4111,6,Shawn
51.26953125,36.1328125,25.390625,6.8359375,0,4112,6,Shawn
38.0859375,36.1328125,14.16015625,36.62109375,0,4113,6,Shawn
16.11328125,34.66796875,11.71875,80.078125,0,4114,6,Shawn
23.92578125,34.66796875,6.34765625,57.12890625,0,4115,6,Shawn
55.17578125,33.69140625,10.7421875,27.34375,0,4116,6,Shawn
65.91796875,28.3203125,20.99609375,46.38671875,0,4117,6,Shawn
40.0390625,31.73828125,27.83203125,74.70703125,0,4118,6,Shawn
30.76171875,40.52734375,28.80859375,58.10546875,0,4119,6,Shawn
51.26953125,35.64453125,19.04296875,10.25390625,0,4120,6,Shawn
55.17578125,28.80859375,14.6484375,12.6953125,0,4121,6,Shawn
38.0859375,36.1328125,4.8828125,54.19921875,0,4122,6,Shawn
29.78515625,45.8984375,-0.9765625,60.05859375,0,4123,6,Shawn
55.17578125,48.828125,7.8125,28.3203125,0,4124,6,Shawn
73.73046875,45.8984375,16.6015625,20.99609375,0,4125,6,Shawn
48.33984375,41.50390625,28.80859375,47.8515625,0,4126,6,Shawn
15.625,35.15625,29.78515625,62.01171875,0,4127,6,Shawn
25.390625,28.80859375,19.53125,34.66796875,0,4128,6,Shawn
62.01171875,34.1796875,21.97265625,18.5546875,0,4129,6,Shawn
48.33984375,40.0390625,21.97265625,36.1328125,0,4130,6,Shawn
10.7421875,35.15625,24.90234375,60.05859375,0,4131,6,Shawn
15.625,32.2265625,33.203125,51.7578125,0,4132,6,Shawn
40.52734375,36.62109375,25.87890625,22.4609375,0,4133,6,Shawn
41.9921875,38.0859375,3.41796875,22.4609375,0,4134,6,Shawn
13.18359375,35.15625,0.0,47.36328125,0,4135,6,Shawn
-0.48828125,32.2265625,11.71875,54.6875,0,4136,6,Shawn
21.97265625,16.11328125,14.16015625,23.4375,0,4137,6,Shawn
34.66796875,7.8125,19.04296875,14.6484375,0,4138,6,Shawn
16.11328125,31.25,19.04296875,41.9921875,0,4139,6,Shawn
0.48828125,45.8984375,19.53125,50.29296875,0,4140,6,Shawn
22.4609375,38.0859375,33.69140625,28.3203125,0,4141,6,Shawn
48.828125,32.2265625,31.73828125,14.16015625,0,4142,6,Shawn
30.76171875,30.2734375,21.97265625,30.76171875,0,4143,6,Shawn
8.30078125,31.25,32.2265625,55.6640625,0,4144,6,Shawn
19.04296875,27.83203125,37.59765625,39.55078125,0,4145,6,Shawn
45.8984375,27.34375,29.78515625,11.23046875,0,4146,6,Shawn
39.0625,33.203125,17.08984375,22.4609375,0,4147,6,Shawn
8.7890625,39.0625,5.859375,59.5703125,0,4148,6,Shawn
12.6953125,42.96875,13.18359375,59.08203125,0,4149,6,Shawn
50.29296875,45.41015625,29.78515625,29.78515625,0,4150,6,Shawn
61.03515625,47.36328125,32.71484375,39.0625,0,4151,6,Shawn
25.87890625,35.64453125,22.94921875,67.87109375,0,4152,6,Shawn
8.30078125,24.90234375,12.6953125,61.03515625,0,4153,6,Shawn
27.83203125,25.87890625,10.25390625,23.92578125,0,4154,6,Shawn
42.96875,40.52734375,10.25390625,12.6953125,0,4155,6,Shawn
29.296875,52.24609375,19.53125,45.8984375,0,4156,6,Shawn
9.765625,31.25,32.71484375,64.94140625,0,4157,6,Shawn
20.5078125,26.85546875,41.9921875,37.59765625,0,4158,6,Shawn
40.52734375,44.43359375,45.8984375,17.08984375,0,4159,6,Shawn
36.1328125,40.52734375,44.43359375,41.015625,0,4160,6,Shawn
13.18359375,35.64453125,28.3203125,68.359375,0,4161,6,Shawn
21.484375,39.55078125,9.765625,56.15234375,0,4162,6,Shawn
40.52734375,38.57421875,4.8828125,23.92578125,0,4163,6,Shawn
31.25,36.62109375,11.23046875,29.78515625,0,4164,6,Shawn
0.9765625,32.2265625,22.4609375,51.7578125,0,4165,6,Shawn
-10.25390625,22.94921875,24.90234375,38.57421875,0,4166,6,Shawn
20.01953125,22.4609375,30.2734375,13.671875,0,4167,6,Shawn
40.52734375,36.62109375,26.3671875,23.4375,0,4168,6,Shawn
16.6015625,40.0390625,28.3203125,60.05859375,0,4169,6,Shawn
-5.859375,27.83203125,36.1328125,57.6171875,0,4170,6,Shawn
10.7421875,21.97265625,24.90234375,23.92578125,0,4171,6,Shawn
35.64453125,31.25,22.4609375,22.4609375,0,4172,6,Shawn
24.4140625,47.36328125,21.97265625,49.31640625,0,4173,6,Shawn
-6.8359375,49.31640625,5.859375,59.08203125,0,4174,6,Shawn
2.44140625,34.66796875,7.32421875,28.80859375,0,4175,6,Shawn
31.73828125,24.90234375,25.87890625,9.27734375,0,4176,6,Shawn
28.3203125,28.3203125,29.78515625,35.64453125,0,4177,6,Shawn
8.30078125,39.0625,34.66796875,66.89453125,0,4178,6,Shawn
13.671875,42.48046875,29.78515625,52.734375,0,4179,6,Shawn
40.52734375,36.1328125,16.11328125,16.6015625,0,4180,6,Shawn
43.45703125,43.45703125,27.34375,33.203125,0,4181,6,Shawn
17.08984375,51.26953125,37.59765625,66.40625,0,4182,6,Shawn
8.30078125,49.31640625,42.96875,64.453125,0,4183,6,Shawn
27.34375,38.57421875,32.71484375,30.2734375,0,4184,6,Shawn
33.69140625,34.66796875,8.7890625,14.16015625,0,4185,6,Shawn
11.71875,40.0390625,0.0,41.50390625,0,4186,6,Shawn
4.8828125,40.0390625,15.13671875,52.24609375,0,4187,6,Shawn
22.4609375,38.0859375,26.85546875,17.578125,0,4188,6,Shawn
36.1328125,30.76171875,27.83203125,0.9765625,0,4189,6,Shawn
17.08984375,26.3671875,33.203125,32.2265625,0,4190,6,Shawn
-6.34765625,36.62109375,33.69140625,57.6171875,0,4191,6,Shawn
0.9765625,38.0859375,22.4609375,34.66796875,0,4192,6,Shawn
32.71484375,41.9921875,25.87890625,10.7421875,0,4193,6,Shawn
26.85546875,44.43359375,27.83203125,29.78515625,0,4194,6,Shawn
-5.859375,35.64453125,13.671875,52.734375,0,4195,6,Shawn
0.0,36.1328125,17.578125,28.80859375,0,4196,6,Shawn
27.83203125,41.50390625,13.671875,2.9296875,0,4197,6,Shawn
37.109375,34.66796875,-7.32421875,20.99609375,0,4198,6,Shawn
22.94921875,26.3671875,0.9765625,67.3828125,0,4199,6,Shawn
18.5546875,26.85546875,27.83203125,68.359375,0,4200,6,Shawn
18.5546875,29.78515625,26.3671875,2.9296875,0,4201,6,Shawn
20.01953125,31.73828125,16.11328125,-10.25390625,0,4202,6,Shawn
8.30078125,37.109375,26.85546875,32.2265625,0,4203,6,Shawn
-11.23046875,52.734375,30.76171875,48.828125,0,4204,6,Shawn
5.37109375,53.7109375,28.80859375,25.87890625,0,4205,6,Shawn
30.2734375,43.9453125,19.04296875,5.37109375,0,4206,6,Shawn
16.6015625,39.55078125,6.8359375,19.04296875,0,4207,6,Shawn
-1.953125,41.9921875,12.20703125,42.96875,0,4208,6,Shawn
16.6015625,52.734375,15.13671875,41.9921875,0,4209,6,Shawn
51.7578125,54.19921875,0.48828125,28.3203125,0,4210,6,Shawn
50.78125,44.43359375,-17.08984375,36.1328125,0,4211,6,Shawn
20.01953125,35.15625,-17.578125,66.40625,0,4212,6,Shawn
5.859375,32.2265625,-3.90625,58.59375,0,4213,6,Shawn
24.4140625,26.85546875,19.04296875,19.53125,0,4214,6,Shawn
34.66796875,30.2734375,38.57421875,18.5546875,0,4215,6,Shawn
9.765625,39.55078125,32.71484375,46.38671875,0,4216,6,Shawn
1.953125,44.921875,29.296875,55.17578125,0,4217,6,Shawn
18.06640625,46.875,30.76171875,26.85546875,0,4218,6,Shawn
33.203125,42.96875,25.390625,8.30078125,0,4219,6,Shawn
14.6484375,48.33984375,14.6484375,31.25,0,4220,6,Shawn
-7.8125,52.24609375,8.30078125,57.6171875,0,4221,6,Shawn
9.765625,45.41015625,14.16015625,38.0859375,0,4222,6,Shawn
38.0859375,45.8984375,27.83203125,14.6484375,0,4223,6,Shawn
34.66796875,46.38671875,19.53125,39.0625,0,4224,6,Shawn
7.8125,42.48046875,-4.8828125,70.3125,0,4225,6,Shawn
10.7421875,45.8984375,14.16015625,48.33984375,0,4226,6,Shawn
42.96875,49.31640625,34.66796875,20.99609375,0,4227,6,Shawn
40.52734375,41.015625,28.3203125,31.25,0,4228,6,Shawn
6.34765625,26.3671875,22.94921875,58.10546875,0,4229,6,Shawn
3.90625,20.01953125,21.97265625,51.26953125,0,4230,6,Shawn
20.5078125,33.203125,31.73828125,5.859375,0,4231,6,Shawn
28.3203125,53.22265625,41.50390625,5.37109375,0,4232,6,Shawn
17.578125,62.98828125,28.3203125,49.8046875,0,4233,6,Shawn
-6.8359375,59.08203125,17.08984375,58.59375,0,4234,6,Shawn
6.8359375,54.19921875,31.25,21.484375,0,4235,6,Shawn
28.3203125,53.7109375,35.15625,2.9296875,0,4236,6,Shawn
16.11328125,56.15234375,27.83203125,34.66796875,0,4237,6,Shawn
-13.18359375,55.6640625,15.13671875,53.22265625,0,4238,6,Shawn
-13.671875,44.921875,6.8359375,20.01953125,0,4239,6,Shawn
12.20703125,40.0390625,9.27734375,-9.27734375,0,4240,6,Shawn
8.30078125,47.8515625,-6.34765625,9.765625,0,4241,6,Shawn
-10.7421875,54.6875,4.39453125,37.59765625,0,4242,6,Shawn
-3.41796875,57.6171875,25.390625,24.4140625,0,4243,6,Shawn
21.484375,65.91796875,13.18359375,0.0,0,4244,6,Shawn
29.296875,71.2890625,9.765625,4.39453125,0,4245,6,Shawn
6.34765625,70.3125,23.4375,34.66796875,0,4246,6,Shawn
-11.71875,66.89453125,38.57421875,37.109375,0,4247,6,Shawn
-1.953125,62.5,38.0859375,-11.71875,0,4248,6,Shawn
-7.32421875,56.640625,41.50390625,-40.52734375,0,4249,6,Shawn
-33.203125,62.98828125,46.875,-13.671875,0,4250,6,Shawn
-57.6171875,76.171875,45.41015625,-4.39453125,0,4251,6,Shawn
-58.10546875,74.70703125,48.828125,-47.36328125,0,4252,6,Shawn
-43.45703125,69.3359375,43.45703125,-78.61328125,0,4253,6,Shawn
-79.1015625,69.3359375,38.0859375,-84.47265625,0,4254,6,Shawn
-139.6484375,78.61328125,35.15625,-92.28515625,0,4255,6,Shawn
-172.8515625,88.8671875,32.71484375,-147.94921875,0,4256,6,Shawn
-176.26953125,86.42578125,24.4140625,-199.21875,0,4257,6,Shawn
-206.0546875,75.1953125,7.8125,-197.75390625,0,4258,6,Shawn
-240.72265625,72.265625,7.32421875,-184.08203125,0,4259,6,Shawn
-230.46875,76.66015625,32.71484375,-194.82421875,0,4260,6,Shawn
-200.68359375,71.2890625,50.78125,-226.07421875,0,4261,6,Shawn
-174.31640625,81.54296875,49.31640625,-194.3359375,0,4262,6,Shawn
-182.6171875,91.796875,50.29296875,-132.32421875,0,4263,6,Shawn
-171.875,80.56640625,31.25,-106.93359375,0,4264,6,Shawn
-121.58203125,85.9375,17.578125,-109.375,0,4265,6,Shawn
-86.42578125,81.54296875,24.4140625,-98.6328125,0,4266,6,Shawn
-86.42578125,65.91796875,16.11328125,-62.98828125,0,4267,6,Shawn
-87.890625,58.59375,22.94921875,-36.1328125,0,4268,6,Shawn
-43.9453125,60.546875,38.0859375,-36.1328125,0,4269,6,Shawn
-3.90625,73.73046875,38.57421875,-39.55078125,0,4270,6,Shawn
-3.41796875,83.0078125,33.69140625,-6.8359375,0,4271,6,Shawn
-17.578125,74.21875,20.5078125,34.66796875,0,4272,6,Shawn
-8.7890625,64.94140625,12.6953125,31.25,0,4273,6,Shawn
32.71484375,61.03515625,24.4140625,17.578125,0,4274,6,Shawn
41.9921875,56.640625,32.2265625,39.0625,0,4275,6,Shawn
25.390625,45.8984375,21.484375,81.54296875,0,4276,6,Shawn
41.015625,39.55078125,-1.953125,90.33203125,0,4277,6,Shawn
83.49609375,50.29296875,-6.8359375,64.453125,0,4278,6,Shawn
103.515625,65.4296875,0.0,74.70703125,0,4279,6,Shawn
76.171875,69.82421875,7.32421875,111.328125,0,4280,6,Shawn
38.57421875,61.03515625,21.97265625,98.14453125,0,4281,6,Shawn
56.15234375,53.7109375,32.2265625,66.89453125,0,4282,6,Shawn
94.7265625,55.6640625,33.69140625,76.66015625,0,4283,6,Shawn
83.0078125,61.5234375,19.04296875,109.86328125,0,4284,6,Shawn
64.94140625,45.41015625,1.953125,125.48828125,0,4285,6,Shawn
90.33203125,27.34375,16.11328125,100.09765625,0,4286,6,Shawn
126.953125,37.59765625,41.015625,82.03125,0,4287,6,Shawn
116.69921875,49.31640625,22.4609375,95.21484375,0,4288,6,Shawn
81.54296875,47.8515625,-4.8828125,111.81640625,0,4289,6,Shawn
73.2421875,38.57421875,2.44140625,101.07421875,0,4290,6,Shawn
93.26171875,43.9453125,15.625,83.49609375,0,4291,6,Shawn
86.42578125,56.640625,18.5546875,99.12109375,0,4292,6,Shawn
44.921875,52.24609375,8.7890625,118.1640625,0,4293,6,Shawn
42.48046875,53.7109375,16.11328125,112.3046875,0,4294,6,Shawn
83.0078125,55.6640625,28.80859375,89.84375,0,4295,6,Shawn
99.609375,45.41015625,23.4375,83.49609375,0,4296,6,Shawn
70.80078125,31.73828125,8.30078125,103.515625,0,4297,6,Shawn
50.29296875,30.76171875,4.39453125,103.02734375,0,4298,6,Shawn
71.2890625,29.78515625,16.11328125,74.21875,0,4299,6,Shawn
99.12109375,33.69140625,3.90625,75.1953125,0,4300,6,Shawn
89.35546875,44.43359375,-8.7890625,99.12109375,0,4301,6,Shawn
76.171875,48.828125,-5.37109375,122.0703125,0,4302,6,Shawn
92.28515625,37.59765625,6.34765625,99.12109375,0,4303,6,Shawn
108.3984375,31.25,30.76171875,57.6171875,0,4304,6,Shawn
86.9140625,45.8984375,41.9921875,76.171875,0,4305,6,Shawn
35.64453125,41.50390625,37.59765625,94.23828125,0,4306,6,Shawn
34.1796875,31.73828125,14.16015625,75.1953125,0,4307,6,Shawn
80.56640625,34.66796875,-12.6953125,41.50390625,0,4308,6,Shawn
90.33203125,40.0390625,0.0,50.29296875,0,4309,6,Shawn
53.7109375,38.0859375,20.01953125,90.8203125,0,4310,6,Shawn
38.0859375,34.1796875,19.04296875,83.49609375,0,4311,6,Shawn
55.6640625,41.9921875,12.20703125,53.7109375,0,4312,6,Shawn
66.40625,45.8984375,15.625,62.5,0,4313,6,Shawn
80.078125,34.1796875,25.390625,121.58203125,0,4314,6,Shawn
80.078125,31.25,24.4140625,125.0,0,4315,6,Shawn
60.05859375,35.64453125,13.671875,42.96875,0,4316,6,Shawn
55.6640625,41.015625,4.8828125,12.6953125,0,4317,6,Shawn
30.76171875,45.41015625,11.71875,50.29296875,0,4318,6,Shawn
-4.39453125,41.9921875,20.99609375,75.68359375,0,4319,6,Shawn
7.32421875,52.24609375,14.6484375,52.734375,0,4320,6,Shawn
35.64453125,64.94140625,3.90625,12.6953125,0,4321,6,Shawn
37.59765625,68.359375,-1.953125,26.85546875,0,4322,6,Shawn
24.90234375,70.3125,-9.27734375,63.96484375,0,4323,6,Shawn
30.76171875,78.61328125,-14.16015625,57.12890625,0,4324,6,Shawn
59.08203125,77.63671875,-27.83203125,22.94921875,0,4325,6,Shawn
70.3125,74.70703125,-30.2734375,26.3671875,0,4326,6,Shawn
52.24609375,63.4765625,-14.6484375,65.4296875,0,4327,6,Shawn
38.0859375,56.15234375,-13.671875,75.68359375,0,4328,6,Shawn
66.89453125,67.3828125,-4.39453125,49.31640625,0,4329,6,Shawn
88.8671875,69.82421875,-10.25390625,42.96875,0,4330,6,Shawn
69.3359375,69.3359375,-24.90234375,73.73046875,0,4331,6,Shawn
38.0859375,69.82421875,-9.27734375,90.33203125,0,4332,6,Shawn
46.875,61.03515625,3.90625,57.12890625,0,4333,6,Shawn
85.9375,50.29296875,16.11328125,35.64453125,0,4334,6,Shawn
79.58984375,41.50390625,14.6484375,62.01171875,0,4335,6,Shawn
46.875,43.9453125,-0.9765625,82.03125,0,4336,6,Shawn
47.36328125,46.38671875,-0.48828125,64.453125,0,4337,6,Shawn
75.1953125,40.52734375,6.34765625,35.64453125,0,4338,6,Shawn
78.125,55.17578125,11.71875,46.38671875,0,4339,6,Shawn
30.76171875,61.03515625,14.6484375,86.9140625,0,4340,6,Shawn
12.6953125,53.7109375,13.18359375,89.84375,0,4341,6,Shawn
46.875,50.78125,16.6015625,50.78125,0,4342,6,Shawn
61.03515625,43.9453125,19.04296875,48.828125,0,4343,6,Shawn
39.0625,46.875,21.97265625,84.9609375,0,4344,6,Shawn
26.85546875,49.8046875,14.6484375,99.12109375,0,4345,6,Shawn
47.36328125,31.25,-7.32421875,58.10546875,0,4346,6,Shawn
67.87109375,13.18359375,9.765625,39.55078125,0,4347,6,Shawn
52.24609375,30.2734375,29.78515625,82.03125,0,4348,6,Shawn
25.87890625,43.9453125,20.5078125,99.609375,0,4349,6,Shawn
22.4609375,35.64453125,27.34375,49.8046875,0,4350,6,Shawn
46.875,39.0625,33.203125,10.25390625,0,4351,6,Shawn
45.8984375,41.50390625,18.06640625,37.109375,0,4352,6,Shawn
24.4140625,36.1328125,23.92578125,86.42578125,0,4353,6,Shawn
38.0859375,41.9921875,28.80859375,75.1953125,0,4354,6,Shawn
62.01171875,44.43359375,14.16015625,30.2734375,0,4355,6,Shawn
60.05859375,37.59765625,12.6953125,33.69140625,0,4356,6,Shawn
32.71484375,33.69140625,20.99609375,72.75390625,0,4357,6,Shawn
17.08984375,31.25,24.4140625,62.5,0,4358,6,Shawn
32.71484375,31.25,29.296875,11.71875,0,4359,6,Shawn
43.9453125,23.4375,23.92578125,10.25390625,0,4360,6,Shawn
19.04296875,22.4609375,5.859375,42.96875,0,4361,6,Shawn
-6.34765625,33.203125,18.06640625,58.59375,0,4362,6,Shawn
19.04296875,48.828125,39.55078125,33.203125,0,4363,6,Shawn
41.9921875,46.38671875,34.1796875,9.765625,0,4364,6,Shawn
19.04296875,28.3203125,21.484375,34.66796875,0,4365,6,Shawn
3.41796875,27.34375,20.99609375,72.75390625,0,4366,6,Shawn
18.5546875,28.80859375,20.99609375,53.22265625,0,4367,6,Shawn
27.83203125,25.390625,23.4375,9.27734375,0,4368,6,Shawn
4.8828125,28.80859375,30.2734375,18.5546875,0,4369,6,Shawn
-23.4375,43.9453125,23.4375,56.15234375,0,4370,6,Shawn
-6.34765625,51.26953125,10.25390625,55.17578125,0,4371,6,Shawn
29.78515625,47.36328125,14.6484375,14.16015625,0,4372,6,Shawn
41.50390625,43.9453125,32.71484375,25.87890625,0,4373,6,Shawn
16.6015625,40.52734375,30.2734375,75.1953125,0,4374,6,Shawn
-0.9765625,28.3203125,20.01953125,80.078125,0,4375,6,Shawn
15.625,10.7421875,18.5546875,26.85546875,0,4376,6,Shawn
34.1796875,14.6484375,26.3671875,-0.48828125,0,4377,6,Shawn
16.6015625,38.0859375,34.1796875,44.921875,0,4378,6,Shawn
-0.9765625,52.734375,21.97265625,68.84765625,0,4379,6,Shawn
17.578125,47.36328125,10.7421875,31.73828125,0,4380,6,Shawn
45.41015625,40.0390625,7.8125,7.32421875,0,4381,6,Shawn
34.66796875,59.5703125,19.53125,34.66796875,0,4382,6,Shawn
4.8828125,62.5,43.45703125,73.2421875,0,4383,6,Shawn
4.8828125,47.36328125,38.57421875,50.29296875,0,4384,6,Shawn
18.5546875,35.64453125,17.08984375,0.9765625,0,4385,6,Shawn
18.5546875,36.1328125,13.671875,16.11328125,0,4386,6,Shawn
-3.41796875,46.875,23.92578125,64.94140625,0,4387,6,Shawn
-1.953125,45.8984375,25.87890625,51.7578125,0,4388,6,Shawn
33.203125,55.6640625,13.18359375,-4.39453125,0,4389,6,Shawn
44.921875,42.96875,6.34765625,-0.48828125,0,4390,6,Shawn
9.27734375,37.59765625,19.53125,47.36328125,0,4391,6,Shawn
-10.25390625,54.19921875,21.97265625,66.89453125,0,4392,6,Shawn
15.13671875,60.05859375,26.85546875,25.390625,0,4393,6,Shawn
32.71484375,59.5703125,31.73828125,0.48828125,0,4394,6,Shawn
19.04296875,59.08203125,20.01953125,38.57421875,0,4395,6,Shawn
-3.41796875,54.6875,24.90234375,63.96484375,0,4396,6,Shawn
10.7421875,50.29296875,37.109375,33.69140625,0,4397,6,Shawn
35.15625,59.5703125,26.3671875,5.37109375,0,4398,6,Shawn
28.80859375,65.4296875,26.3671875,33.69140625,0,4399,6,Shawn
0.48828125,67.3828125,28.3203125,70.80078125,0,4400,6,Shawn
-11.71875,68.359375,9.27734375,48.828125,0,4401,6,Shawn
20.01953125,73.73046875,3.90625,7.32421875,0,4402,6,Shawn
40.52734375,75.1953125,9.765625,29.296875,0,4403,6,Shawn
17.578125,65.91796875,25.390625,76.171875,0,4404,6,Shawn
-11.71875,64.94140625,45.41015625,61.03515625,0,4405,6,Shawn
9.27734375,73.2421875,36.62109375,2.44140625,0,4406,6,Shawn
35.64453125,80.56640625,15.13671875,-1.953125,0,4407,6,Shawn
10.7421875,81.54296875,25.87890625,51.7578125,0,4408,6,Shawn
-13.18359375,84.9609375,38.57421875,75.1953125,0,4409,6,Shawn
22.4609375,91.30859375,26.3671875,39.0625,0,4410,6,Shawn
62.5,89.84375,13.18359375,18.5546875,0,4411,6,Shawn
51.7578125,83.49609375,9.27734375,60.05859375,0,4412,6,Shawn
29.296875,78.61328125,17.578125,100.5859375,0,4413,6,Shawn
26.85546875,89.84375,23.4375,57.6171875,0,4414,6,Shawn
44.921875,93.75,16.6015625,2.44140625,0,4415,6,Shawn
28.3203125,83.49609375,13.671875,20.5078125,0,4416,6,Shawn
-10.7421875,86.9140625,18.06640625,64.94140625,0,4417,6,Shawn
-11.23046875,96.19140625,27.34375,51.7578125,0,4418,6,Shawn
31.73828125,104.98046875,11.71875,11.71875,0,4419,6,Shawn
47.8515625,113.28125,-3.90625,30.76171875,0,4420,6,Shawn
4.8828125,107.91015625,22.4609375,76.171875,0,4421,6,Shawn
-15.625,104.00390625,48.33984375,64.453125,0,4422,6,Shawn
15.13671875,107.421875,52.24609375,8.7890625,0,4423,6,Shawn
37.109375,107.91015625,44.921875,-1.953125,0,4424,6,Shawn
22.94921875,121.09375,38.0859375,47.8515625,0,4425,6,Shawn
5.859375,120.60546875,22.94921875,76.66015625,0,4426,6,Shawn
17.578125,102.5390625,9.765625,35.15625,0,4427,6,Shawn
43.45703125,104.00390625,6.8359375,-1.953125,0,4428,6,Shawn
23.4375,121.58203125,9.27734375,37.109375,0,4429,6,Shawn
-5.37109375,128.90625,21.484375,83.984375,0,4430,6,Shawn
10.25390625,125.9765625,33.69140625,58.59375,0,4431,6,Shawn
38.57421875,118.65234375,39.55078125,17.08984375,0,4432,6,Shawn
42.96875,115.72265625,31.73828125,40.52734375,0,4433,6,Shawn
21.97265625,122.55859375,18.5546875,80.078125,0,4434,6,Shawn
11.23046875,130.37109375,11.23046875,59.08203125,0,4435,6,Shawn
35.64453125,136.71875,3.41796875,12.6953125,0,4436,6,Shawn
55.17578125,132.32421875,2.9296875,13.18359375,0,4437,6,Shawn
26.3671875,121.09375,3.41796875,61.03515625,0,4438,6,Shawn
0.0,116.69921875,24.90234375,68.84765625,0,4439,6,Shawn
14.16015625,118.65234375,48.33984375,7.32421875,0,4440,6,Shawn
36.1328125,116.69921875,46.875,-10.25390625,0,4441,6,Shawn
19.53125,116.69921875,33.69140625,34.66796875,0,4442,6,Shawn
-13.18359375,102.5390625,37.109375,62.01171875,0,4443,6,Shawn
8.7890625,104.98046875,37.109375,31.73828125,0,4444,6,Shawn
54.19921875,131.34765625,26.85546875,6.34765625,0,4445,6,Shawn
39.0625,127.44140625,18.5546875,21.484375,0,4446,6,Shawn
6.34765625,122.55859375,7.8125,56.15234375,0,4447,6,Shawn
15.625,122.0703125,10.7421875,45.8984375,0,4448,6,Shawn
36.62109375,116.69921875,25.390625,-5.859375,0,4449,6,Shawn
37.109375,115.234375,21.97265625,2.9296875,0,4450,6,Shawn
9.765625,99.609375,8.7890625,51.26953125,0,4451,6,Shawn
0.0,94.7265625,18.06640625,44.921875,0,4452,6,Shawn
31.73828125,109.375,19.53125,0.0,0,4453,6,Shawn
53.7109375,115.72265625,5.859375,2.44140625,0,4454,6,Shawn
37.59765625,117.67578125,9.27734375,53.22265625,0,4455,6,Shawn
17.578125,117.1875,29.296875,72.265625,0,4456,6,Shawn
23.92578125,103.515625,30.2734375,19.04296875,0,4457,6,Shawn
43.45703125,103.515625,34.1796875,-2.9296875,0,4458,6,Shawn
28.80859375,126.953125,40.0390625,44.43359375,0,4459,6,Shawn
0.9765625,125.48828125,18.5546875,77.1484375,0,4460,6,Shawn
7.8125,107.91015625,12.6953125,38.57421875,0,4461,6,Shawn
31.25,99.609375,17.08984375,-8.30078125,0,4462,6,Shawn
31.73828125,104.98046875,17.08984375,22.4609375,0,4463,6,Shawn
5.37109375,102.5390625,15.625,73.73046875,0,4464,6,Shawn
-1.953125,90.8203125,14.16015625,52.734375,0,4465,6,Shawn
29.78515625,95.21484375,37.109375,6.8359375,0,4466,6,Shawn
46.875,110.83984375,52.24609375,18.06640625,0,4467,6,Shawn
4.8828125,108.3984375,30.76171875,61.5234375,0,4468,6,Shawn
-5.859375,103.515625,24.4140625,69.3359375,0,4469,6,Shawn
24.90234375,102.05078125,33.203125,18.5546875,0,4470,6,Shawn
26.3671875,89.35546875,17.08984375,-14.16015625,0,4471,6,Shawn
5.859375,93.75,3.41796875,28.80859375,0,4472,6,Shawn
-11.23046875,92.7734375,16.6015625,57.12890625,0,4473,6,Shawn
14.6484375,87.890625,30.76171875,26.3671875,0,4474,6,Shawn
60.05859375,99.609375,34.1796875,16.11328125,0,4475,6,Shawn
37.59765625,101.07421875,41.9921875,45.41015625,0,4476,6,Shawn
-20.99609375,94.23828125,36.62109375,54.6875,0,4477,6,Shawn
-8.7890625,93.75,31.73828125,22.94921875,0,4478,6,Shawn
44.43359375,96.19140625,32.2265625,4.39453125,0,4479,6,Shawn
50.29296875,102.5390625,20.99609375,35.15625,0,4480,6,Shawn
25.390625,102.5390625,23.4375,83.49609375,0,4481,6,Shawn
29.78515625,98.6328125,28.3203125,75.68359375,0,4482,6,Shawn
57.6171875,101.07421875,20.5078125,24.90234375,0,4483,6,Shawn
59.5703125,101.5625,18.5546875,16.11328125,0,4484,6,Shawn
32.2265625,104.98046875,20.01953125,56.15234375,0,4485,6,Shawn
27.83203125,104.00390625,16.6015625,79.58984375,0,4486,6,Shawn
60.546875,104.00390625,6.8359375,38.57421875,0,4487,6,Shawn
67.3828125,101.07421875,11.71875,24.90234375,0,4488,6,Shawn
30.76171875,97.16796875,11.71875,75.68359375,0,4489,6,Shawn
14.6484375,107.91015625,1.46484375,101.07421875,0,4490,6,Shawn
34.66796875,99.609375,10.7421875,65.91796875,0,4491,6,Shawn
51.7578125,85.44921875,23.4375,21.484375,0,4492,6,Shawn
35.64453125,86.42578125,29.78515625,43.9453125,0,4493,6,Shawn
1.46484375,87.890625,30.2734375,88.37890625,0,4494,6,Shawn
2.44140625,95.21484375,36.1328125,61.03515625,0,4495,6,Shawn
28.80859375,93.26171875,27.34375,7.8125,0,4496,6,Shawn
32.2265625,84.9609375,17.08984375,13.18359375,0,4497,6,Shawn
4.8828125,95.21484375,24.4140625,62.01171875,0,4498,6,Shawn
-6.8359375,103.515625,29.296875,60.05859375,0,4499,6,Shawn
27.34375,101.07421875,31.25,13.671875,0,4500,6,Shawn
45.41015625,99.609375,21.97265625,18.06640625,0,4501,6,Shawn
25.390625,102.05078125,12.6953125,72.75390625,0,4502,6,Shawn
16.6015625,104.00390625,9.765625,90.8203125,0,4503,6,Shawn
41.9921875,96.19140625,8.7890625,40.52734375,0,4504,6,Shawn
62.01171875,93.75,19.53125,13.671875,0,4505,6,Shawn
41.015625,90.8203125,28.80859375,49.8046875,0,4506,6,Shawn
29.296875,83.0078125,26.85546875,76.66015625,0,4507,6,Shawn
46.38671875,91.30859375,19.04296875,35.15625,0,4508,6,Shawn
67.3828125,101.07421875,8.30078125,3.90625,0,4509,6,Shawn
65.91796875,102.5390625,17.08984375,36.62109375,0,4510,6,Shawn
35.15625,106.4453125,24.90234375,80.56640625,0,4511,6,Shawn
30.76171875,109.375,20.01953125,59.5703125,0,4512,6,Shawn
58.59375,106.93359375,24.90234375,17.578125,0,4513,6,Shawn
54.19921875,96.19140625,24.4140625,21.97265625,0,4514,6,Shawn
11.23046875,82.03125,19.04296875,58.10546875,0,4515,6,Shawn
-0.9765625,81.54296875,17.578125,66.89453125,0,4516,6,Shawn
23.92578125,84.9609375,20.99609375,20.5078125,0,4517,6,Shawn
34.1796875,84.9609375,33.203125,10.7421875,0,4518,6,Shawn
10.25390625,73.2421875,33.203125,56.15234375,0,4519,6,Shawn
-15.625,67.3828125,20.99609375,67.3828125,0,4520,6,Shawn
10.7421875,80.078125,18.5546875,30.2734375,0,4521,6,Shawn
38.0859375,92.7734375,24.90234375,-1.46484375,0,4522,6,Shawn
11.23046875,91.796875,32.2265625,29.78515625,0,4523,6,Shawn
-8.7890625,81.0546875,30.2734375,76.171875,0,4524,6,Shawn
15.625,84.47265625,14.6484375,44.921875,0,4525,6,Shawn
40.52734375,89.84375,2.44140625,3.41796875,0,4526,6,Shawn
30.2734375,85.44921875,5.37109375,24.90234375,0,4527,6,Shawn
4.39453125,80.078125,5.37109375,60.546875,0,4528,6,Shawn
11.23046875,79.1015625,5.859375,52.734375,0,4529,6,Shawn
46.875,83.0078125,15.625,0.9765625,0,4530,6,Shawn
54.6875,88.8671875,20.01953125,3.41796875,0,4531,6,Shawn
27.83203125,89.35546875,20.99609375,66.89453125,0,4532,6,Shawn
14.16015625,71.2890625,19.04296875,63.96484375,0,4533,6,Shawn
31.73828125,66.40625,16.11328125,12.6953125,0,4534,6,Shawn
44.921875,80.56640625,21.484375,9.765625,0,4535,6,Shawn
9.765625,81.54296875,31.25,54.6875,0,4536,6,Shawn
-16.6015625,74.70703125,29.78515625,75.68359375,0,4537,6,Shawn
7.8125,79.1015625,12.20703125,41.9921875,0,4538,6,Shawn
38.57421875,86.9140625,-0.9765625,15.13671875,0,4539,6,Shawn
21.97265625,80.56640625,8.7890625,48.828125,0,4540,6,Shawn
-8.30078125,72.75390625,26.85546875,85.9375,0,4541,6,Shawn
0.48828125,76.66015625,22.94921875,44.43359375,0,4542,6,Shawn
30.2734375,83.49609375,20.99609375,-3.90625,0,4543,6,Shawn
36.62109375,86.9140625,24.90234375,25.87890625,0,4544,6,Shawn
7.32421875,90.8203125,14.6484375,75.1953125,0,4545,6,Shawn
-8.30078125,88.37890625,9.27734375,61.5234375,0,4546,6,Shawn
19.04296875,85.9375,16.11328125,6.34765625,0,4547,6,Shawn
34.1796875,86.9140625,22.94921875,3.41796875,0,4548,6,Shawn
6.34765625,79.1015625,26.3671875,47.36328125,0,4549,6,Shawn
-9.765625,71.77734375,27.34375,55.6640625,0,4550,6,Shawn
8.7890625,68.359375,25.87890625,7.8125,0,4551,6,Shawn
29.78515625,82.03125,7.32421875,-7.32421875,0,4552,6,Shawn
10.7421875,93.75,1.46484375,34.1796875,0,4553,6,Shawn
-19.53125,74.70703125,14.16015625,56.640625,0,4554,6,Shawn
-1.46484375,64.94140625,22.94921875,21.484375,0,4555,6,Shawn
33.203125,75.1953125,35.64453125,-3.41796875,0,4556,6,Shawn
25.390625,79.1015625,37.59765625,21.484375,0,4557,6,Shawn
2.9296875,82.03125,33.69140625,60.05859375,0,4558,6,Shawn
12.6953125,80.078125,27.34375,53.7109375,0,4559,6,Shawn
41.015625,82.51953125,14.6484375,10.7421875,0,4560,6,Shawn
43.45703125,80.078125,5.859375,12.20703125,0,4561,6,Shawn
11.23046875,74.70703125,3.41796875,60.05859375,0,4562,6,Shawn
3.41796875,78.61328125,14.6484375,60.546875,0,4563,6,Shawn
33.69140625,82.51953125,24.90234375,11.23046875,0,4564,6,Shawn
44.921875,77.63671875,29.78515625,10.25390625,0,4565,6,Shawn
19.04296875,71.77734375,28.3203125,52.24609375,0,4566,6,Shawn
-1.953125,72.75390625,21.484375,64.453125,0,4567,6,Shawn
25.87890625,82.03125,16.11328125,21.484375,0,4568,6,Shawn
50.29296875,82.51953125,10.25390625,-2.9296875,0,4569,6,Shawn
28.80859375,79.1015625,20.01953125,40.52734375,0,4570,6,Shawn
2.9296875,80.078125,22.94921875,69.3359375,0,4571,6,Shawn
6.34765625,75.68359375,9.27734375,29.78515625,0,4572,6,Shawn
26.85546875,75.68359375,2.9296875,-14.6484375,0,4573,6,Shawn
15.13671875,72.265625,11.71875,12.6953125,0,4574,6,Shawn
-5.859375,71.77734375,20.01953125,61.03515625,0,4575,6,Shawn
2.44140625,74.21875,22.4609375,46.38671875,0,4576,6,Shawn
23.92578125,63.4765625,21.484375,2.44140625,0,4577,6,Shawn
21.97265625,49.8046875,30.2734375,0.9765625,0,4578,6,Shawn
-5.37109375,56.640625,43.9453125,47.8515625,0,4579,6,Shawn
-3.41796875,77.63671875,40.0390625,57.6171875,0,4580,6,Shawn
25.87890625,91.30859375,27.83203125,12.6953125,0,4581,6,Shawn
46.38671875,87.890625,27.34375,12.6953125,0,4582,6,Shawn
36.1328125,73.2421875,23.92578125,74.70703125,0,4583,6,Shawn
19.53125,69.82421875,26.3671875,104.4921875,0,4584,6,Shawn
21.484375,70.80078125,27.34375,40.0390625,0,4585,6,Shawn
30.2734375,62.01171875,29.296875,-9.765625,0,4586,6,Shawn
19.53125,59.5703125,36.62109375,29.78515625,0,4587,6,Shawn
5.37109375,66.40625,38.57421875,80.56640625,0,4588,6,Shawn
25.390625,75.1953125,36.62109375,65.4296875,0,4589,6,Shawn
54.6875,78.61328125,32.71484375,21.97265625,0,4590,6,Shawn
46.875,74.21875,30.2734375,38.0859375,0,4591,6,Shawn
20.01953125,72.265625,25.390625,81.54296875,0,4592,6,Shawn
22.4609375,77.63671875,20.5078125,71.77734375,0,4593,6,Shawn
53.22265625,76.66015625,23.92578125,25.87890625,0,4594,6,Shawn
67.87109375,72.75390625,23.4375,35.64453125,0,4595,6,Shawn
41.015625,77.1484375,18.5546875,86.42578125,0,4596,6,Shawn
23.92578125,80.078125,6.34765625,87.40234375,0,4597,6,Shawn
47.8515625,77.63671875,0.0,36.62109375,0,4598,6,Shawn
64.453125,79.58984375,18.5546875,21.484375,0,4599,6,Shawn
47.8515625,82.03125,31.25,73.2421875,0,4600,6,Shawn
34.66796875,81.54296875,25.390625,98.14453125,0,4601,6,Shawn
47.36328125,76.171875,20.01953125,55.6640625,0,4602,6,Shawn
67.3828125,77.63671875,20.01953125,9.765625,0,4603,6,Shawn
50.29296875,88.37890625,21.97265625,29.78515625,0,4604,6,Shawn
13.18359375,91.796875,24.90234375,78.61328125,0,4605,6,Shawn
30.2734375,89.84375,28.3203125,66.40625,0,4606,6,Shawn
63.4765625,83.984375,31.25,34.1796875,0,4607,6,Shawn
56.15234375,84.47265625,26.3671875,40.52734375,0,4608,6,Shawn
22.94921875,91.796875,21.484375,73.73046875,0,4609,6,Shawn
16.11328125,85.44921875,26.3671875,71.2890625,0,4610,6,Shawn
48.33984375,85.44921875,27.83203125,20.99609375,0,4611,6,Shawn
61.03515625,86.42578125,17.578125,20.5078125,0,4612,6,Shawn
37.109375,86.9140625,17.578125,67.87109375,0,4613,6,Shawn
19.04296875,91.796875,25.390625,84.9609375,0,4614,6,Shawn
37.59765625,85.9375,24.4140625,38.0859375,0,4615,6,Shawn
53.7109375,82.03125,22.4609375,10.25390625,0,4616,6,Shawn
41.9921875,85.9375,24.4140625,58.59375,0,4617,6,Shawn
21.484375,85.44921875,22.94921875,86.42578125,0,4618,6,Shawn
33.69140625,76.66015625,20.99609375,47.8515625,0,4619,6,Shawn
62.98828125,76.66015625,15.13671875,9.765625,0,4620,6,Shawn
53.22265625,86.9140625,9.765625,38.0859375,0,4621,6,Shawn
20.5078125,89.35546875,11.71875,84.47265625,0,4622,6,Shawn
12.6953125,84.47265625,13.671875,57.6171875,0,4623,6,Shawn
34.66796875,74.21875,9.27734375,2.9296875,0,4624,6,Shawn
41.9921875,74.21875,7.32421875,19.04296875,0,4625,6,Shawn
21.97265625,89.84375,15.625,70.3125,0,4626,6,Shawn
10.25390625,91.30859375,15.625,64.453125,0,4627,6,Shawn
25.390625,84.9609375,11.71875,11.71875,0,4628,6,Shawn
41.015625,86.42578125,10.7421875,0.9765625,0,4629,6,Shawn
27.83203125,88.8671875,6.8359375,55.17578125,0,4630,6,Shawn
5.37109375,83.0078125,14.16015625,74.70703125,0,4631,6,Shawn
18.5546875,78.125,34.1796875,21.97265625,0,4632,6,Shawn
50.29296875,70.3125,36.1328125,-2.44140625,0,4633,6,Shawn
23.4375,61.5234375,29.78515625,35.64453125,0,4634,6,Shawn
-3.90625,71.77734375,35.15625,72.265625,0,4635,6,Shawn
18.5546875,85.44921875,26.3671875,43.9453125,0,4636,6,Shawn
49.8046875,89.35546875,16.11328125,6.34765625,0,4637,6,Shawn
48.33984375,88.37890625,11.71875,31.25,0,4638,6,Shawn
13.18359375,88.8671875,-3.90625,68.84765625,0,4639,6,Shawn
9.27734375,84.9609375,7.32421875,58.10546875,0,4640,6,Shawn
38.57421875,84.9609375,23.92578125,14.6484375,0,4641,6,Shawn
37.109375,90.33203125,13.671875,14.16015625,0,4642,6,Shawn
19.53125,100.5859375,17.08984375,66.40625,0,4643,6,Shawn
10.7421875,95.703125,41.50390625,81.0546875,0,4644,6,Shawn
21.484375,80.078125,45.41015625,23.4375,0,4645,6,Shawn
52.24609375,79.58984375,42.48046875,10.7421875,0,4646,6,Shawn
48.33984375,85.9375,37.109375,73.73046875,0,4647,6,Shawn
12.20703125,85.9375,29.78515625,83.984375,0,4648,6,Shawn
15.13671875,84.47265625,36.62109375,18.5546875,0,4649,6,Shawn
38.57421875,95.21484375,32.2265625,-10.25390625,0,4650,6,Shawn
26.85546875,112.79296875,17.578125,29.78515625,0,4651,6,Shawn
-0.48828125,108.88671875,14.6484375,66.40625,0,4652,6,Shawn
2.9296875,94.7265625,21.97265625,31.25,0,4653,6,Shawn
30.2734375,102.05078125,23.4375,-17.578125,0,4654,6,Shawn
41.9921875,107.91015625,24.4140625,25.390625,0,4655,6,Shawn
16.6015625,101.5625,22.94921875,80.078125,0,4656,6,Shawn
-4.8828125,97.65625,22.4609375,62.98828125,0,4657,6,Shawn
22.4609375,89.84375,26.85546875,9.27734375,0,4658,6,Shawn
34.1796875,90.33203125,30.2734375,8.7890625,0,4659,6,Shawn
8.30078125,98.6328125,33.203125,64.94140625,0,4660,6,Shawn
2.44140625,109.375,28.80859375,76.66015625,0,4661,6,Shawn
36.62109375,117.1875,22.94921875,36.62109375,0,4662,6,Shawn
50.29296875,112.3046875,23.4375,16.11328125,0,4663,6,Shawn
29.78515625,97.16796875,12.20703125,57.6171875,0,4664,6,Shawn
5.859375,86.42578125,6.8359375,88.8671875,0,4665,6,Shawn
18.06640625,96.19140625,27.83203125,50.29296875,0,4666,6,Shawn
46.875,106.4453125,43.45703125,11.71875,0,4667,6,Shawn
39.55078125,116.2109375,38.57421875,42.48046875,0,4668,6,Shawn
15.13671875,119.62890625,31.73828125,88.8671875,0,4669,6,Shawn
12.6953125,118.1640625,22.94921875,61.5234375,0,4670,6,Shawn
35.15625,110.83984375,23.92578125,8.30078125,0,4671,6,Shawn
32.71484375,104.4921875,37.59765625,17.578125,0,4672,6,Shawn
2.9296875,106.4453125,42.48046875,62.5,0,4673,6,Shawn
-0.48828125,104.4921875,39.55078125,58.10546875,0,4674,6,Shawn
26.85546875,107.91015625,31.25,16.11328125,0,4675,6,Shawn
42.48046875,115.72265625,24.4140625,8.7890625,0,4676,6,Shawn
24.90234375,120.1171875,13.671875,56.640625,0,4677,6,Shawn
14.6484375,113.76953125,14.16015625,80.56640625,0,4678,6,Shawn
37.59765625,104.4921875,35.64453125,33.203125,0,4679,6,Shawn
61.5234375,119.140625,36.62109375,7.8125,0,4680,6,Shawn
58.10546875,137.20703125,20.99609375,55.6640625,0,4681,6,Shawn
21.484375,132.8125,-2.44140625,77.63671875,0,4682,6,Shawn
7.8125,123.046875,10.7421875,29.296875,0,4683,6,Shawn
23.4375,117.67578125,38.0859375,-4.39453125,0,4684,6,Shawn
14.16015625,120.60546875,39.0625,24.90234375,0,4685,6,Shawn
-12.20703125,123.046875,29.296875,65.4296875,0,4686,6,Shawn
-2.44140625,117.1875,25.390625,50.78125,0,4687,6,Shawn
35.64453125,118.65234375,23.4375,3.41796875,0,4688,6,Shawn
34.1796875,125.0,9.27734375,4.8828125,0,4689,6,Shawn
-1.46484375,122.0703125,3.41796875,60.05859375,0,4690,6,Shawn
-9.765625,121.09375,10.25390625,68.84765625,0,4691,6,Shawn
18.06640625,119.140625,24.4140625,13.671875,0,4692,6,Shawn
36.1328125,110.83984375,26.85546875,2.44140625,0,4693,6,Shawn
24.4140625,114.2578125,20.5078125,59.08203125,0,4694,6,Shawn
6.8359375,126.953125,22.4609375,75.68359375,0,4695,6,Shawn
14.16015625,126.46484375,19.53125,18.5546875,0,4696,6,Shawn
36.1328125,119.62890625,10.7421875,-8.7890625,0,4697,6,Shawn
21.97265625,123.53515625,17.08984375,32.71484375,0,4698,6,Shawn
-9.27734375,120.60546875,33.69140625,61.03515625,0,4699,6,Shawn
-2.9296875,115.234375,30.76171875,26.3671875,0,4700,6,Shawn
29.78515625,124.0234375,11.23046875,-4.39453125,0,4701,6,Shawn
27.34375,122.0703125,6.8359375,18.5546875,0,4702,6,Shawn
-1.953125,116.69921875,15.13671875,71.2890625,0,4703,6,Shawn
4.8828125,124.51171875,20.5078125,58.59375,0,4704,6,Shawn
35.64453125,125.48828125,17.578125,1.46484375,0,4705,6,Shawn
40.0390625,122.55859375,23.4375,7.8125,0,4706,6,Shawn
7.32421875,117.67578125,23.4375,52.734375,0,4707,6,Shawn
-7.8125,116.69921875,16.6015625,55.17578125,0,4708,6,Shawn
21.97265625,123.046875,24.90234375,12.20703125,0,4709,6,Shawn
38.0859375,121.09375,31.73828125,1.953125,0,4710,6,Shawn
15.625,122.0703125,29.296875,41.9921875,0,4711,6,Shawn
-2.9296875,129.8828125,17.578125,64.453125,0,4712,6,Shawn
18.5546875,132.8125,6.34765625,25.390625,0,4713,6,Shawn
39.0625,134.765625,5.37109375,-15.625,0,4714,6,Shawn
20.01953125,140.625,14.16015625,16.11328125,0,4715,6,Shawn
-11.71875,137.20703125,18.5546875,62.01171875,0,4716,6,Shawn
2.44140625,132.32421875,24.4140625,41.015625,0,4717,6,Shawn
41.9921875,127.9296875,23.4375,-3.41796875,0,4718,6,Shawn
36.62109375,123.53515625,14.16015625,0.0,0,4719,6,Shawn
1.953125,124.51171875,17.578125,53.7109375,0,4720,6,Shawn
2.44140625,122.55859375,22.4609375,57.12890625,0,4721,6,Shawn
33.203125,121.58203125,13.18359375,1.953125,0,4722,6,Shawn
40.52734375,125.48828125,14.6484375,-5.37109375,0,4723,6,Shawn
9.765625,129.8828125,23.92578125,46.38671875,0,4724,6,Shawn
-17.08984375,130.859375,23.92578125,61.03515625,0,4725,6,Shawn
1.953125,134.27734375,19.04296875,16.11328125,0,4726,6,Shawn
19.53125,134.765625,3.90625,-7.8125,0,4727,6,Shawn
3.90625,141.6015625,-1.953125,35.15625,0,4728,6,Shawn
-19.53125,154.78515625,12.20703125,67.87109375,0,4729,6,Shawn
0.48828125,164.0625,27.83203125,28.80859375,0,4730,6,Shawn
35.64453125,163.57421875,24.90234375,4.8828125,0,4731,6,Shawn
26.85546875,160.15625,20.5078125,35.15625,0,4732,6,Shawn
2.44140625,159.66796875,29.296875,75.68359375,0,4733,6,Shawn
-6.8359375,151.85546875,23.92578125,33.203125,0,4734,6,Shawn
12.20703125,156.25,20.5078125,-22.94921875,0,4735,6,Shawn
28.3203125,166.015625,28.80859375,2.44140625,0,4736,6,Shawn
1.46484375,164.0625,23.4375,54.19921875,0,4737,6,Shawn
-14.16015625,157.2265625,17.08984375,53.7109375,0,4738,6,Shawn
16.11328125,148.92578125,20.5078125,-0.9765625,0,4739,6,Shawn
31.25,145.5078125,28.80859375,-7.32421875,0,4740,6,Shawn
5.859375,157.2265625,31.25,45.8984375,0,4741,6,Shawn
-9.27734375,159.66796875,18.06640625,70.3125,0,4742,6,Shawn
16.11328125,155.2734375,2.9296875,30.2734375,0,4743,6,Shawn
46.875,158.203125,9.27734375,1.46484375,0,4744,6,Shawn
29.296875,153.3203125,17.08984375,36.62109375,0,4745,6,Shawn
6.8359375,151.85546875,15.625,83.49609375,0,4746,6,Shawn
14.6484375,157.2265625,21.97265625,48.828125,0,4747,6,Shawn
27.34375,153.3203125,18.5546875,-1.46484375,0,4748,6,Shawn
13.671875,152.34375,9.27734375,14.16015625,0,4749,6,Shawn
-15.625,154.296875,12.6953125,55.17578125,0,4750,6,Shawn
-11.71875,153.3203125,33.203125,51.26953125,0,4751,6,Shawn
22.4609375,147.4609375,46.875,0.0,0,4752,6,Shawn
29.296875,146.97265625,38.57421875,4.8828125,0,4753,6,Shawn
2.44140625,153.3203125,26.85546875,50.78125,0,4754,6,Shawn
-0.9765625,153.3203125,21.484375,59.08203125,0,4755,6,Shawn
31.25,145.5078125,23.4375,23.92578125,0,4756,6,Shawn
40.0390625,136.23046875,24.90234375,7.32421875,0,4757,6,Shawn
7.8125,138.671875,23.4375,47.36328125,0,4758,6,Shawn
-11.23046875,134.765625,27.34375,71.2890625,0,4759,6,Shawn
19.53125,123.046875,35.64453125,34.66796875,0,4760,6,Shawn
42.96875,129.39453125,32.2265625,-4.39453125,0,4761,6,Shawn
30.2734375,138.18359375,24.4140625,31.25,0,4762,6,Shawn
15.625,138.671875,17.578125,91.796875,0,4763,6,Shawn
22.4609375,145.5078125,7.8125,61.03515625,0,4764,6,Shawn
45.41015625,137.6953125,18.06640625,-0.9765625,0,4765,6,Shawn
38.0859375,121.58203125,26.85546875,12.6953125,0,4766,6,Shawn
8.7890625,123.53515625,24.90234375,57.6171875,0,4767,6,Shawn
0.9765625,127.44140625,29.78515625,48.33984375,0,4768,6,Shawn
32.71484375,129.8828125,30.76171875,8.7890625,0,4769,6,Shawn
54.6875,133.30078125,12.6953125,14.6484375,0,4770,6,Shawn
30.2734375,129.8828125,0.9765625,69.82421875,0,4771,6,Shawn
8.30078125,114.2578125,10.25390625,74.70703125,0,4772,6,Shawn
15.13671875,110.3515625,21.97265625,8.7890625,0,4773,6,Shawn
36.1328125,118.1640625,19.04296875,-9.765625,0,4774,6,Shawn
21.484375,117.67578125,17.08984375,38.57421875,0,4775,6,Shawn
-1.953125,110.3515625,25.87890625,74.21875,0,4776,6,Shawn
6.34765625,104.4921875,27.83203125,33.69140625,0,4777,6,Shawn
20.01953125,109.86328125,30.2734375,-11.71875,0,4778,6,Shawn
22.4609375,123.53515625,30.76171875,22.4609375,0,4779,6,Shawn
6.34765625,125.48828125,34.1796875,72.265625,0,4780,6,Shawn
5.859375,112.79296875,32.2265625,51.7578125,0,4781,6,Shawn
36.1328125,105.95703125,24.4140625,3.90625,0,4782,6,Shawn
36.62109375,108.3984375,20.01953125,17.578125,0,4783,6,Shawn
-5.859375,106.93359375,19.04296875,65.91796875,0,4784,6,Shawn
-20.01953125,106.93359375,19.04296875,55.17578125,0,4785,6,Shawn
18.5546875,104.98046875,12.20703125,12.6953125,0,4786,6,Shawn
39.55078125,109.86328125,12.20703125,9.27734375,0,4787,6,Shawn
17.08984375,121.09375,18.06640625,58.59375,0,4788,6,Shawn
2.44140625,125.0,6.34765625,80.56640625,0,4789,6,Shawn
22.4609375,121.58203125,0.48828125,27.83203125,0,4790,6,Shawn
33.203125,114.2578125,5.859375,-2.9296875,0,4791,6,Shawn
4.8828125,111.328125,29.78515625,28.3203125,0,4792,6,Shawn
-7.8125,108.3984375,47.8515625,69.3359375,0,4793,6,Shawn
16.11328125,99.609375,37.109375,43.45703125,0,4794,6,Shawn
45.8984375,95.21484375,24.90234375,-5.37109375,0,4795,6,Shawn
33.69140625,106.93359375,16.6015625,8.30078125,0,4796,6,Shawn
-1.46484375,109.375,14.6484375,55.17578125,0,4797,6,Shawn
-0.48828125,104.4921875,21.484375,41.015625,0,4798,6,Shawn
35.15625,118.65234375,20.99609375,-4.8828125,0,4799,6,Shawn
41.9921875,122.55859375,21.484375,8.30078125,0,4800,6,Shawn
16.11328125,111.81640625,26.3671875,63.4765625,0,4801,6,Shawn
19.53125,115.72265625,27.34375,71.77734375,0,4802,6,Shawn
36.1328125,115.72265625,19.53125,15.625,0,4803,6,Shawn
41.50390625,112.3046875,12.20703125,-0.9765625,0,4804,6,Shawn
21.97265625,109.86328125,15.13671875,52.734375,0,4805,6,Shawn
-6.8359375,99.12109375,18.5546875,70.80078125,0,4806,6,Shawn
7.8125,87.40234375,25.390625,24.4140625,0,4807,6,Shawn
51.7578125,106.4453125,35.15625,18.06640625,0,4808,6,Shawn
31.25,125.48828125,30.2734375,45.8984375,0,4809,6,Shawn
-23.4375,119.140625,19.53125,44.921875,0,4810,6,Shawn
-16.6015625,111.81640625,19.53125,6.8359375,0,4811,6,Shawn
8.7890625,109.86328125,15.625,-33.69140625,0,4812,6,Shawn
-1.953125,114.74609375,17.08984375,-19.53125,0,4813,6,Shawn
-36.62109375,116.2109375,23.92578125,26.3671875,0,4814,6,Shawn
-36.62109375,107.421875,19.53125,13.18359375,0,4815,6,Shawn
1.953125,100.5859375,6.8359375,-29.296875,0,4816,6,Shawn
6.8359375,100.09765625,-12.20703125,-27.34375,0,4817,6,Shawn
-20.99609375,107.421875,-20.5078125,9.27734375,0,4818,6,Shawn
-11.23046875,111.81640625,-29.296875,29.296875,0,4819,6,Shawn
22.4609375,99.609375,-5.859375,-4.39453125,0,4820,6,Shawn
31.25,91.796875,39.0625,-22.94921875,0,4821,6,Shawn
6.34765625,96.19140625,53.7109375,18.5546875,0,4822,6,Shawn
-13.671875,101.5625,45.8984375,48.33984375,0,4823,6,Shawn
5.37109375,105.46875,40.0390625,21.484375,0,4824,6,Shawn
28.3203125,108.88671875,38.57421875,-1.953125,0,4825,6,Shawn
6.8359375,103.02734375,25.87890625,31.25,0,4826,6,Shawn
-22.94921875,94.23828125,19.53125,65.91796875,0,4827,6,Shawn
-2.44140625,90.33203125,15.13671875,46.875,0,4828,6,Shawn
23.92578125,93.75,3.90625,2.9296875,0,4829,6,Shawn
24.90234375,104.98046875,0.48828125,1.953125,0,4830,6,Shawn
3.90625,114.2578125,10.7421875,55.17578125,0,4831,6,Shawn
-4.8828125,100.5859375,27.83203125,59.5703125,0,4832,6,Shawn
14.6484375,83.984375,42.96875,0.48828125,0,4833,6,Shawn
26.85546875,84.9609375,31.73828125,3.41796875,0,4834,6,Shawn
10.25390625,86.42578125,19.04296875,61.03515625,0,4835,6,Shawn
-0.48828125,87.40234375,25.87890625,69.82421875,0,4836,6,Shawn
17.08984375,83.984375,19.04296875,15.13671875,0,4837,6,Shawn
39.55078125,87.890625,4.39453125,-6.8359375,0,4838,6,Shawn
34.1796875,89.35546875,4.8828125,45.41015625,0,4839,6,Shawn
9.27734375,79.58984375,6.8359375,82.03125,0,4840,6,Shawn
19.04296875,75.68359375,8.7890625,39.55078125,0,4841,6,Shawn
47.36328125,79.1015625,24.4140625,1.46484375,0,4842,6,Shawn
35.15625,74.70703125,36.1328125,26.3671875,0,4843,6,Shawn
12.20703125,81.0546875,39.0625,69.3359375,0,4844,6,Shawn
18.06640625,91.796875,36.62109375,50.29296875,0,4845,6,Shawn
29.78515625,91.30859375,33.203125,-2.9296875,0,4846,6,Shawn
29.296875,88.37890625,36.1328125,18.5546875,0,4847,6,Shawn
11.71875,80.078125,34.1796875,81.54296875,0,4848,6,Shawn
11.23046875,72.265625,11.23046875,78.61328125,0,4849,6,Shawn
38.0859375,79.58984375,-13.671875,23.92578125,0,4850,6,Shawn
32.71484375,82.03125,-12.20703125,15.13671875,0,4851,6,Shawn
-2.44140625,78.61328125,15.13671875,57.12890625,0,4852,6,Shawn
-16.11328125,79.58984375,36.62109375,69.82421875,0,4853,6,Shawn
-0.9765625,75.68359375,37.59765625,16.11328125,0,4854,6,Shawn
22.4609375,75.1953125,40.52734375,-12.6953125,0,4855,6,Shawn
15.13671875,78.61328125,40.52734375,38.0859375,0,4856,6,Shawn
-6.8359375,83.49609375,31.25,70.3125,0,4857,6,Shawn
14.16015625,81.0546875,20.5078125,37.59765625,0,4858,6,Shawn
52.24609375,74.21875,25.390625,14.16015625,0,4859,6,Shawn
38.0859375,74.21875,40.52734375,41.9921875,0,4860,6,Shawn
-2.9296875,77.1484375,32.2265625,76.66015625,0,4861,6,Shawn
-3.90625,78.125,17.08984375,54.6875,0,4862,6,Shawn
32.2265625,67.3828125,9.27734375,12.6953125,0,4863,6,Shawn
39.55078125,68.359375,-6.8359375,17.08984375,0,4864,6,Shawn
12.20703125,84.9609375,-4.8828125,60.05859375,0,4865,6,Shawn
-0.9765625,85.9375,24.4140625,58.10546875,0,4866,6,Shawn
28.80859375,85.9375,48.33984375,17.08984375,0,4867,6,Shawn
51.7578125,81.54296875,49.8046875,6.34765625,0,4868,6,Shawn
24.90234375,67.87109375,42.48046875,50.29296875,0,4869,6,Shawn
3.90625,75.68359375,29.296875,79.1015625,0,4870,6,Shawn
24.4140625,80.56640625,22.4609375,39.0625,0,4871,6,Shawn
53.7109375,85.9375,17.578125,7.8125,0,4872,6,Shawn
40.52734375,94.7265625,5.859375,44.43359375,0,4873,6,Shawn
-3.90625,82.03125,17.578125,82.51953125,0,4874,6,Shawn
-9.27734375,63.96484375,35.15625,36.1328125,0,4875,6,Shawn
27.34375,65.4296875,34.1796875,-15.13671875,0,4876,6,Shawn
28.3203125,72.75390625,34.1796875,16.11328125,0,4877,6,Shawn
-0.48828125,78.125,25.87890625,64.94140625,0,4878,6,Shawn
6.8359375,81.0546875,20.5078125,60.05859375,0,4879,6,Shawn
37.109375,73.2421875,14.6484375,-1.953125,0,4880,6,Shawn
39.55078125,74.70703125,0.9765625,-9.765625,0,4881,6,Shawn
14.16015625,84.9609375,18.5546875,59.5703125,0,4882,6,Shawn
2.9296875,87.890625,41.9921875,77.63671875,0,4883,6,Shawn
23.92578125,78.125,42.96875,30.76171875,0,4884,6,Shawn
52.24609375,72.75390625,33.203125,7.8125,0,4885,6,Shawn
29.296875,68.359375,19.04296875,44.43359375,0,4886,6,Shawn
0.9765625,73.2421875,17.08984375,75.1953125,0,4887,6,Shawn
20.5078125,78.125,30.2734375,34.66796875,0,4888,6,Shawn
40.0390625,69.3359375,34.66796875,-2.44140625,0,4889,6,Shawn
21.97265625,62.98828125,22.94921875,31.73828125,0,4890,6,Shawn
1.46484375,62.98828125,7.8125,75.68359375,0,4891,6,Shawn
20.5078125,65.4296875,10.7421875,54.6875,0,4892,6,Shawn
48.828125,70.3125,18.5546875,8.30078125,0,4893,6,Shawn
37.109375,68.359375,20.5078125,15.625,0,4894,6,Shawn
12.20703125,67.3828125,29.78515625,65.4296875,0,4895,6,Shawn
3.41796875,69.3359375,37.109375,65.4296875,0,4896,6,Shawn
22.4609375,72.75390625,11.71875,11.23046875,0,4897,6,Shawn
38.0859375,75.68359375,-18.5546875,6.34765625,0,4898,6,Shawn
11.71875,69.82421875,-0.48828125,59.5703125,0,4899,6,Shawn
1.46484375,66.89453125,29.296875,72.265625,0,4900,6,Shawn
23.92578125,62.01171875,31.73828125,17.578125,0,4901,6,Shawn
41.015625,55.6640625,20.99609375,-0.9765625,0,4902,6,Shawn
20.5078125,56.15234375,19.53125,33.203125,0,4903,6,Shawn
-7.32421875,65.4296875,28.3203125,68.84765625,0,4904,6,Shawn
9.765625,68.359375,30.2734375,41.50390625,0,4905,6,Shawn
47.8515625,57.6171875,29.78515625,4.39453125,0,4906,6,Shawn
30.76171875,52.734375,29.78515625,41.50390625,0,4907,6,Shawn
-12.20703125,60.05859375,20.01953125,76.171875,0,4908,6,Shawn
7.32421875,51.26953125,18.06640625,67.87109375,0,4909,6,Shawn
40.0390625,44.921875,15.625,20.5078125,0,4910,6,Shawn
36.62109375,60.546875,1.953125,17.08984375,0,4911,6,Shawn
20.01953125,77.1484375,-0.9765625,74.21875,0,4912,6,Shawn
22.4609375,69.82421875,13.671875,92.7734375,0,4913,6,Shawn
43.9453125,59.08203125,24.90234375,32.2265625,0,4914,6,Shawn
43.45703125,68.359375,35.64453125,-18.06640625,0,4915,6,Shawn
11.23046875,73.2421875,43.45703125,18.06640625,0,4916,6,Shawn
1.953125,72.265625,42.48046875,65.91796875,0,4917,6,Shawn
25.390625,61.5234375,41.015625,30.2734375,0,4918,6,Shawn
37.109375,53.7109375,35.15625,-6.8359375,0,4919,6,Shawn
27.34375,62.01171875,32.2265625,34.1796875,0,4920,6,Shawn
13.671875,64.453125,29.296875,82.51953125,0,4921,6,Shawn
21.484375,58.10546875,20.99609375,59.5703125,0,4922,6,Shawn
47.36328125,62.5,18.5546875,15.625,0,4923,6,Shawn
43.9453125,59.5703125,17.578125,34.66796875,0,4924,6,Shawn
22.94921875,51.7578125,6.34765625,93.75,0,4925,6,Shawn
20.01953125,58.59375,-4.8828125,79.1015625,0,4926,6,Shawn
42.96875,57.6171875,0.9765625,18.5546875,0,4927,6,Shawn
52.734375,45.41015625,17.578125,17.08984375,0,4928,6,Shawn
24.90234375,44.921875,39.0625,63.96484375,0,4929,6,Shawn
12.20703125,63.96484375,38.57421875,75.1953125,0,4930,6,Shawn
37.109375,66.40625,38.0859375,26.85546875,0,4931,6,Shawn
53.22265625,50.78125,36.1328125,10.7421875,0,4932,6,Shawn
35.64453125,54.6875,23.92578125,53.7109375,0,4933,6,Shawn
13.671875,62.01171875,22.94921875,76.171875,0,4934,6,Shawn
30.76171875,62.01171875,13.671875,41.015625,0,4935,6,Shawn
58.10546875,58.10546875,10.25390625,15.13671875,0,4936,6,Shawn
40.52734375,58.59375,10.25390625,44.921875,0,4937,6,Shawn
11.23046875,66.40625,15.13671875,82.03125,0,4938,6,Shawn
18.06640625,60.546875,28.3203125,62.01171875,0,4939,6,Shawn
59.08203125,60.546875,18.5546875,22.4609375,0,4940,6,Shawn
69.3359375,59.08203125,20.01953125,36.1328125,0,4941,6,Shawn
33.69140625,54.6875,23.92578125,79.58984375,0,4942,6,Shawn
18.5546875,60.05859375,23.92578125,74.70703125,0,4943,6,Shawn
40.0390625,57.12890625,29.296875,30.2734375,0,4944,6,Shawn
48.828125,49.8046875,19.53125,26.3671875,0,4945,6,Shawn
21.484375,50.78125,20.99609375,70.80078125,0,4946,6,Shawn
10.7421875,57.6171875,18.06640625,85.44921875,0,4947,6,Shawn
37.59765625,63.96484375,15.625,37.109375,0,4948,6,Shawn
57.6171875,64.453125,15.625,9.27734375,0,4949,6,Shawn
32.71484375,58.59375,12.20703125,41.015625,0,4950,6,Shawn
1.953125,53.7109375,20.99609375,65.4296875,0,4951,6,Shawn
27.34375,50.29296875,22.94921875,32.71484375,0,4952,6,Shawn
57.12890625,57.6171875,18.5546875,-0.48828125,0,4953,6,Shawn
38.0859375,68.84765625,12.20703125,26.3671875,0,4954,6,Shawn
4.39453125,57.12890625,7.8125,74.70703125,0,4955,6,Shawn
-8.30078125,41.9921875,7.8125,53.22265625,0,4956,6,Shawn
10.7421875,47.8515625,16.6015625,2.44140625,0,4957,6,Shawn
20.99609375,53.22265625,31.25,10.7421875,0,4958,6,Shawn
-0.48828125,57.6171875,37.59765625,59.5703125,0,4959,6,Shawn
0.48828125,63.96484375,23.92578125,65.4296875,0,4960,6,Shawn
36.62109375,55.17578125,20.99609375,20.01953125,0,4961,6,Shawn
37.109375,47.8515625,33.203125,-3.41796875,0,4962,6,Shawn
3.41796875,53.22265625,30.76171875,36.62109375,0,4963,6,Shawn
-13.18359375,52.24609375,28.3203125,57.6171875,0,4964,6,Shawn
-2.44140625,49.31640625,31.73828125,7.32421875,0,4965,6,Shawn
23.92578125,53.7109375,25.87890625,-17.578125,0,4966,6,Shawn
16.11328125,60.546875,21.484375,25.87890625,0,4967,6,Shawn
-13.18359375,58.10546875,17.08984375,62.5,0,4968,6,Shawn
1.953125,52.24609375,15.625,30.76171875,0,4969,6,Shawn
40.0390625,61.5234375,11.71875,-2.9296875,0,4970,6,Shawn
48.828125,66.89453125,6.34765625,30.2734375,0,4971,6,Shawn
23.92578125,62.01171875,5.37109375,82.51953125,0,4972,6,Shawn
9.765625,54.6875,7.8125,60.546875,0,4973,6,Shawn
39.0625,52.734375,22.94921875,11.23046875,0,4974,6,Shawn
51.7578125,52.734375,27.34375,23.92578125,0,4975,6,Shawn
7.8125,51.7578125,24.4140625,54.6875,0,4976,6,Shawn
-13.18359375,57.12890625,30.2734375,56.640625,0,4977,6,Shawn
16.6015625,59.5703125,34.1796875,22.94921875,0,4978,6,Shawn
36.1328125,66.89453125,29.296875,10.25390625,0,4979,6,Shawn
16.6015625,68.359375,20.5078125,56.15234375,0,4980,6,Shawn
2.9296875,62.5,4.8828125,78.125,0,4981,6,Shawn
26.85546875,61.5234375,0.9765625,40.52734375,0,4982,6,Shawn
42.96875,64.94140625,6.8359375,3.41796875,0,4983,6,Shawn
22.4609375,61.03515625,27.34375,25.87890625,0,4984,6,Shawn
-5.37109375,54.19921875,40.52734375,63.96484375,0,4985,6,Shawn
3.90625,51.7578125,36.1328125,38.0859375,0,4986,6,Shawn
37.109375,55.6640625,35.15625,-5.859375,0,4987,6,Shawn
30.76171875,59.5703125,26.3671875,14.6484375,0,4988,6,Shawn
-4.39453125,62.5,17.578125,67.3828125,0,4989,6,Shawn
-7.8125,59.5703125,22.94921875,52.734375,0,4990,6,Shawn
24.90234375,57.6171875,30.2734375,-2.9296875,0,4991,6,Shawn
36.1328125,67.87109375,31.25,0.48828125,0,4992,6,Shawn
14.16015625,70.80078125,14.6484375,61.5234375,0,4993,6,Shawn
6.34765625,57.6171875,-2.44140625,80.56640625,0,4994,6,Shawn
20.01953125,48.828125,14.16015625,28.3203125,0,4995,6,Shawn
34.1796875,58.10546875,30.76171875,-2.9296875,0,4996,6,Shawn
14.6484375,56.15234375,19.53125,38.57421875,0,4997,6,Shawn
-12.6953125,48.828125,22.94921875,79.58984375,0,4998,6,Shawn
4.39453125,46.38671875,31.73828125,33.69140625,0,4999,6,Shawn
30.2734375,49.8046875,20.5078125,6.8359375,0,5000,6,Shawn
16.11328125,57.12890625,15.13671875,60.546875,0,5001,6,Shawn
-13.18359375,56.640625,21.484375,79.1015625,0,5002,6,Shawn
0.9765625,54.6875,31.73828125,47.8515625,0,5003,6,Shawn
37.59765625,64.94140625,35.64453125,-7.8125,0,5004,6,Shawn
34.66796875,72.75390625,22.94921875,-9.27734375,0,5005,6,Shawn
-0.9765625,72.75390625,16.6015625,40.52734375,0,5006,6,Shawn
-9.27734375,63.96484375,22.94921875,34.1796875,0,5007,6,Shawn
20.5078125,57.12890625,27.34375,-21.484375,0,5008,6,Shawn
33.203125,58.10546875,32.2265625,-25.87890625,0,5009,6,Shawn
5.37109375,63.4765625,34.1796875,21.97265625,0,5010,6,Shawn
-16.11328125,70.80078125,28.3203125,36.62109375,0,5011,6,Shawn
2.9296875,70.3125,19.04296875,-6.8359375,0,5012,6,Shawn
24.90234375,66.89453125,20.01953125,-25.87890625,0,5013,6,Shawn
9.27734375,63.4765625,23.92578125,15.625,0,5014,6,Shawn
-18.5546875,63.4765625,20.5078125,46.875,0,5015,6,Shawn
-10.7421875,72.265625,15.625,7.8125,0,5016,6,Shawn
29.296875,78.61328125,5.859375,-17.08984375,0,5017,6,Shawn
39.0625,78.125,12.6953125,36.62109375,0,5018,6,Shawn
-21.484375,70.3125,26.85546875,57.12890625,0,5019,6,Shawn
-48.33984375,59.5703125,36.1328125,9.765625,0,5020,6,Shawn
-13.18359375,54.19921875,49.31640625,-34.1796875,0,5021,6,Shawn
-15.625,48.828125,39.55078125,-29.78515625,0,5022,6,Shawn
-30.2734375,57.6171875,15.13671875,40.0390625,0,5023,6,Shawn
-63.4765625,51.7578125,6.34765625,26.85546875,0,5024,6,Shawn
-43.45703125,29.296875,25.390625,-31.73828125,0,5025,6,Shawn
-15.625,29.296875,36.62109375,-55.17578125,0,5026,6,Shawn
-37.59765625,42.96875,6.34765625,-13.18359375,0,5027,6,Shawn
-61.5234375,41.015625,24.90234375,17.578125,0,5028,6,Shawn
-48.828125,16.6015625,73.2421875,-38.0859375,0,5029,6,Shawn
-10.25390625,9.765625,86.42578125,-52.24609375,0,5030,6,Shawn
-29.296875,19.53125,74.21875,-19.04296875,0,5031,6,Shawn
-45.8984375,22.4609375,63.96484375,24.4140625,0,5032,6,Shawn
-20.99609375,22.94921875,59.5703125,18.5546875,0,5033,6,Shawn
31.73828125,27.34375,54.19921875,-5.859375,0,5034,6,Shawn
38.0859375,31.25,46.38671875,22.94921875,0,5035,6,Shawn
6.34765625,32.71484375,35.64453125,72.265625,0,5036,6,Shawn
9.27734375,33.203125,41.015625,62.01171875,0,5037,6,Shawn
34.66796875,36.1328125,37.109375,17.578125,0,5038,6,Shawn
31.73828125,27.34375,20.99609375,21.97265625,0,5039,6,Shawn
-0.48828125,15.625,17.08984375,74.21875,0,5040,6,Shawn
-2.9296875,17.578125,2.44140625,81.54296875,0,5041,6,Shawn
28.3203125,21.97265625,1.46484375,37.59765625,0,5042,6,Shawn
45.41015625,31.73828125,23.92578125,26.3671875,0,5043,6,Shawn
26.85546875,33.69140625,33.203125,67.87109375,0,5044,6,Shawn
15.625,25.87890625,41.9921875,94.23828125,0,5045,6,Shawn
36.1328125,26.3671875,44.43359375,51.26953125,0,5046,6,Shawn
53.22265625,31.73828125,39.55078125,19.53125,0,5047,6,Shawn
45.41015625,37.59765625,24.4140625,46.875,0,5048,6,Shawn
24.4140625,38.57421875,4.39453125,77.1484375,0,5049,6,Shawn
24.90234375,33.69140625,4.8828125,50.29296875,0,5050,6,Shawn
58.10546875,33.69140625,28.3203125,14.16015625,0,5051,6,Shawn
65.91796875,40.52734375,41.50390625,40.52734375,0,5052,6,Shawn
33.203125,35.64453125,26.3671875,84.47265625,0,5053,6,Shawn
23.92578125,20.99609375,16.6015625,70.80078125,0,5054,6,Shawn
42.96875,18.5546875,20.5078125,26.3671875,0,5055,6,Shawn
47.8515625,23.92578125,20.99609375,28.80859375,0,5056,6,Shawn
24.4140625,26.85546875,17.578125,62.5,0,5057,6,Shawn
6.8359375,26.85546875,13.18359375,66.89453125,0,5058,6,Shawn
35.15625,33.203125,4.39453125,35.64453125,0,5059,6,Shawn
51.7578125,28.3203125,0.9765625,13.18359375,0,5060,6,Shawn
21.97265625,25.87890625,16.11328125,38.57421875,0,5061,6,Shawn
3.90625,37.109375,12.20703125,70.3125,0,5062,6,Shawn
25.87890625,27.34375,14.16015625,46.875,0,5063,6,Shawn
49.8046875,19.04296875,22.4609375,15.625,0,5064,6,Shawn
34.1796875,23.92578125,16.11328125,32.71484375,0,5065,6,Shawn
10.25390625,20.01953125,20.01953125,62.98828125,0,5066,6,Shawn
20.99609375,16.6015625,24.90234375,47.36328125,0,5067,6,Shawn
52.24609375,20.99609375,26.85546875,20.5078125,0,5068,6,Shawn
59.5703125,23.92578125,20.99609375,36.62109375,0,5069,6,Shawn
34.66796875,31.73828125,4.39453125,73.2421875,0,5070,6,Shawn
37.109375,37.109375,-8.30078125,76.171875,0,5071,6,Shawn
79.58984375,27.83203125,7.32421875,52.24609375,0,5072,6,Shawn
109.86328125,25.87890625,26.85546875,68.84765625,0,5073,6,Shawn
68.84765625,21.484375,42.48046875,94.23828125,0,5074,6,Shawn
16.11328125,11.71875,44.921875,75.1953125,0,5075,6,Shawn
31.73828125,13.18359375,34.66796875,31.25,0,5076,6,Shawn
68.359375,18.5546875,23.4375,30.2734375,0,5077,6,Shawn
70.3125,18.5546875,20.01953125,81.0546875,0,5078,6,Shawn
42.48046875,14.6484375,23.4375,98.6328125,0,5079,6,Shawn
48.828125,13.18359375,25.87890625,74.21875,0,5080,6,Shawn
72.265625,16.11328125,26.85546875,46.38671875,0,5081,6,Shawn
56.15234375,15.625,19.04296875,50.29296875,0,5082,6,Shawn
37.109375,10.7421875,22.4609375,84.9609375,0,5083,6,Shawn
44.43359375,11.23046875,27.34375,74.21875,0,5084,6,Shawn
65.91796875,17.08984375,23.4375,42.96875,0,5085,6,Shawn
73.2421875,15.13671875,21.484375,57.12890625,0,5086,6,Shawn
46.875,10.25390625,12.6953125,89.84375,0,5087,6,Shawn
34.66796875,11.71875,5.37109375,79.58984375,0,5088,6,Shawn
62.5,13.671875,9.765625,44.43359375,0,5089,6,Shawn
76.171875,12.6953125,19.53125,42.96875,0,5090,6,Shawn
52.24609375,16.6015625,22.4609375,81.0546875,0,5091,6,Shawn
34.66796875,20.5078125,20.5078125,91.796875,0,5092,6,Shawn
54.6875,19.53125,27.83203125,57.12890625,0,5093,6,Shawn
79.58984375,17.08984375,39.55078125,46.875,0,5094,6,Shawn
57.12890625,12.6953125,42.48046875,67.3828125,0,5095,6,Shawn
29.296875,21.484375,29.78515625,89.84375,0,5096,6,Shawn
41.015625,24.90234375,18.5546875,71.2890625,0,5097,6,Shawn
69.82421875,15.13671875,20.99609375,43.45703125,0,5098,6,Shawn
74.21875,19.53125,28.80859375,63.96484375,0,5099,6,Shawn
0.0,25.87890625,30.2734375,0.0,0,5100,6,Shawn
0.0,22.94921875,20.5078125,0.0,0,5101,6,Shawn
0.0,19.04296875,13.671875,0.0,0,5102,6,Shawn
0.0,22.4609375,15.625,0.0,0,5103,6,Shawn
0.0,23.92578125,7.8125,0.0,0,5104,6,Shawn
0.0,22.94921875,12.20703125,0.0,0,5105,6,Shawn
0.0,19.04296875,32.71484375,0.0,0,5106,6,Shawn
0.0,17.08984375,33.203125,0.0,0,5107,6,Shawn
0.0,20.99609375,21.97265625,0.0,0,5108,6,Shawn
0.0,18.5546875,12.6953125,0.0,0,5109,6,Shawn
0.0,16.6015625,18.5546875,0.0,0,5110,6,Shawn
0.0,24.4140625,18.06640625,0.0,0,5111,6,Shawn
48.33984375,37.109375,16.6015625,59.08203125,0,5112,6,Shawn
18.5546875,35.64453125,24.90234375,82.03125,0,5113,6,Shawn
12.6953125,32.71484375,24.90234375,58.59375,0,5114,6,Shawn
25.87890625,34.1796875,19.53125,14.6484375,0,5115,6,Shawn
27.83203125,33.203125,15.13671875,25.390625,0,5116,6,Shawn
-0.48828125,34.66796875,23.92578125,57.6171875,0,5117,6,Shawn
-5.37109375,31.73828125,25.87890625,48.33984375,0,5118,6,Shawn
24.4140625,31.25,19.53125,18.5546875,0,5119,6,Shawn
34.66796875,31.25,25.390625,19.04296875,0,5120,6,Shawn
11.23046875,35.15625,26.85546875,50.78125,0,5121,6,Shawn
2.44140625,42.96875,27.34375,53.22265625,0,5122,6,Shawn
32.71484375,48.828125,22.4609375,18.06640625,0,5123,6,Shawn
48.828125,48.33984375,18.5546875,5.859375,0,5124,6,Shawn
24.4140625,44.43359375,29.296875,36.1328125,0,5125,6,Shawn
3.41796875,48.33984375,26.3671875,55.6640625,0,5126,6,Shawn
11.71875,50.29296875,14.6484375,27.34375,0,5127,6,Shawn
35.15625,45.8984375,14.16015625,8.30078125,0,5128,6,Shawn
30.76171875,42.96875,19.04296875,31.25,0,5129,6,Shawn
0.9765625,46.875,9.765625,57.6171875,0,5130,6,Shawn
3.90625,50.78125,8.7890625,41.015625,0,5131,6,Shawn
26.85546875,49.8046875,19.53125,6.8359375,0,5132,6,Shawn
49.31640625,31.73828125,16.6015625,33.203125,0,5133,6,Shawn
32.2265625,32.2265625,2.44140625,75.1953125,0,5134,6,Shawn
-11.71875,49.8046875,1.46484375,38.57421875,0,5135,6,Shawn
4.39453125,50.78125,15.625,-13.671875,0,5136,6,Shawn
28.80859375,46.875,20.5078125,-8.30078125,0,5137,6,Shawn
12.6953125,53.7109375,17.08984375,30.2734375,0,5138,6,Shawn
-4.8828125,64.453125,15.13671875,47.36328125,0,5139,6,Shawn
10.25390625,68.84765625,16.11328125,19.53125,0,5140,6,Shawn
31.25,74.21875,8.7890625,1.953125,0,5141,6,Shawn
9.765625,74.21875,3.41796875,18.5546875,0,5142,6,Shawn
-10.25390625,71.77734375,7.8125,40.52734375,0,5143,6,Shawn
17.08984375,70.3125,10.25390625,32.71484375,0,5144,6,Shawn
45.41015625,64.453125,0.9765625,3.41796875,0,5145,6,Shawn
26.3671875,67.3828125,-8.30078125,16.11328125,0,5146,6,Shawn
0.9765625,64.453125,-2.9296875,49.8046875,0,5147,6,Shawn
10.25390625,63.4765625,-2.44140625,31.25,0,5148,6,Shawn
34.1796875,71.77734375,-0.9765625,-11.23046875,0,5149,6,Shawn
46.875,70.3125,-1.46484375,-10.25390625,0,5150,6,Shawn
25.87890625,66.40625,-6.34765625,35.15625,0,5151,6,Shawn
14.6484375,70.80078125,-0.48828125,46.875,0,5152,6,Shawn
41.9921875,70.80078125,6.34765625,15.625,0,5153,6,Shawn
57.12890625,66.89453125,9.765625,6.34765625,0,5154,6,Shawn
35.64453125,65.4296875,5.859375,32.71484375,0,5155,6,Shawn
16.11328125,61.5234375,12.20703125,45.41015625,0,5156,6,Shawn
28.3203125,62.98828125,14.6484375,9.765625,0,5157,6,Shawn
47.8515625,68.359375,18.06640625,2.9296875,0,5158,6,Shawn
33.69140625,70.3125,29.296875,40.52734375,0,5159,6,Shawn
3.41796875,70.80078125,24.4140625,59.08203125,0,5160,6,Shawn
20.01953125,70.80078125,24.90234375,41.9921875,0,5161,6,Shawn
48.33984375,72.265625,20.01953125,14.16015625,0,5162,6,Shawn
39.55078125,72.75390625,8.30078125,26.3671875,0,5163,6,Shawn
12.20703125,71.77734375,7.8125,58.59375,0,5164,6,Shawn
7.32421875,77.1484375,3.90625,51.26953125,0,5165,6,Shawn
24.4140625,81.54296875,-3.90625,26.85546875,0,5166,6,Shawn
26.3671875,74.21875,-2.9296875,20.99609375,0,5167,6,Shawn
3.90625,58.10546875,14.6484375,36.62109375,0,5168,6,Shawn
-3.41796875,66.89453125,14.16015625,44.43359375,0,5169,6,Shawn
22.94921875,73.73046875,5.37109375,20.01953125,0,5170,6,Shawn
34.66796875,69.3359375,16.11328125,7.8125,0,5171,6,Shawn
16.6015625,71.77734375,20.5078125,32.2265625,0,5172,6,Shawn
-0.9765625,73.73046875,13.671875,43.45703125,0,5173,6,Shawn
20.99609375,74.70703125,7.8125,22.94921875,0,5174,6,Shawn
49.8046875,73.73046875,6.34765625,1.953125,0,5175,6,Shawn
34.1796875,72.265625,12.20703125,18.06640625,0,5176,6,Shawn
0.48828125,66.89453125,22.94921875,39.55078125,0,5177,6,Shawn
1.46484375,60.05859375,20.5078125,23.4375,0,5178,6,Shawn
26.3671875,54.6875,21.97265625,-2.9296875,0,5179,6,Shawn
21.97265625,64.453125,24.4140625,0.48828125,0,5180,6,Shawn
9.765625,70.80078125,15.625,34.66796875,0,5181,6,Shawn
20.99609375,56.640625,24.4140625,43.9453125,0,5182,6,Shawn
30.2734375,48.33984375,36.1328125,4.39453125,0,5183,6,Shawn
23.4375,59.5703125,30.76171875,-17.08984375,0,5184,6,Shawn
0.0,65.91796875,26.3671875,9.27734375,0,5185,6,Shawn
-24.90234375,56.640625,29.78515625,25.87890625,0,5186,6,Shawn
-17.578125,46.875,33.69140625,-8.30078125,0,5187,6,Shawn
2.9296875,46.875,32.71484375,-36.62109375,0,5188,6,Shawn
-14.6484375,42.96875,36.1328125,3.41796875,0,5189,6,Shawn
-42.96875,35.15625,47.8515625,28.80859375,0,5190,6,Shawn
-27.83203125,32.71484375,53.7109375,0.0,0,5191,6,Shawn
-4.8828125,29.296875,46.875,-18.06640625,0,5192,6,Shawn
-7.8125,26.3671875,41.015625,6.34765625,0,5193,6,Shawn
-25.390625,25.390625,30.2734375,41.9921875,0,5194,6,Shawn
-26.85546875,20.5078125,18.06640625,31.73828125,0,5195,6,Shawn
8.30078125,14.6484375,38.0859375,9.765625,0,5196,6,Shawn
9.765625,14.16015625,64.94140625,20.5078125,0,5197,6,Shawn
-35.64453125,17.578125,74.21875,59.5703125,0,5198,6,Shawn
-46.38671875,22.94921875,73.2421875,66.89453125,0,5199,6,Shawn
-12.6953125,24.90234375,68.84765625,41.50390625,0,5200,6,Shawn
10.25390625,23.92578125,61.03515625,51.26953125,0,5201,6,Shawn
-10.7421875,28.80859375,57.12890625,73.2421875,0,5202,6,Shawn
-26.85546875,40.52734375,45.41015625,70.80078125,0,5203,6,Shawn
3.90625,54.6875,34.1796875,58.59375,0,5204,6,Shawn
40.0390625,55.6640625,43.45703125,57.6171875,0,5205,6,Shawn
23.92578125,51.7578125,48.33984375,67.87109375,0,5206,6,Shawn
-2.9296875,58.10546875,41.015625,79.58984375,0,5207,6,Shawn
13.18359375,58.10546875,35.15625,67.3828125,0,5208,6,Shawn
44.43359375,53.7109375,38.57421875,48.33984375,0,5209,6,Shawn
42.96875,52.734375,40.52734375,55.17578125,0,5210,6,Shawn
18.5546875,57.12890625,37.59765625,75.1953125,0,5211,6,Shawn
17.08984375,63.96484375,30.76171875,65.91796875,0,5212,6,Shawn
47.8515625,62.98828125,19.53125,41.9921875,0,5213,6,Shawn
54.6875,68.359375,15.625,32.2265625,0,5214,6,Shawn
23.92578125,79.1015625,22.94921875,53.7109375,0,5215,6,Shawn
12.6953125,76.171875,29.296875,68.84765625,0,5216,6,Shawn
36.1328125,75.1953125,28.80859375,38.0859375,0,5217,6,Shawn
54.19921875,83.984375,25.87890625,29.296875,0,5218,6,Shawn
33.203125,89.84375,31.25,60.546875,0,5219,6,Shawn
10.25390625,90.33203125,32.2265625,74.70703125,0,5220,6,Shawn
25.87890625,81.54296875,27.83203125,53.22265625,0,5221,6,Shawn
44.921875,79.58984375,28.3203125,27.83203125,0,5222,6,Shawn
29.78515625,87.890625,28.3203125,46.875,0,5223,6,Shawn
2.9296875,93.26171875,31.73828125,71.77734375,0,5224,6,Shawn
13.18359375,97.65625,30.76171875,54.19921875,0,5225,6,Shawn
41.9921875,104.4921875,29.296875,37.109375,0,5226,6,Shawn
38.0859375,105.46875,25.87890625,49.31640625,0,5227,6,Shawn
20.01953125,104.4921875,14.6484375,73.2421875,0,5228,6,Shawn
18.5546875,105.95703125,13.671875,63.96484375,0,5229,6,Shawn
35.64453125,104.4921875,21.484375,18.06640625,0,5230,6,Shawn
42.96875,103.02734375,27.34375,15.13671875,0,5231,6,Shawn
15.13671875,109.375,39.55078125,50.29296875,0,5232,6,Shawn
0.0,112.79296875,35.15625,45.41015625,0,5233,6,Shawn
30.76171875,117.1875,16.11328125,14.16015625,0,5234,6,Shawn
54.6875,126.953125,18.06640625,8.30078125,0,5235,6,Shawn
39.0625,130.37109375,27.83203125,32.2265625,0,5236,6,Shawn
20.01953125,127.44140625,29.296875,53.22265625,0,5237,6,Shawn
22.4609375,123.53515625,24.90234375,24.4140625,0,5238,6,Shawn
40.0390625,121.09375,24.90234375,3.90625,0,5239,6,Shawn
29.78515625,122.0703125,32.2265625,18.5546875,0,5240,6,Shawn
-3.41796875,124.0234375,28.3203125,30.2734375,0,5241,6,Shawn
2.44140625,131.34765625,22.4609375,21.484375,0,5242,6,Shawn
34.66796875,136.71875,20.99609375,7.32421875,0,5243,6,Shawn
43.9453125,140.13671875,15.625,25.390625,0,5244,6,Shawn
18.5546875,151.85546875,26.85546875,53.22265625,0,5245,6,Shawn
2.44140625,152.83203125,24.4140625,42.96875,0,5246,6,Shawn
29.78515625,146.484375,10.25390625,20.99609375,0,5247,6,Shawn
43.45703125,147.4609375,16.6015625,23.92578125,0,5248,6,Shawn
18.06640625,142.08984375,29.78515625,41.9921875,0,5249,6,Shawn
-4.8828125,138.671875,35.64453125,42.96875,0,5250,6,Shawn
10.25390625,139.16015625,34.66796875,19.04296875,0,5251,6,Shawn
33.69140625,132.8125,27.83203125,5.37109375,0,5252,6,Shawn
20.01953125,141.6015625,20.5078125,18.06640625,0,5253,6,Shawn
-7.32421875,153.3203125,18.5546875,42.48046875,0,5254,6,Shawn
4.8828125,156.25,18.5546875,34.1796875,0,5255,6,Shawn
38.0859375,160.15625,14.6484375,16.11328125,0,5256,6,Shawn
38.57421875,162.109375,13.18359375,33.203125,0,5257,6,Shawn
10.25390625,160.64453125,19.04296875,50.78125,0,5258,6,Shawn
0.48828125,156.73828125,20.5078125,35.15625,0,5259,6,Shawn
18.06640625,156.73828125,21.484375,15.13671875,0,5260,6,Shawn
29.78515625,162.59765625,16.11328125,21.97265625,0,5261,6,Shawn
8.30078125,171.38671875,18.5546875,48.828125,0,5262,6,Shawn
4.39453125,169.921875,33.69140625,56.640625,0,5263,6,Shawn
41.015625,187.98828125,35.64453125,36.1328125,0,5264,6,Shawn
43.9453125,210.9375,19.04296875,11.71875,0,5265,6,Shawn
14.16015625,207.03125,11.71875,22.4609375,0,5266,6,Shawn
-17.08984375,207.03125,16.11328125,20.99609375,0,5267,6,Shawn
-17.08984375,210.9375,16.6015625,-17.578125,0,5268,6,Shawn
10.25390625,214.35546875,13.18359375,-27.34375,0,5269,6,Shawn
-0.9765625,221.19140625,7.32421875,-15.625,0,5270,6,Shawn
-32.71484375,227.05078125,4.39453125,-2.44140625,0,5271,6,Shawn
-20.99609375,227.05078125,4.8828125,-10.25390625,0,5272,6,Shawn
12.6953125,227.5390625,-1.46484375,-33.69140625,0,5273,6,Shawn
13.671875,236.81640625,-11.23046875,-19.53125,0,5274,6,Shawn
-7.32421875,240.234375,-16.11328125,-0.48828125,0,5275,6,Shawn
-11.23046875,236.328125,-20.01953125,-17.578125,0,5276,6,Shawn
23.4375,230.46875,-22.4609375,-26.85546875,0,5277,6,Shawn
47.8515625,231.4453125,-17.08984375,-8.7890625,0,5278,6,Shawn
20.01953125,243.1640625,-24.90234375,9.765625,0,5279,6,Shawn
4.8828125,241.2109375,-34.66796875,10.25390625,0,5280,6,Shawn
32.71484375,231.93359375,-31.73828125,-8.30078125,0,5281,6,Shawn
61.5234375,228.02734375,-24.4140625,1.953125,0,5282,6,Shawn
47.8515625,220.21484375,-24.4140625,30.2734375,0,5283,6,Shawn
26.85546875,214.35546875,-27.34375,42.48046875,0,5284,6,Shawn
53.7109375,213.37890625,-15.625,37.59765625,0,5285,6,Shawn
82.03125,200.68359375,-17.08984375,30.2734375,0,5286,6,Shawn
59.5703125,188.4765625,-16.6015625,37.59765625,0,5287,6,Shawn
32.71484375,195.80078125,2.44140625,50.78125,0,5288,6,Shawn
40.0390625,191.89453125,5.37109375,41.015625,0,5289,6,Shawn
63.96484375,181.640625,2.9296875,22.94921875,0,5290,6,Shawn
58.10546875,181.640625,2.9296875,24.90234375,0,5291,6,Shawn
30.2734375,180.17578125,3.90625,43.9453125,0,5292,6,Shawn
18.06640625,179.19921875,0.48828125,40.52734375,0,5293,6,Shawn
45.41015625,180.6640625,-14.6484375,19.53125,0,5294,6,Shawn
59.5703125,181.15234375,-19.04296875,27.83203125,0,5295,6,Shawn
31.25,177.24609375,-6.8359375,48.33984375,0,5296,6,Shawn
17.08984375,165.52734375,-0.9765625,56.15234375,0,5297,6,Shawn
46.38671875,152.83203125,0.48828125,27.34375,0,5298,6,Shawn
73.73046875,153.80859375,2.44140625,15.13671875,0,5299,6,Shawn
52.24609375,164.0625,6.34765625,54.19921875,0,5300,6,Shawn
22.4609375,163.57421875,13.671875,73.73046875,0,5301,6,Shawn
32.2265625,158.69140625,20.5078125,54.19921875,0,5302,6,Shawn
65.91796875,158.69140625,30.2734375,36.1328125,0,5303,6,Shawn
57.6171875,155.76171875,29.78515625,46.38671875,0,5304,6,Shawn
20.99609375,154.296875,33.69140625,62.98828125,0,5305,6,Shawn
22.94921875,156.25,29.296875,50.78125,0,5306,6,Shawn
54.19921875,150.87890625,3.90625,27.83203125,0,5307,6,Shawn
52.24609375,145.01953125,7.8125,32.71484375,0,5308,6,Shawn
16.11328125,142.578125,22.4609375,45.8984375,0,5309,6,Shawn
8.7890625,142.578125,18.06640625,37.109375,0,5310,6,Shawn
33.69140625,139.6484375,16.11328125,12.20703125,0,5311,6,Shawn
50.78125,137.20703125,11.23046875,19.04296875,0,5312,6,Shawn
29.78515625,138.18359375,8.30078125,47.8515625,0,5313,6,Shawn
2.9296875,135.7421875,15.13671875,44.921875,0,5314,6,Shawn
21.97265625,134.765625,5.859375,23.4375,0,5315,6,Shawn
47.8515625,139.16015625,3.90625,20.5078125,0,5316,6,Shawn
22.4609375,134.765625,20.99609375,39.55078125,0,5317,6,Shawn
-9.27734375,121.09375,32.2265625,45.8984375,0,5318,6,Shawn
10.7421875,117.67578125,36.62109375,30.76171875,0,5319,6,Shawn
42.48046875,123.53515625,26.85546875,24.90234375,0,5320,6,Shawn
38.57421875,132.8125,18.06640625,37.59765625,0,5321,6,Shawn
-0.9765625,129.8828125,22.94921875,49.8046875,0,5322,6,Shawn
-2.44140625,129.39453125,32.2265625,44.921875,0,5323,6,Shawn
40.0390625,131.34765625,30.2734375,31.73828125,0,5324,6,Shawn
49.8046875,136.71875,12.20703125,48.33984375,0,5325,6,Shawn
27.34375,134.765625,8.30078125,74.21875,0,5326,6,Shawn
18.06640625,125.0,9.765625,63.96484375,0,5327,6,Shawn
37.109375,118.1640625,10.7421875,33.203125,0,5328,6,Shawn
45.8984375,115.72265625,28.80859375,31.25,0,5329,6,Shawn
23.4375,123.046875,41.015625,58.10546875,0,5330,6,Shawn
4.39453125,123.53515625,26.85546875,61.5234375,0,5331,6,Shawn
31.73828125,121.58203125,11.23046875,39.55078125,0,5332,6,Shawn
68.84765625,121.58203125,13.671875,34.66796875,0,5333,6,Shawn
37.109375,122.55859375,15.13671875,33.69140625,0,5334,6,Shawn
-14.16015625,118.1640625,14.16015625,32.71484375,0,5335,6,Shawn
-3.90625,113.76953125,23.4375,23.4375,0,5336,6,Shawn
39.0625,101.5625,25.87890625,5.37109375,0,5337,6,Shawn
36.62109375,99.609375,18.5546875,14.6484375,0,5338,6,Shawn
1.953125,119.140625,20.5078125,37.109375,0,5339,6,Shawn
1.46484375,125.48828125,29.296875,37.109375,0,5340,6,Shawn
38.0859375,129.39453125,22.4609375,25.87890625,0,5341,6,Shawn
48.33984375,130.859375,10.25390625,31.73828125,0,5342,6,Shawn
19.04296875,123.53515625,13.671875,46.875,0,5343,6,Shawn
1.953125,115.234375,15.625,46.38671875,0,5344,6,Shawn
30.2734375,107.421875,6.8359375,33.69140625,0,5345,6,Shawn
54.6875,111.328125,5.37109375,29.78515625,0,5346,6,Shawn
27.83203125,109.86328125,20.01953125,37.59765625,0,5347,6,Shawn
0.48828125,97.65625,37.59765625,42.96875,0,5348,6,Shawn
13.671875,95.703125,39.0625,21.484375,0,5349,6,Shawn
36.1328125,101.07421875,33.203125,14.16015625,0,5350,6,Shawn
27.83203125,106.4453125,34.1796875,41.015625,0,5351,6,Shawn
0.0,109.86328125,20.99609375,56.640625,0,5352,6,Shawn
0.48828125,101.07421875,12.6953125,40.52734375,0,5353,6,Shawn
40.0390625,97.65625,8.7890625,20.99609375,0,5354,6,Shawn
41.50390625,103.02734375,0.9765625,32.71484375,0,5355,6,Shawn
-2.9296875,103.515625,0.0,53.22265625,0,5356,6,Shawn
-2.44140625,99.609375,7.8125,42.96875,0,5357,6,Shawn
36.62109375,104.98046875,15.625,24.4140625,0,5358,6,Shawn
44.921875,104.98046875,22.4609375,21.97265625,0,5359,6,Shawn
11.23046875,96.6796875,33.203125,31.73828125,0,5360,6,Shawn
-15.13671875,100.5859375,41.9921875,39.0625,0,5361,6,Shawn
8.30078125,107.421875,43.45703125,22.94921875,0,5362,6,Shawn
29.296875,112.3046875,39.0625,11.23046875,0,5363,6,Shawn
